time,temperature,humidity,wind_speed,heat_index_simple
2025-01-01T00:00,6.9,99,4.2,11.850000000000001
2025-01-01T01:00,6.4,100,4.7,11.4
2025-01-01T02:00,6.3,100,5.4,11.3
2025-01-01T03:00,6.7,99,6.0,11.65
2025-01-01T04:00,6.6,99,8.7,11.55
2025-01-01T05:00,6.8,98,8.5,11.7
2025-01-01T06:00,7.8,98,7.1,12.7
2025-01-01T07:00,8.0,98,7.3,12.9
2025-01-01T08:00,8.3,99,9.7,13.25
2025-01-01T09:00,9.5,96,11.0,14.3
2025-01-01T10:00,11.5,87,12.2,15.850000000000001
2025-01-01T11:00,13.6,77,11.9,17.45
2025-01-01T12:00,15.0,72,10.6,18.6
2025-01-01T13:00,16.1,68,9.9,19.5
2025-01-01T14:00,16.8,67,9.5,20.150000000000002
2025-01-01T15:00,16.9,67,9.4,20.25
2025-01-01T16:00,16.3,71,7.2,19.85
2025-01-01T17:00,13.1,85,6.1,17.35
2025-01-01T18:00,10.0,91,5.5,14.55
2025-01-01T19:00,9.2,94,6.7,13.899999999999999
2025-01-01T20:00,8.9,95,6.9,13.65
2025-01-01T21:00,8.6,96,6.8,13.4
2025-01-01T22:00,8.4,96,6.7,13.200000000000001
2025-01-01T23:00,8.1,97,6.6,12.95
2025-01-02T00:00,8.0,97,6.7,12.850000000000001
2025-01-02T01:00,7.7,97,6.6,12.55
2025-01-02T02:00,7.6,98,6.8,12.5
2025-01-02T03:00,7.9,98,9.4,12.8
2025-01-02T04:00,7.9,97,9.2,12.75
2025-01-02T05:00,8.3,97,10.1,13.150000000000002
2025-01-02T06:00,8.6,97,10.3,13.45
2025-01-02T07:00,8.7,96,10.4,13.5
2025-01-02T08:00,9.9,93,12.0,14.55
2025-01-02T09:00,11.5,88,9.4,15.9
2025-01-02T10:00,13.2,81,9.0,17.25
2025-01-02T11:00,15.1,73,8.5,18.75
2025-01-02T12:00,16.7,67,8.4,20.05
2025-01-02T13:00,18.0,64,9.2,21.2
2025-01-02T14:00,18.7,62,10.2,21.8
2025-01-02T15:00,18.8,62,10.6,21.900000000000002
2025-01-02T16:00,17.9,68,7.6,21.299999999999997
2025-01-02T17:00,14.6,82,7.1,18.7
2025-01-02T18:00,11.7,88,6.8,16.1
2025-01-02T19:00,11.0,90,6.5,15.5
2025-01-02T20:00,10.3,93,6.4,14.950000000000001
2025-01-02T21:00,9.6,95,5.5,14.35
2025-01-02T22:00,9.1,97,4.2,13.95
2025-01-02T23:00,8.4,99,4.3,13.350000000000001
2025-01-03T00:00,8.2,99,4.7,13.149999999999999
2025-01-03T01:00,8.0,99,5.5,12.95
2025-01-03T02:00,7.6,99,6.7,12.55
2025-01-03T03:00,7.6,99,6.7,12.55
2025-01-03T04:00,7.3,99,6.3,12.25
2025-01-03T05:00,7.4,99,6.9,12.350000000000001
2025-01-03T06:00,9.0,98,5.0,13.9
2025-01-03T07:00,9.0,97,5.2,13.850000000000001
2025-01-03T08:00,9.4,96,6.3,14.200000000000001
2025-01-03T09:00,10.7,94,6.3,15.399999999999999
2025-01-03T10:00,12.1,92,5.7,16.7
2025-01-03T11:00,14.7,82,4.8,18.8
2025-01-03T12:00,17.1,71,5.6,20.650000000000002
2025-01-03T13:00,18.9,62,6.4,22.0
2025-01-03T14:00,19.7,60,6.7,22.7
2025-01-03T15:00,19.8,61,6.7,22.85
2025-01-03T16:00,18.5,71,4.6,22.05
2025-01-03T17:00,15.2,81,6.8,19.25
2025-01-03T18:00,12.5,87,6.4,16.85
2025-01-03T19:00,11.4,90,6.4,15.9
2025-01-03T20:00,10.6,92,5.8,15.2
2025-01-03T21:00,9.9,93,5.5,14.55
2025-01-03T22:00,9.2,96,5.3,14.0
2025-01-03T23:00,8.5,99,5.2,13.45
2025-01-04T00:00,8.0,100,6.1,13.0
2025-01-04T01:00,7.8,100,6.7,12.8
2025-01-04T02:00,7.7,99,6.6,12.65
2025-01-04T03:00,7.4,98,6.4,12.3
2025-01-04T04:00,7.3,98,5.9,12.2
2025-01-04T05:00,7.4,98,4.7,12.3
2025-01-04T06:00,7.5,97,1.5,12.350000000000001
2025-01-04T07:00,7.7,97,0.6,12.55
2025-01-04T08:00,9.1,92,1.5,13.7
2025-01-04T09:00,10.5,97,1.8,15.350000000000001
2025-01-04T10:00,11.4,95,2.5,16.15
2025-01-04T11:00,13.4,92,3.6,18.0
2025-01-04T12:00,16.5,79,3.9,20.45
2025-01-04T13:00,18.7,68,3.9,22.1
2025-01-04T14:00,19.8,62,3.4,22.900000000000002
2025-01-04T15:00,20.0,63,3.9,23.15
2025-01-04T16:00,18.8,78,3.1,22.700000000000003
2025-01-04T17:00,15.4,83,5.2,19.55
2025-01-04T18:00,11.6,93,6.9,16.25
2025-01-04T19:00,10.9,94,7.0,15.600000000000001
2025-01-04T20:00,10.2,95,7.0,14.95
2025-01-04T21:00,9.7,96,7.1,14.5
2025-01-04T22:00,9.3,96,7.0,14.100000000000001
2025-01-04T23:00,8.7,96,6.9,13.5
2025-01-05T00:00,8.2,96,6.5,13.0
2025-01-05T01:00,7.8,98,5.3,12.7
2025-01-05T02:00,7.4,100,4.4,12.4
2025-01-05T03:00,7.2,100,3.1,12.2
2025-01-05T04:00,7.1,100,3.3,12.1
2025-01-05T05:00,7.6,99,4.4,12.55
2025-01-05T06:00,8.2,99,6.0,13.149999999999999
2025-01-05T07:00,8.1,98,6.4,13.0
2025-01-05T08:00,8.8,99,10.5,13.75
2025-01-05T09:00,10.0,98,9.3,14.9
2025-01-05T10:00,11.7,89,9.7,16.15
2025-01-05T11:00,14.1,81,7.4,18.15
2025-01-05T12:00,16.1,75,6.6,19.85
2025-01-05T13:00,17.6,71,7.2,21.150000000000002
2025-01-05T14:00,18.4,69,7.2,21.849999999999998
2025-01-05T15:00,18.5,70,7.2,22.0
2025-01-05T16:00,17.7,75,7.2,21.45
2025-01-05T17:00,14.6,88,7.2,19.0
2025-01-05T18:00,12.3,92,7.5,16.900000000000002
2025-01-05T19:00,11.5,94,7.3,16.2
2025-01-05T20:00,10.9,94,7.2,15.600000000000001
2025-01-05T21:00,10.4,95,7.2,15.15
2025-01-05T22:00,9.8,95,6.7,14.55
2025-01-05T23:00,9.4,97,5.2,14.25
2025-01-06T00:00,9.2,98,4.3,14.1
2025-01-06T01:00,8.9,99,3.6,13.850000000000001
2025-01-06T02:00,8.2,100,5.2,13.2
2025-01-06T03:00,8.5,100,6.7,13.5
2025-01-06T04:00,8.5,100,4.7,13.5
2025-01-06T05:00,8.4,99,5.2,13.350000000000001
2025-01-06T06:00,9.8,98,2.0,14.700000000000001
2025-01-06T07:00,10.0,98,1.9,14.9
2025-01-06T08:00,10.4,98,13.9,15.3
2025-01-06T09:00,11.7,96,1.7,16.5
2025-01-06T10:00,13.5,90,2.8,18.0
2025-01-06T11:00,15.4,83,0.9,19.55
2025-01-06T12:00,17.0,76,1.3,20.8
2025-01-06T13:00,18.0,70,2.2,21.5
2025-01-06T14:00,18.6,68,5.4,22.0
2025-01-06T15:00,18.6,66,9.4,21.900000000000002
2025-01-06T16:00,17.9,70,8.9,21.4
2025-01-06T17:00,15.4,81,8.2,19.45
2025-01-06T18:00,13.1,89,9.9,17.55
2025-01-06T19:00,12.2,92,7.8,16.8
2025-01-06T20:00,11.7,93,7.9,16.35
2025-01-06T21:00,11.5,94,8.6,16.2
2025-01-06T22:00,11.4,95,10.2,16.15
2025-01-06T23:00,11.4,96,10.9,16.200000000000003
2025-01-07T00:00,11.3,96,11.4,16.1
2025-01-07T01:00,11.0,96,11.8,15.8
2025-01-07T02:00,10.8,97,12.2,15.650000000000002
2025-01-07T03:00,10.6,97,11.5,15.45
2025-01-07T04:00,10.4,97,11.9,15.25
2025-01-07T05:00,10.2,97,12.1,15.05
2025-01-07T06:00,11.3,99,13.9,16.25
2025-01-07T07:00,11.2,99,13.2,16.15
2025-01-07T08:00,11.5,98,12.5,16.4
2025-01-07T09:00,12.1,95,12.9,16.85
2025-01-07T10:00,13.4,89,12.5,17.85
2025-01-07T11:00,14.8,83,13.6,18.950000000000003
2025-01-07T12:00,16.4,75,15.9,20.15
2025-01-07T13:00,18.1,66,16.8,21.400000000000002
2025-01-07T14:00,18.4,64,14.9,21.599999999999998
2025-01-07T15:00,18.1,66,13.5,21.400000000000002
2025-01-07T16:00,17.3,70,12.2,20.8
2025-01-07T17:00,15.2,79,11.0,19.15
2025-01-07T18:00,12.9,89,8.3,17.35
2025-01-07T19:00,12.3,91,8.6,16.85
2025-01-07T20:00,11.8,93,9.7,16.450000000000003
2025-01-07T21:00,11.4,94,10.1,16.1
2025-01-07T22:00,11.0,94,10.1,15.7
2025-01-07T23:00,10.6,94,10.0,15.3
2025-01-08T00:00,10.1,93,10.1,14.75
2025-01-08T01:00,9.6,93,10.2,14.25
2025-01-08T02:00,9.2,92,10.5,13.8
2025-01-08T03:00,8.9,91,11.5,13.45
2025-01-08T04:00,8.8,91,12.4,13.350000000000001
2025-01-08T05:00,8.6,90,12.5,13.1
2025-01-08T06:00,8.7,92,12.0,13.3
2025-01-08T07:00,8.5,91,11.9,13.05
2025-01-08T08:00,9.8,86,12.8,14.100000000000001
2025-01-08T09:00,11.8,79,10.8,15.75
2025-01-08T10:00,13.9,69,11.5,17.35
2025-01-08T11:00,15.9,62,12.1,19.0
2025-01-08T12:00,17.4,56,13.7,20.2
2025-01-08T13:00,18.5,50,14.9,21.0
2025-01-08T14:00,18.9,47,15.5,21.25
2025-01-08T15:00,18.6,48,13.9,21.0
2025-01-08T16:00,17.5,55,9.8,20.25
2025-01-08T17:00,14.3,67,7.9,17.650000000000002
2025-01-08T18:00,12.6,76,7.7,16.4
2025-01-08T19:00,11.5,81,7.5,15.55
2025-01-08T20:00,10.5,84,6.9,14.7
2025-01-08T21:00,9.8,86,6.1,14.100000000000001
2025-01-08T22:00,9.1,88,5.3,13.5
2025-01-08T23:00,8.5,90,5.4,13.0
2025-01-09T00:00,7.9,92,4.8,12.5
2025-01-09T01:00,7.6,92,2.9,12.2
2025-01-09T02:00,7.4,92,2.0,12.0
2025-01-09T03:00,6.9,94,4.0,11.600000000000001
2025-01-09T04:00,6.5,95,4.6,11.25
2025-01-09T05:00,6.3,96,3.4,11.100000000000001
2025-01-09T06:00,5.4,100,2.9,10.4
2025-01-09T07:00,5.1,100,4.4,10.1
2025-01-09T08:00,6.7,97,4.0,11.55
2025-01-09T09:00,9.3,94,3.3,14.0
2025-01-09T10:00,11.2,93,3.9,15.85
2025-01-09T11:00,14.2,80,3.9,18.2
2025-01-09T12:00,16.3,67,3.4,19.650000000000002
2025-01-09T13:00,17.6,58,2.1,20.5
2025-01-09T14:00,18.2,54,1.6,20.9
2025-01-09T15:00,18.3,52,2.9,20.900000000000002
2025-01-09T16:00,17.4,69,2.3,20.849999999999998
2025-01-09T17:00,14.8,68,1.9,18.200000000000003
2025-01-09T18:00,13.4,75,0.6,17.15
2025-01-09T19:00,11.9,81,0.7,15.95
2025-01-09T20:00,10.7,85,0.7,14.95
2025-01-09T21:00,9.6,89,1.3,14.05
2025-01-09T22:00,8.9,92,1.9,13.5
2025-01-09T23:00,8.4,93,1.4,13.05
2025-01-10T00:00,7.8,94,1.7,12.5
2025-01-10T01:00,7.2,97,1.6,12.05
2025-01-10T02:00,6.7,99,1.5,11.65
2025-01-10T03:00,6.6,99,0.7,11.55
2025-01-10T04:00,6.6,98,0.4,11.5
2025-01-10T05:00,6.3,100,0.2,11.3
2025-01-10T06:00,5.5,99,3.9,10.45
2025-01-10T07:00,6.3,99,3.8,11.25
2025-01-10T08:00,7.4,98,3.2,12.3
2025-01-10T09:00,9.0,96,3.8,13.8
2025-01-10T10:00,10.5,96,4.7,15.3
2025-01-10T11:00,13.6,85,4.2,17.85
2025-01-10T12:00,15.9,74,4.7,19.6
2025-01-10T13:00,17.1,66,4.7,20.400000000000002
2025-01-10T14:00,17.6,63,4.6,20.75
2025-01-10T15:00,17.6,62,4.8,20.700000000000003
2025-01-10T16:00,16.7,68,4.4,20.1
2025-01-10T17:00,13.4,82,6.2,17.5
2025-01-10T18:00,11.3,90,6.9,15.8
2025-01-10T19:00,10.3,91,6.6,14.850000000000001
2025-01-10T20:00,9.5,93,6.2,14.15
2025-01-10T21:00,8.7,95,6.3,13.45
2025-01-10T22:00,8.1,96,6.2,12.9
2025-01-10T23:00,7.7,97,6.5,12.55
2025-01-11T00:00,7.4,98,6.0,12.3
2025-01-11T01:00,7.1,98,6.2,12.0
2025-01-11T02:00,6.8,98,6.8,11.7
2025-01-11T03:00,6.7,98,6.8,11.600000000000001
2025-01-11T04:00,6.6,98,6.9,11.5
2025-01-11T05:00,6.7,98,7.2,11.600000000000001
2025-01-11T06:00,8.1,99,9.6,13.05
2025-01-11T07:00,8.3,100,11.8,13.3
2025-01-11T08:00,9.0,98,13.6,13.9
2025-01-11T09:00,10.6,96,13.3,15.4
2025-01-11T10:00,12.9,88,11.7,17.3
2025-01-11T11:00,15.5,77,10.7,19.35
2025-01-11T12:00,16.7,71,8.8,20.25
2025-01-11T13:00,17.4,67,4.1,20.75
2025-01-11T14:00,17.6,65,2.9,20.85
2025-01-11T15:00,17.5,66,1.1,20.8
2025-01-11T16:00,16.8,74,2.8,20.5
2025-01-11T17:00,14.6,85,7.2,18.85
2025-01-11T18:00,13.5,86,11.9,17.8
2025-01-11T19:00,12.8,84,5.5,17.0
2025-01-11T20:00,12.0,87,14.5,16.35
2025-01-11T21:00,11.6,85,12.2,15.85
2025-01-11T22:00,11.7,87,7.3,16.05
2025-01-11T23:00,11.8,88,1.9,16.200000000000003
2025-01-12T00:00,11.7,88,1.5,16.1
2025-01-12T01:00,10.6,90,5.2,15.1
2025-01-12T02:00,10.4,92,6.4,15.0
2025-01-12T03:00,10.5,94,5.8,15.2
2025-01-12T04:00,10.8,93,0.6,15.450000000000001
2025-01-12T05:00,10.7,92,5.2,15.3
2025-01-12T06:00,11.9,92,6.5,16.5
2025-01-12T07:00,11.4,92,2.7,16.0
2025-01-12T08:00,12.3,90,3.5,16.8
2025-01-12T09:00,13.3,89,7.7,17.75
2025-01-12T10:00,14.6,82,2.4,18.7
2025-01-12T11:00,16.4,76,2.6,20.2
2025-01-12T12:00,17.6,73,2.3,21.25
2025-01-12T13:00,18.0,70,3.0,21.5
2025-01-12T14:00,18.5,65,2.2,21.75
2025-01-12T15:00,18.7,62,1.5,21.8
2025-01-12T16:00,17.9,68,3.5,21.299999999999997
2025-01-12T17:00,15.3,80,5.8,19.3
2025-01-12T18:00,12.6,96,4.9,17.4
2025-01-12T19:00,12.7,94,10.8,17.4
2025-01-12T20:00,12.2,94,8.2,16.9
2025-01-12T21:00,11.4,94,8.2,16.1
2025-01-12T22:00,10.8,95,7.2,15.55
2025-01-12T23:00,10.0,96,5.9,14.8
2025-01-13T00:00,10.2,96,6.6,15.0
2025-01-13T01:00,9.8,96,6.0,14.600000000000001
2025-01-13T02:00,9.4,96,5.7,14.200000000000001
2025-01-13T03:00,9.2,96,7.5,14.0
2025-01-13T04:00,8.9,97,8.2,13.75
2025-01-13T05:00,8.7,97,7.6,13.55
2025-01-13T06:00,9.7,97,7.6,14.55
2025-01-13T07:00,9.5,96,7.7,14.3
2025-01-13T08:00,10.4,94,8.9,15.100000000000001
2025-01-13T09:00,12.1,89,7.1,16.55
2025-01-13T10:00,14.3,81,7.1,18.35
2025-01-13T11:00,16.5,74,6.9,20.2
2025-01-13T12:00,18.3,67,7.1,21.650000000000002
2025-01-13T13:00,19.5,61,7.7,22.55
2025-01-13T14:00,20.1,57,8.6,22.950000000000003
2025-01-13T15:00,19.9,59,9.5,22.849999999999998
2025-01-13T16:00,18.9,67,8.3,22.25
2025-01-13T17:00,16.0,80,7.5,20.0
2025-01-13T18:00,14.3,88,8.9,18.700000000000003
2025-01-13T19:00,13.6,90,9.6,18.1
2025-01-13T20:00,13.0,92,10.3,17.6
2025-01-13T21:00,12.4,92,10.1,17.0
2025-01-13T22:00,11.8,93,9.8,16.450000000000003
2025-01-13T23:00,11.2,94,9.0,15.899999999999999
2025-01-14T00:00,10.6,95,8.5,15.35
2025-01-14T01:00,10.2,96,8.4,15.0
2025-01-14T02:00,9.8,96,8.1,14.600000000000001
2025-01-14T03:00,9.2,97,7.6,14.05
2025-01-14T04:00,8.8,97,7.3,13.650000000000002
2025-01-14T05:00,8.3,97,6.7,13.150000000000002
2025-01-14T06:00,8.4,97,6.3,13.25
2025-01-14T07:00,8.8,96,6.4,13.600000000000001
2025-01-14T08:00,9.9,94,7.7,14.600000000000001
2025-01-14T09:00,11.8,89,5.2,16.25
2025-01-14T10:00,13.9,81,4.1,17.95
2025-01-14T11:00,15.7,74,3.8,19.4
2025-01-14T12:00,17.1,69,3.2,20.55
2025-01-14T13:00,18.1,66,3.1,21.400000000000002
2025-01-14T14:00,18.7,64,3.1,21.9
2025-01-14T15:00,18.7,64,4.0,21.9
2025-01-14T16:00,18.0,68,3.9,21.4
2025-01-14T17:00,15.1,80,4.2,19.1
2025-01-14T18:00,13.7,85,3.7,17.95
2025-01-14T19:00,12.5,89,3.5,16.95
2025-01-14T20:00,11.5,93,2.7,16.15
2025-01-14T21:00,10.4,96,5.7,15.200000000000001
2025-01-14T22:00,10.1,96,3.0,14.9
2025-01-14T23:00,9.8,97,1.7,14.650000000000002
2025-01-15T00:00,9.3,99,0.8,14.25
2025-01-15T01:00,9.0,100,0.5,14.0
2025-01-15T02:00,8.8,100,0.8,13.8
2025-01-15T03:00,7.7,100,2.4,12.7
2025-01-15T04:00,7.6,99,3.1,12.55
2025-01-15T05:00,8.1,97,1.1,12.95
2025-01-15T06:00,8.2,98,4.3,13.1
2025-01-15T07:00,8.5,95,4.4,13.25
2025-01-15T08:00,8.7,96,3.7,13.5
2025-01-15T09:00,10.1,97,4.5,14.95
2025-01-15T10:00,12.0,93,5.2,16.65
2025-01-15T11:00,14.4,88,6.5,18.8
2025-01-15T12:00,17.3,74,7.5,21.0
2025-01-15T13:00,18.1,70,6.3,21.6
2025-01-15T14:00,18.5,65,5.4,21.75
2025-01-15T15:00,18.6,65,5.2,21.85
2025-01-15T16:00,18.0,70,5.6,21.5
2025-01-15T17:00,15.7,79,3.1,19.65
2025-01-15T18:00,12.8,86,4.8,17.1
2025-01-15T19:00,12.2,90,7.0,16.7
2025-01-15T20:00,12.3,91,5.8,16.85
2025-01-15T21:00,12.2,92,5.3,16.8
2025-01-15T22:00,12.5,89,7.3,16.95
2025-01-15T23:00,11.7,87,6.0,16.05
2025-01-16T00:00,11.6,86,3.8,15.899999999999999
2025-01-16T01:00,11.1,89,1.0,15.55
2025-01-16T02:00,10.3,94,3.5,15.0
2025-01-16T03:00,9.9,97,5.0,14.75
2025-01-16T04:00,10.3,97,4.2,15.150000000000002
2025-01-16T05:00,10.6,98,3.5,15.5
2025-01-16T06:00,11.8,97,6.3,16.650000000000002
2025-01-16T07:00,12.0,97,7.2,16.85
2025-01-16T08:00,12.4,95,8.6,17.15
2025-01-16T09:00,13.5,89,7.0,17.95
2025-01-16T10:00,13.8,83,6.7,17.950000000000003
2025-01-16T11:00,15.2,73,3.8,18.85
2025-01-16T12:00,16.5,65,3.1,19.75
2025-01-16T13:00,17.4,60,4.1,20.4
2025-01-16T14:00,17.9,58,3.7,20.799999999999997
2025-01-16T15:00,18.0,57,0.9,20.85
2025-01-16T16:00,17.5,61,3.2,20.55
2025-01-16T17:00,15.4,72,2.1,19.0
2025-01-16T18:00,13.9,82,5.3,18.0
2025-01-16T19:00,12.5,88,6.4,16.9
2025-01-16T20:00,11.4,90,6.5,15.9
2025-01-16T21:00,10.8,89,6.8,15.25
2025-01-16T22:00,10.3,90,6.4,14.8
2025-01-16T23:00,9.8,93,6.8,14.450000000000001
2025-01-17T00:00,9.5,94,6.7,14.2
2025-01-17T01:00,9.7,93,7.4,14.35
2025-01-17T02:00,9.4,93,7.1,14.05
2025-01-17T03:00,9.3,94,8.7,14.0
2025-01-17T04:00,9.3,93,9.6,13.950000000000001
2025-01-17T05:00,8.9,93,8.6,13.55
2025-01-17T06:00,9.3,95,8.6,14.05
2025-01-17T07:00,9.0,95,7.9,13.75
2025-01-17T08:00,10.5,92,9.9,15.100000000000001
2025-01-17T09:00,12.5,86,6.9,16.8
2025-01-17T10:00,14.8,78,6.5,18.700000000000003
2025-01-17T11:00,16.9,70,7.7,20.4
2025-01-17T12:00,18.5,62,10.0,21.6
2025-01-17T13:00,19.4,57,10.4,22.25
2025-01-17T14:00,19.7,54,11.8,22.4
2025-01-17T15:00,19.4,55,13.2,22.15
2025-01-17T16:00,18.4,61,11.3,21.45
2025-01-17T17:00,15.7,71,8.7,19.25
2025-01-17T18:00,13.2,82,9.8,17.3
2025-01-17T19:00,12.0,88,9.5,16.4
2025-01-17T20:00,11.3,90,9.0,15.8
2025-01-17T21:00,10.7,92,8.9,15.3
2025-01-17T22:00,9.6,95,6.7,14.35
2025-01-17T23:00,8.8,97,6.4,13.650000000000002
2025-01-18T00:00,8.6,97,6.9,13.45
2025-01-18T01:00,7.9,98,5.5,12.8
2025-01-18T02:00,7.5,100,5.8,12.5
2025-01-18T03:00,7.2,100,6.5,12.2
2025-01-18T04:00,7.5,99,7.6,12.45
2025-01-18T05:00,7.7,100,7.4,12.7
2025-01-18T06:00,9.7,99,6.5,14.649999999999999
2025-01-18T07:00,9.8,99,7.1,14.75
2025-01-18T08:00,10.0,98,9.1,14.9
2025-01-18T09:00,10.7,98,7.1,15.6
2025-01-18T10:00,12.4,89,6.6,16.85
2025-01-18T11:00,14.1,83,2.3,18.25
2025-01-18T12:00,15.8,77,2.8,19.650000000000002
2025-01-18T13:00,17.5,69,4.5,20.95
2025-01-18T14:00,18.3,63,7.0,21.450000000000003
2025-01-18T15:00,18.3,61,6.2,21.35
2025-01-18T16:00,17.7,67,3.3,21.05
2025-01-18T17:00,15.1,77,3.0,18.95
2025-01-18T18:00,13.4,87,4.9,17.75
2025-01-18T19:00,12.0,90,4.1,16.5
2025-01-18T20:00,10.7,94,3.2,15.399999999999999
2025-01-18T21:00,9.8,97,5.7,14.650000000000002
2025-01-18T22:00,9.1,99,6.3,14.05
2025-01-18T23:00,8.6,100,5.4,13.6
2025-01-19T00:00,8.0,100,6.6,13.0
2025-01-19T01:00,8.4,100,5.4,13.4
2025-01-19T02:00,8.7,99,3.8,13.649999999999999
2025-01-19T03:00,8.5,99,3.4,13.45
2025-01-19T04:00,8.4,94,2.6,13.100000000000001
2025-01-19T05:00,8.4,94,3.0,13.100000000000001
2025-01-19T06:00,9.3,95,2.8,14.05
2025-01-19T07:00,9.4,94,4.4,14.100000000000001
2025-01-19T08:00,10.3,93,4.9,14.950000000000001
2025-01-19T09:00,11.5,88,4.2,15.9
2025-01-19T10:00,12.2,96,1.8,17.0
2025-01-19T11:00,14.6,93,2.2,19.25
2025-01-19T12:00,18.0,76,3.1,21.8
2025-01-19T13:00,20.2,62,4.1,23.3
2025-01-19T14:00,21.3,59,5.6,24.25
2025-01-19T15:00,21.5,61,7.0,24.55
2025-01-19T16:00,20.6,70,5.4,24.1
2025-01-19T17:00,17.5,81,6.0,21.55
2025-01-19T18:00,16.0,85,7.3,20.25
2025-01-19T19:00,15.0,87,6.5,19.35
2025-01-19T20:00,14.1,90,6.8,18.6
2025-01-19T21:00,13.6,89,6.3,18.05
2025-01-19T22:00,13.0,90,6.7,17.5
2025-01-19T23:00,12.5,92,7.3,17.1
2025-01-20T00:00,12.3,92,7.3,16.900000000000002
2025-01-20T01:00,12.1,93,7.2,16.75
2025-01-20T02:00,11.8,93,7.4,16.450000000000003
2025-01-20T03:00,11.6,93,7.6,16.25
2025-01-20T04:00,11.4,94,7.7,16.1
2025-01-20T05:00,11.3,94,8.0,16.0
2025-01-20T06:00,11.2,94,8.4,15.899999999999999
2025-01-20T07:00,11.2,94,9.1,15.899999999999999
2025-01-20T08:00,12.8,91,11.7,17.35
2025-01-20T09:00,14.9,87,8.7,19.25
2025-01-20T10:00,17.3,81,7.9,21.35
2025-01-20T11:00,19.7,74,9.1,23.4
2025-01-20T12:00,21.4,68,11.2,24.799999999999997
2025-01-20T13:00,22.3,65,13.1,25.55
2025-01-20T14:00,22.5,63,14.6,25.65
2025-01-20T15:00,22.2,64,14.6,25.4
2025-01-20T16:00,21.3,69,11.8,24.75
2025-01-20T17:00,18.8,79,8.2,22.75
2025-01-20T18:00,17.1,87,7.9,21.450000000000003
2025-01-20T19:00,16.6,89,9.0,21.05
2025-01-20T20:00,16.0,91,9.4,20.55
2025-01-20T21:00,15.4,91,10.1,19.95
2025-01-20T22:00,15.0,91,10.7,19.55
2025-01-20T23:00,14.5,91,10.7,19.05
2025-01-21T00:00,13.9,92,9.0,18.5
2025-01-21T01:00,13.3,92,8.9,17.900000000000002
2025-01-21T02:00,12.8,92,8.3,17.400000000000002
2025-01-21T03:00,12.4,92,8.7,17.0
2025-01-21T04:00,12.0,92,8.6,16.6
2025-01-21T05:00,11.6,92,8.4,16.2
2025-01-21T06:00,11.1,91,8.4,15.649999999999999
2025-01-21T07:00,10.9,91,8.9,15.45
2025-01-21T08:00,12.4,87,11.5,16.75
2025-01-21T09:00,14.5,82,8.9,18.6
2025-01-21T10:00,16.8,74,9.0,20.5
2025-01-21T11:00,18.9,67,9.4,22.25
2025-01-21T12:00,20.5,60,10.5,23.5
2025-01-21T13:00,21.5,56,11.6,24.3
2025-01-21T14:00,21.8,55,13.0,24.55
2025-01-21T15:00,21.5,57,12.9,24.35
2025-01-21T16:00,20.5,64,11.4,23.7
2025-01-21T17:00,18.2,71,9.8,21.75
2025-01-21T18:00,16.3,80,9.6,20.3
2025-01-21T19:00,15.5,83,9.7,19.65
2025-01-21T20:00,14.7,86,9.2,19.0
2025-01-21T21:00,13.9,88,8.8,18.3
2025-01-21T22:00,13.1,90,8.0,17.6
2025-01-21T23:00,12.4,91,7.6,16.95
2025-01-22T00:00,11.8,93,7.2,16.450000000000003
2025-01-22T01:00,11.4,94,7.3,16.1
2025-01-22T02:00,10.9,94,6.8,15.600000000000001
2025-01-22T03:00,10.5,95,6.9,15.25
2025-01-22T04:00,10.2,94,6.9,14.899999999999999
2025-01-22T05:00,9.6,94,6.2,14.3
2025-01-22T06:00,9.2,96,5.6,14.0
2025-01-22T07:00,9.0,96,6.2,13.8
2025-01-22T08:00,11.6,91,8.3,16.15
2025-01-22T09:00,14.2,85,5.1,18.45
2025-01-22T10:00,16.8,78,5.0,20.700000000000003
2025-01-22T11:00,19.4,70,4.9,22.9
2025-01-22T12:00,21.4,61,4.8,24.45
2025-01-22T13:00,22.6,51,5.0,25.150000000000002
2025-01-22T14:00,23.0,48,4.8,25.4
2025-01-22T15:00,22.8,49,4.9,25.25
2025-01-22T16:00,21.8,63,4.1,24.950000000000003
2025-01-22T17:00,18.8,72,5.8,22.400000000000002
2025-01-22T18:00,16.8,75,6.5,20.55
2025-01-22T19:00,15.6,76,5.9,19.4
2025-01-22T20:00,14.6,79,6.6,18.55
2025-01-22T21:00,13.9,82,7.3,18.0
2025-01-22T22:00,13.3,86,7.1,17.6
2025-01-22T23:00,13.1,88,7.8,17.5
2025-01-23T00:00,13.1,88,7.1,17.5
2025-01-23T01:00,13.6,87,7.3,17.95
2025-01-23T02:00,14.0,77,8.3,17.85
2025-01-23T03:00,13.6,84,6.0,17.8
2025-01-23T04:00,13.6,87,2.6,17.95
2025-01-23T05:00,12.5,90,6.2,17.0
2025-01-23T06:00,12.8,94,6.5,17.5
2025-01-23T07:00,11.8,95,6.7,16.55
2025-01-23T08:00,12.8,92,8.6,17.400000000000002
2025-01-23T09:00,14.8,88,6.9,19.200000000000003
2025-01-23T10:00,17.1,80,7.9,21.1
2025-01-23T11:00,19.3,70,8.6,22.8
2025-01-23T12:00,20.8,62,10.0,23.900000000000002
2025-01-23T13:00,21.8,51,12.6,24.35
2025-01-23T14:00,21.9,40,14.7,23.9
2025-01-23T15:00,21.3,45,15.0,23.55
2025-01-23T16:00,20.1,53,12.6,22.75
2025-01-23T17:00,17.7,61,10.3,20.75
2025-01-23T18:00,15.9,66,10.8,19.2
2025-01-23T19:00,15.0,67,10.9,18.35
2025-01-23T20:00,14.0,70,10.4,17.5
2025-01-23T21:00,13.3,73,10.3,16.950000000000003
2025-01-23T22:00,12.7,75,9.8,16.45
2025-01-23T23:00,12.1,77,9.0,15.95
2025-01-24T00:00,11.3,80,8.5,15.3
2025-01-24T01:00,10.8,81,8.4,14.850000000000001
2025-01-24T02:00,10.4,82,8.5,14.5
2025-01-24T03:00,9.9,83,8.0,14.05
2025-01-24T04:00,9.6,84,8.5,13.8
2025-01-24T05:00,9.5,83,9.4,13.65
2025-01-24T06:00,9.6,89,9.0,14.05
2025-01-24T07:00,9.5,89,9.7,13.95
2025-01-24T08:00,11.1,83,13.1,15.25
2025-01-24T09:00,13.3,76,11.9,17.1
2025-01-24T10:00,15.7,69,12.1,19.15
2025-01-24T11:00,17.9,61,12.8,20.95
2025-01-24T12:00,19.6,55,13.5,22.35
2025-01-24T13:00,20.5,48,15.3,22.9
2025-01-24T14:00,20.8,45,16.6,23.05
2025-01-24T15:00,20.4,49,15.8,22.849999999999998
2025-01-24T16:00,19.4,55,12.8,22.15
2025-01-24T17:00,17.2,63,10.8,20.35
2025-01-24T18:00,15.8,70,10.4,19.3
2025-01-24T19:00,14.8,73,10.8,18.450000000000003
2025-01-24T20:00,14.0,74,11.3,17.7
2025-01-24T21:00,13.1,77,10.8,16.95
2025-01-24T22:00,12.5,77,10.6,16.35
2025-01-24T23:00,11.8,78,10.3,15.700000000000001
2025-01-25T00:00,11.3,77,10.6,15.15
2025-01-25T01:00,10.8,77,10.7,14.65
2025-01-25T02:00,10.4,77,10.8,14.25
2025-01-25T03:00,10.0,77,10.8,13.85
2025-01-25T04:00,9.6,78,10.4,13.5
2025-01-25T05:00,9.2,78,10.3,13.1
2025-01-25T06:00,9.2,81,11.2,13.25
2025-01-25T07:00,9.0,79,11.6,12.95
2025-01-25T08:00,10.5,73,13.5,14.15
2025-01-25T09:00,12.6,69,11.5,16.05
2025-01-25T10:00,14.9,63,11.0,18.05
2025-01-25T11:00,17.0,58,10.9,19.9
2025-01-25T12:00,18.7,54,11.6,21.4
2025-01-25T13:00,19.8,50,12.4,22.3
2025-01-25T14:00,20.3,48,13.2,22.700000000000003
2025-01-25T15:00,20.1,49,13.0,22.55
2025-01-25T16:00,19.0,55,10.3,21.75
2025-01-25T17:00,16.1,65,8.0,19.35
2025-01-25T18:00,14.5,71,8.5,18.05
2025-01-25T19:00,13.5,75,8.9,17.25
2025-01-25T20:00,12.7,76,9.0,16.5
2025-01-25T21:00,11.9,78,9.0,15.8
2025-01-25T22:00,11.0,81,8.3,15.05
2025-01-25T23:00,10.2,84,8.1,14.399999999999999
2025-01-26T00:00,9.7,84,8.1,13.899999999999999
2025-01-26T01:00,9.3,85,8.5,13.55
2025-01-26T02:00,8.9,86,8.7,13.2
2025-01-26T03:00,8.5,86,8.6,12.8
2025-01-26T04:00,8.1,87,8.7,12.45
2025-01-26T05:00,7.6,87,8.3,11.95
2025-01-26T06:00,7.5,91,7.4,12.05
2025-01-26T07:00,7.2,91,7.4,11.75
2025-01-26T08:00,9.4,84,10.5,13.600000000000001
2025-01-26T09:00,11.9,78,8.0,15.8
2025-01-26T10:00,14.5,70,7.6,18.0
2025-01-26T11:00,16.7,62,8.7,19.8
2025-01-26T12:00,18.3,55,9.3,21.05
2025-01-26T13:00,19.4,51,10.1,21.95
2025-01-26T14:00,19.9,48,10.5,22.299999999999997
2025-01-26T15:00,19.8,49,10.2,22.25
2025-01-26T16:00,18.9,58,6.9,21.799999999999997
2025-01-26T17:00,15.7,70,6.9,19.2
2025-01-26T18:00,13.9,75,8.4,17.65
2025-01-26T19:00,12.9,77,8.1,16.75
2025-01-26T20:00,11.9,81,7.7,15.95
2025-01-26T21:00,10.9,83,7.4,15.05
2025-01-26T22:00,10.2,84,7.3,14.399999999999999
2025-01-26T23:00,9.5,85,6.8,13.75
2025-01-27T00:00,8.8,88,7.0,13.200000000000001
2025-01-27T01:00,8.1,90,7.0,12.6
2025-01-27T02:00,7.6,91,7.1,12.149999999999999
2025-01-27T03:00,7.2,91,7.0,11.75
2025-01-27T04:00,6.9,91,7.0,11.45
2025-01-27T05:00,6.6,91,7.0,11.149999999999999
2025-01-27T06:00,6.2,97,6.1,11.05
2025-01-27T07:00,6.1,96,6.2,10.9
2025-01-27T08:00,8.9,89,8.5,13.350000000000001
2025-01-27T09:00,11.7,82,6.0,15.8
2025-01-27T10:00,14.4,75,6.1,18.15
2025-01-27T11:00,16.7,67,7.4,20.05
2025-01-27T12:00,18.2,60,8.5,21.2
2025-01-27T13:00,19.3,54,10.3,22.0
2025-01-27T14:00,19.7,51,11.4,22.25
2025-01-27T15:00,19.6,52,11.6,22.200000000000003
2025-01-27T16:00,18.7,59,9.3,21.65
2025-01-27T17:00,15.8,72,7.2,19.400000000000002
2025-01-27T18:00,13.7,81,8.0,17.75
2025-01-27T19:00,12.9,82,8.3,17.0
2025-01-27T20:00,12.4,81,8.4,16.45
2025-01-27T21:00,12.0,80,8.5,16.0
2025-01-27T22:00,11.3,81,8.5,15.350000000000001
2025-01-27T23:00,10.7,83,8.6,14.85
2025-01-28T00:00,10.1,84,8.7,14.3
2025-01-28T01:00,9.5,85,8.5,13.75
2025-01-28T02:00,8.8,86,8.4,13.100000000000001
2025-01-28T03:00,8.2,87,8.2,12.55
2025-01-28T04:00,7.5,88,7.7,11.9
2025-01-28T05:00,6.7,89,7.3,11.15
2025-01-28T06:00,6.4,92,5.0,11.0
2025-01-28T07:00,6.3,92,5.0,10.9
2025-01-28T08:00,9.1,86,7.5,13.399999999999999
2025-01-28T09:00,12.0,79,4.6,15.95
2025-01-28T10:00,14.7,72,4.3,18.3
2025-01-28T11:00,16.9,66,4.7,20.2
2025-01-28T12:00,18.5,60,5.2,21.5
2025-01-28T13:00,19.6,55,5.8,22.35
2025-01-28T14:00,20.2,52,6.7,22.8
2025-01-28T15:00,20.2,50,6.4,22.7
2025-01-28T16:00,19.5,62,3.8,22.6
2025-01-28T17:00,17.0,69,3.6,20.45
2025-01-28T18:00,15.1,76,4.2,18.9
2025-01-28T19:00,14.2,78,3.2,18.1
2025-01-28T20:00,13.4,80,2.1,17.4
2025-01-28T21:00,12.6,83,1.3,16.75
2025-01-28T22:00,11.3,88,0.6,15.700000000000001
2025-01-28T23:00,9.6,94,3.9,14.3
2025-01-29T00:00,8.7,95,5.3,13.45
2025-01-29T01:00,8.2,95,5.4,12.95
2025-01-29T02:00,7.8,95,6.5,12.55
2025-01-29T03:00,7.9,96,7.2,12.700000000000001
2025-01-29T04:00,8.1,96,7.2,12.9
2025-01-29T05:00,7.8,96,7.1,12.600000000000001
2025-01-29T06:00,7.3,98,6.2,12.2
2025-01-29T07:00,7.3,97,6.6,12.15
2025-01-29T08:00,10.3,93,9.2,14.950000000000001
2025-01-29T09:00,13.4,88,6.1,17.8
2025-01-29T10:00,16.3,80,7.4,20.3
2025-01-29T11:00,18.6,70,9.6,22.1
2025-01-29T12:00,20.1,61,11.1,23.150000000000002
2025-01-29T13:00,20.8,56,11.5,23.6
2025-01-29T14:00,21.2,54,11.2,23.9
2025-01-29T15:00,20.9,54,10.8,23.599999999999998
2025-01-29T16:00,20.1,61,8.1,23.150000000000002
2025-01-29T17:00,17.0,74,6.8,20.7
2025-01-29T18:00,15.0,81,7.3,19.05
2025-01-29T19:00,13.8,83,7.6,17.950000000000003
2025-01-29T20:00,13.0,84,7.6,17.2
2025-01-29T21:00,12.2,86,7.4,16.5
2025-01-29T22:00,11.4,89,7.6,15.850000000000001
2025-01-29T23:00,11.3,91,7.6,15.850000000000001
2025-01-30T00:00,11.0,92,7.6,15.600000000000001
2025-01-30T01:00,10.5,94,7.2,15.2
2025-01-30T02:00,10.0,94,7.0,14.7
2025-01-30T03:00,9.7,94,6.9,14.399999999999999
2025-01-30T04:00,9.3,95,6.6,14.05
2025-01-30T05:00,9.1,95,6.6,13.85
2025-01-30T06:00,9.2,96,6.0,14.0
2025-01-30T07:00,9.2,96,5.6,14.0
2025-01-30T08:00,11.9,91,7.5,16.45
2025-01-30T09:00,14.7,86,4.5,19.0
2025-01-30T10:00,17.5,78,4.9,21.4
2025-01-30T11:00,19.6,68,6.1,23.0
2025-01-30T12:00,21.0,60,6.3,24.0
2025-01-30T13:00,21.8,58,5.7,24.700000000000003
2025-01-30T14:00,22.3,56,4.8,25.1
2025-01-30T15:00,22.3,56,4.7,25.1
2025-01-30T16:00,21.7,63,4.7,24.85
2025-01-30T17:00,18.7,77,5.5,22.55
2025-01-30T18:00,16.6,84,7.4,20.8
2025-01-30T19:00,15.6,86,7.4,19.9
2025-01-30T20:00,14.7,88,6.1,19.1
2025-01-30T21:00,14.0,90,5.2,18.5
2025-01-30T22:00,13.3,93,4.4,17.950000000000003
2025-01-30T23:00,12.5,96,2.9,17.3
2025-01-31T00:00,11.4,99,4.2,16.35
2025-01-31T01:00,10.8,98,4.3,15.700000000000001
2025-01-31T02:00,10.5,98,3.8,15.4
2025-01-31T03:00,10.1,98,4.2,15.0
2025-01-31T04:00,9.8,98,4.3,14.700000000000001
2025-01-31T05:00,9.6,99,4.3,14.55
2025-01-31T06:00,9.5,100,3.9,14.5
2025-01-31T07:00,10.0,100,3.8,15.0
2025-01-31T08:00,11.3,98,5.4,16.200000000000003
2025-01-31T09:00,14.1,97,4.3,18.95
2025-01-31T10:00,17.6,88,4.1,22.0
2025-01-31T11:00,20.4,75,5.4,24.15
2025-01-31T12:00,22.1,68,4.4,25.5
2025-01-31T13:00,23.1,58,3.9,26.0
2025-01-31T14:00,23.7,48,3.8,26.1
2025-01-31T15:00,23.8,44,5.1,26.0
2025-01-31T16:00,22.6,58,7.2,25.5
2025-01-31T17:00,19.9,68,9.0,23.299999999999997
2025-01-31T18:00,17.4,76,4.1,21.2
2025-01-31T19:00,16.4,78,3.5,20.299999999999997
2025-01-31T20:00,15.4,81,3.8,19.45
2025-01-31T21:00,13.9,88,5.4,18.3
2025-01-31T22:00,13.4,89,6.8,17.85
2025-01-31T23:00,13.2,89,7.5,17.65
2025-02-01T00:00,12.9,86,7.5,17.2
2025-02-01T01:00,12.8,83,8.3,16.950000000000003
2025-02-01T02:00,12.3,86,8.0,16.6
2025-02-01T03:00,11.8,89,7.6,16.25
2025-02-01T04:00,11.6,90,7.5,16.1
2025-02-01T05:00,11.0,91,7.0,15.55
2025-02-01T06:00,10.2,95,5.1,14.95
2025-02-01T07:00,10.3,95,4.9,15.05
2025-02-01T08:00,12.8,91,6.1,17.35
2025-02-01T09:00,15.9,83,3.2,20.05
2025-02-01T10:00,18.8,75,2.7,22.55
2025-02-01T11:00,21.1,64,4.1,24.3
2025-02-01T12:00,22.7,53,5.9,25.35
2025-02-01T13:00,23.5,46,6.4,25.8
2025-02-01T14:00,23.5,45,5.2,25.75
2025-02-01T15:00,23.3,45,4.1,25.55
2025-02-01T16:00,22.3,60,3.7,25.3
2025-02-01T17:00,20.0,67,5.0,23.35
2025-02-01T18:00,17.9,70,4.9,21.4
2025-02-01T19:00,17.2,70,2.8,20.7
2025-02-01T20:00,15.3,80,7.7,19.3
2025-02-01T21:00,14.7,84,7.9,18.9
2025-02-01T22:00,14.0,91,11.1,18.55
2025-02-01T23:00,13.7,93,7.4,18.35
2025-02-02T00:00,13.5,93,6.6,18.15
2025-02-02T01:00,12.7,95,6.7,17.45
2025-02-02T02:00,12.4,95,7.4,17.15
2025-02-02T03:00,12.0,94,6.6,16.7
2025-02-02T04:00,11.8,93,5.8,16.450000000000003
2025-02-02T05:00,11.7,92,5.5,16.3
2025-02-02T06:00,11.2,95,6.1,15.95
2025-02-02T07:00,11.5,95,6.9,16.25
2025-02-02T08:00,13.5,91,9.7,18.05
2025-02-02T09:00,15.8,85,6.5,20.05
2025-02-02T10:00,18.3,78,6.6,22.200000000000003
2025-02-02T11:00,20.5,68,8.3,23.9
2025-02-02T12:00,21.8,57,10.2,24.650000000000002
2025-02-02T13:00,22.3,53,11.7,24.950000000000003
2025-02-02T14:00,22.4,50,13.1,24.9
2025-02-02T15:00,22.0,49,13.7,24.45
2025-02-02T16:00,21.0,57,11.2,23.85
2025-02-02T17:00,18.7,66,8.3,22.0
2025-02-02T18:00,17.0,79,9.5,20.95
2025-02-02T19:00,15.8,85,8.9,20.05
2025-02-02T20:00,15.0,88,9.0,19.4
2025-02-02T21:00,14.2,90,8.9,18.7
2025-02-02T22:00,13.6,91,8.7,18.15
2025-02-02T23:00,12.8,93,7.8,17.450000000000003
2025-02-03T00:00,12.0,94,7.4,16.7
2025-02-03T01:00,11.2,94,7.4,15.899999999999999
2025-02-03T02:00,10.6,94,7.1,15.3
2025-02-03T03:00,9.8,94,6.6,14.5
2025-02-03T04:00,9.2,94,6.5,13.899999999999999
2025-02-03T05:00,8.7,94,6.4,13.399999999999999
2025-02-03T06:00,9.0,96,6.6,13.8
2025-02-03T07:00,9.1,95,6.8,13.85
2025-02-03T08:00,11.5,89,8.8,15.95
2025-02-03T09:00,14.0,83,5.7,18.15
2025-02-03T10:00,16.6,77,6.0,20.450000000000003
2025-02-03T11:00,18.8,63,7.4,21.950000000000003
2025-02-03T12:00,20.1,52,8.6,22.700000000000003
2025-02-03T13:00,20.9,46,8.7,23.2
2025-02-03T14:00,21.2,44,8.7,23.4
2025-02-03T15:00,21.1,46,8.1,23.400000000000002
2025-02-03T16:00,20.3,56,5.5,23.1
2025-02-03T17:00,18.4,68,3.1,21.799999999999997
2025-02-03T18:00,15.7,73,3.8,19.35
2025-02-03T19:00,14.2,78,5.3,18.1
2025-02-03T20:00,13.1,79,6.7,17.05
2025-02-03T21:00,12.5,79,5.5,16.45
2025-02-03T22:00,13.1,77,3.1,16.95
2025-02-03T23:00,13.1,77,6.7,16.95
2025-02-04T00:00,12.6,79,1.2,16.55
2025-02-04T01:00,12.8,80,1.6,16.8
2025-02-04T02:00,12.4,82,2.9,16.5
2025-02-04T03:00,11.4,88,6.5,15.8
2025-02-04T04:00,11.4,85,3.0,15.65
2025-02-04T05:00,11.0,87,3.8,15.350000000000001
2025-02-04T06:00,12.7,84,4.4,16.9
2025-02-04T07:00,13.4,83,5.0,17.55
2025-02-04T08:00,14.4,80,5.9,18.4
2025-02-04T09:00,15.9,77,6.0,19.75
2025-02-04T10:00,17.3,74,8.2,21.0
2025-02-04T11:00,18.7,69,7.7,22.15
2025-02-04T12:00,20.4,63,5.6,23.549999999999997
2025-02-04T13:00,21.0,63,3.2,24.15
2025-02-04T14:00,21.6,63,4.7,24.75
2025-02-04T15:00,21.6,63,5.4,24.75
2025-02-04T16:00,21.2,66,5.2,24.5
2025-02-04T17:00,19.6,79,4.2,23.55
2025-02-04T18:00,18.3,85,0.4,22.55
2025-02-04T19:00,16.7,91,3.0,21.25
2025-02-04T20:00,16.0,94,1.3,20.7
2025-02-04T21:00,15.6,95,0.6,20.35
2025-02-04T22:00,15.0,97,5.1,19.85
2025-02-04T23:00,14.4,97,5.1,19.25
2025-02-05T00:00,14.6,95,11.4,19.35
2025-02-05T01:00,14.4,95,10.8,19.15
2025-02-05T02:00,13.9,95,8.1,18.65
2025-02-05T03:00,13.1,93,8.6,17.75
2025-02-05T04:00,12.2,94,5.4,16.9
2025-02-05T05:00,11.7,95,5.6,16.45
2025-02-05T06:00,11.3,96,9.1,16.1
2025-02-05T07:00,11.1,96,8.9,15.9
2025-02-05T08:00,12.5,93,9.7,17.15
2025-02-05T09:00,14.4,90,7.4,18.9
2025-02-05T10:00,16.7,80,8.6,20.7
2025-02-05T11:00,18.6,67,11.4,21.950000000000003
2025-02-05T12:00,19.8,57,13.3,22.650000000000002
2025-02-05T13:00,20.3,49,14.5,22.75
2025-02-05T14:00,20.3,46,14.7,22.6
2025-02-05T15:00,19.9,46,14.5,22.2
2025-02-05T16:00,19.1,52,11.3,21.700000000000003
2025-02-05T17:00,16.9,62,7.8,20.0
2025-02-05T18:00,14.6,68,7.7,18.0
2025-02-05T19:00,13.6,73,7.6,17.25
2025-02-05T20:00,12.8,78,7.0,16.700000000000003
2025-02-05T21:00,12.0,80,7.4,16.0
2025-02-05T22:00,11.5,79,8.0,15.45
2025-02-05T23:00,10.8,78,8.2,14.700000000000001
2025-02-06T00:00,10.7,77,9.3,14.549999999999999
2025-02-06T01:00,11.4,69,11.4,14.850000000000001
2025-02-06T02:00,11.6,64,12.2,14.8
2025-02-06T03:00,11.6,63,14.7,14.75
2025-02-06T04:00,11.6,62,15.5,14.7
2025-02-06T05:00,11.1,64,14.4,14.3
2025-02-06T06:00,9.8,84,9.7,14.0
2025-02-06T07:00,9.6,84,9.7,13.8
2025-02-06T08:00,11.8,78,12.6,15.700000000000001
2025-02-06T09:00,14.5,73,11.0,18.15
2025-02-06T10:00,16.8,64,12.0,20.0
2025-02-06T11:00,18.7,54,14.3,21.4
2025-02-06T12:00,19.8,44,18.5,22.0
2025-02-06T13:00,20.1,39,20.1,22.05
2025-02-06T14:00,20.0,39,20.6,21.95
2025-02-06T15:00,19.4,42,20.5,21.5
2025-02-06T16:00,18.4,50,18.0,20.9
2025-02-06T17:00,16.7,55,14.7,19.45
2025-02-06T18:00,15.0,63,10.5,18.15
2025-02-06T19:00,13.5,70,10.2,17.0
2025-02-06T20:00,13.0,73,12.2,16.65
2025-02-06T21:00,12.6,70,12.7,16.1
2025-02-06T22:00,12.1,69,12.8,15.55
2025-02-06T23:00,11.6,70,14.0,15.1
2025-02-07T00:00,11.4,69,15.1,14.850000000000001
2025-02-07T01:00,11.1,68,14.9,14.5
2025-02-07T02:00,10.7,67,14.5,14.049999999999999
2025-02-07T03:00,10.2,67,13.3,13.549999999999999
2025-02-07T04:00,9.8,67,13.3,13.15
2025-02-07T05:00,9.5,68,13.8,12.9
2025-02-07T06:00,9.8,75,13.9,13.55
2025-02-07T07:00,9.8,75,14.9,13.55
2025-02-07T08:00,11.3,70,16.6,14.8
2025-02-07T09:00,13.5,66,14.8,16.8
2025-02-07T10:00,15.5,61,14.8,18.55
2025-02-07T11:00,17.3,56,15.1,20.1
2025-02-07T12:00,18.7,51,17.6,21.25
2025-02-07T13:00,19.5,49,19.1,21.95
2025-02-07T14:00,19.7,46,20.1,22.0
2025-02-07T15:00,19.4,47,19.5,21.75
2025-02-07T16:00,18.6,53,16.8,21.25
2025-02-07T17:00,16.9,57,14.5,19.75
2025-02-07T18:00,15.5,61,12.7,18.55
2025-02-07T19:00,14.6,64,13.6,17.8
2025-02-07T20:00,14.0,63,13.4,17.15
2025-02-07T21:00,13.2,63,12.8,16.35
2025-02-07T22:00,12.5,64,12.7,15.7
2025-02-07T23:00,12.0,65,12.9,15.25
2025-02-08T00:00,11.6,65,12.5,14.85
2025-02-08T01:00,11.3,65,12.9,14.55
2025-02-08T02:00,10.9,66,12.5,14.200000000000001
2025-02-08T03:00,10.9,66,12.3,14.200000000000001
2025-02-08T04:00,10.8,65,12.6,14.05
2025-02-08T05:00,10.9,63,12.2,14.05
2025-02-08T06:00,10.2,70,12.7,13.7
2025-02-08T07:00,10.2,71,13.1,13.75
2025-02-08T08:00,11.8,67,15.1,15.15
2025-02-08T09:00,14.1,64,13.1,17.3
2025-02-08T10:00,16.5,59,14.1,19.45
2025-02-08T11:00,18.6,54,14.6,21.3
2025-02-08T12:00,20.1,52,14.8,22.700000000000003
2025-02-08T13:00,21.2,49,14.8,23.65
2025-02-08T14:00,21.6,49,14.7,24.05
2025-02-08T15:00,21.5,51,14.2,24.05
2025-02-08T16:00,20.6,58,11.8,23.5
2025-02-08T17:00,18.5,64,8.8,21.7
2025-02-08T18:00,15.8,76,7.9,19.6
2025-02-08T19:00,14.7,81,7.9,18.75
2025-02-08T20:00,13.9,83,7.8,18.05
2025-02-08T21:00,13.5,83,8.1,17.65
2025-02-08T22:00,13.5,83,8.3,17.65
2025-02-08T23:00,13.0,84,8.7,17.2
2025-02-09T00:00,12.5,85,9.0,16.75
2025-02-09T01:00,11.7,86,8.5,16.0
2025-02-09T02:00,11.1,87,8.4,15.45
2025-02-09T03:00,10.4,88,7.7,14.8
2025-02-09T04:00,9.7,89,7.5,14.149999999999999
2025-02-09T05:00,9.1,90,7.3,13.6
2025-02-09T06:00,8.4,91,5.7,12.95
2025-02-09T07:00,8.6,90,4.8,13.1
2025-02-09T08:00,11.5,82,6.7,15.600000000000001
2025-02-09T09:00,14.6,75,3.7,18.35
2025-02-09T10:00,17.5,67,3.8,20.85
2025-02-09T11:00,19.8,59,5.2,22.75
2025-02-09T12:00,21.5,52,7.1,24.1
2025-02-09T13:00,22.5,47,8.8,24.85
2025-02-09T14:00,22.9,43,10.3,25.049999999999997
2025-02-09T15:00,22.7,44,10.4,24.9
2025-02-09T16:00,21.7,54,9.0,24.4
2025-02-09T17:00,19.1,68,6.9,22.5
2025-02-09T18:00,16.6,76,8.0,20.400000000000002
2025-02-09T19:00,15.3,81,7.7,19.35
2025-02-09T20:00,14.2,84,7.1,18.4
2025-02-09T21:00,13.1,88,6.2,17.5
2025-02-09T22:00,12.4,91,4.6,16.95
2025-02-09T23:00,11.7,93,3.7,16.35
2025-02-10T00:00,10.9,95,4.5,15.65
2025-02-10T01:00,10.1,97,5.6,14.95
2025-02-10T02:00,9.8,98,5.7,14.700000000000001
2025-02-10T03:00,9.6,96,5.0,14.4
2025-02-10T04:00,9.2,96,4.7,14.0
2025-02-10T05:00,8.7,96,5.5,13.5
2025-02-10T06:00,8.9,99,5.7,13.850000000000001
2025-02-10T07:00,9.1,99,5.6,14.05
2025-02-10T08:00,11.9,94,7.2,16.6
2025-02-10T09:00,15.8,85,4.7,20.05
2025-02-10T10:00,19.1,73,4.1,22.75
2025-02-10T11:00,21.6,61,5.7,24.650000000000002
2025-02-10T12:00,23.1,52,6.6,25.700000000000003
2025-02-10T13:00,24.1,46,7.6,26.400000000000002
2025-02-10T14:00,24.3,43,8.8,26.45
2025-02-10T15:00,24.0,43,9.7,26.15
2025-02-10T16:00,22.9,54,7.5,25.599999999999998
2025-02-10T17:00,20.2,68,6.2,23.6
2025-02-10T18:00,17.4,76,7.7,21.2
2025-02-10T19:00,16.3,81,7.2,20.35
2025-02-10T20:00,15.2,86,6.7,19.5
2025-02-10T21:00,14.1,92,7.4,18.7
2025-02-10T22:00,13.7,92,6.4,18.3
2025-02-10T23:00,13.3,92,4.0,17.900000000000002
2025-02-11T00:00,13.1,92,1.7,17.7
2025-02-11T01:00,12.6,94,1.9,17.3
2025-02-11T02:00,12.1,95,2.1,16.85
2025-02-11T03:00,11.4,96,4.0,16.200000000000003
2025-02-11T04:00,10.6,98,4.9,15.5
2025-02-11T05:00,10.5,97,5.0,15.350000000000001
2025-02-11T06:00,9.6,100,5.9,14.6
2025-02-11T07:00,10.5,99,6.5,15.45
2025-02-11T08:00,12.3,98,7.0,17.200000000000003
2025-02-11T09:00,15.9,89,5.4,20.35
2025-02-11T10:00,19.5,77,4.9,23.35
2025-02-11T11:00,22.3,61,5.5,25.35
2025-02-11T12:00,24.0,49,5.7,26.45
2025-02-11T13:00,24.8,45,6.2,27.05
2025-02-11T14:00,25.1,46,8.1,27.400000000000002
2025-02-11T15:00,24.6,47,10.3,26.950000000000003
2025-02-11T16:00,23.6,56,7.8,26.400000000000002
2025-02-11T17:00,21.2,71,5.6,24.75
2025-02-11T18:00,18.6,73,7.5,22.25
2025-02-11T19:00,17.4,78,8.6,21.299999999999997
2025-02-11T20:00,15.9,86,7.9,20.2
2025-02-11T21:00,15.5,87,8.2,19.85
2025-02-11T22:00,14.6,85,6.7,18.85
2025-02-11T23:00,13.8,87,7.4,18.150000000000002
2025-02-12T00:00,13.4,85,7.8,17.65
2025-02-12T01:00,13.3,81,3.9,17.35
2025-02-12T02:00,12.6,82,3.1,16.7
2025-02-12T03:00,11.4,85,5.5,15.65
2025-02-12T04:00,10.7,87,7.3,15.05
2025-02-12T05:00,10.9,84,7.8,15.100000000000001
2025-02-12T06:00,11.5,90,9.2,16.0
2025-02-12T07:00,11.6,89,9.7,16.05
2025-02-12T08:00,13.9,82,11.9,18.0
2025-02-12T09:00,16.5,73,10.1,20.15
2025-02-12T10:00,19.0,66,10.0,22.3
2025-02-12T11:00,21.3,58,12.0,24.200000000000003
2025-02-12T12:00,22.9,49,16.2,25.349999999999998
2025-02-12T13:00,23.5,39,20.0,25.45
2025-02-12T14:00,23.4,38,19.0,25.299999999999997
2025-02-12T15:00,22.8,39,19.1,24.75
2025-02-12T16:00,21.6,47,17.1,23.950000000000003
2025-02-12T17:00,19.9,54,13.2,22.599999999999998
2025-02-12T18:00,18.0,61,11.7,21.05
2025-02-12T19:00,17.8,60,16.9,20.8
2025-02-12T20:00,17.2,58,16.2,20.1
2025-02-12T21:00,16.1,59,15.0,19.05
2025-02-12T22:00,15.2,60,13.8,18.2
2025-02-12T23:00,14.6,61,14.2,17.65
2025-02-13T00:00,14.1,62,14.0,17.2
2025-02-13T01:00,13.7,63,14.4,16.85
2025-02-13T02:00,13.4,65,15.3,16.65
2025-02-13T03:00,13.3,66,14.7,16.6
2025-02-13T04:00,13.0,66,14.3,16.3
2025-02-13T05:00,12.8,65,13.8,16.05
2025-02-13T06:00,12.5,72,16.5,16.1
2025-02-13T07:00,12.4,71,16.8,15.950000000000001
2025-02-13T08:00,13.7,70,17.3,17.2
2025-02-13T09:00,15.8,65,16.0,19.05
2025-02-13T10:00,18.1,58,17.6,21.0
2025-02-13T11:00,19.9,52,18.8,22.5
2025-02-13T12:00,21.2,47,19.2,23.55
2025-02-13T13:00,21.9,41,20.3,23.95
2025-02-13T14:00,22.1,38,21.6,24.0
2025-02-13T15:00,21.7,39,20.6,23.65
2025-02-13T16:00,20.9,45,17.7,23.15
2025-02-13T17:00,19.3,52,17.0,21.900000000000002
2025-02-13T18:00,17.9,58,13.3,20.799999999999997
2025-02-13T19:00,16.8,63,14.1,19.950000000000003
2025-02-13T20:00,16.2,62,15.2,19.3
2025-02-13T21:00,15.5,60,14.6,18.5
2025-02-13T22:00,14.9,59,14.0,17.85
2025-02-13T23:00,14.2,58,12.8,17.1
2025-02-14T00:00,13.5,58,12.1,16.4
2025-02-14T01:00,13.0,57,11.9,15.85
2025-02-14T02:00,12.5,58,11.3,15.4
2025-02-14T03:00,12.2,59,11.0,15.149999999999999
2025-02-14T04:00,11.7,60,10.8,14.7
2025-02-14T05:00,11.5,60,11.2,14.5
2025-02-14T06:00,11.3,66,12.8,14.600000000000001
2025-02-14T07:00,11.2,67,12.8,14.549999999999999
2025-02-14T08:00,12.9,66,15.2,16.2
2025-02-14T09:00,15.2,64,13.2,18.4
2025-02-14T10:00,17.5,58,14.2,20.4
2025-02-14T11:00,19.4,54,15.1,22.099999999999998
2025-02-14T12:00,21.0,47,16.6,23.35
2025-02-14T13:00,22.0,42,18.2,24.1
2025-02-14T14:00,22.2,41,17.9,24.25
2025-02-14T15:00,22.1,43,16.2,24.25
2025-02-14T16:00,21.2,50,13.5,23.7
2025-02-14T17:00,19.5,56,11.1,22.3
2025-02-14T18:00,18.3,57,11.9,21.150000000000002
2025-02-14T19:00,17.5,59,12.8,20.45
2025-02-14T20:00,17.0,60,13.1,20.0
2025-02-14T21:00,16.4,60,12.1,19.4
2025-02-14T22:00,15.8,61,10.3,18.85
2025-02-14T23:00,15.2,61,9.1,18.25
2025-02-15T00:00,13.8,67,7.5,17.150000000000002
2025-02-15T01:00,12.8,71,7.2,16.35
2025-02-15T02:00,12.7,70,5.2,16.2
2025-02-15T03:00,12.4,72,5.7,16.0
2025-02-15T04:00,11.6,74,6.4,15.3
2025-02-15T05:00,11.5,75,6.0,15.25
2025-02-15T06:00,10.9,81,6.5,14.95
2025-02-15T07:00,11.5,80,6.1,15.5
2025-02-15T08:00,14.3,71,5.9,17.85
2025-02-15T09:00,17.1,66,3.5,20.400000000000002
2025-02-15T10:00,19.8,59,5.6,22.75
2025-02-15T11:00,21.4,51,9.4,23.95
2025-02-15T12:00,22.9,37,11.9,24.75
2025-02-15T13:00,23.2,36,11.0,25.0
2025-02-15T14:00,23.4,36,10.5,25.2
2025-02-15T15:00,23.2,38,10.6,25.099999999999998
2025-02-15T16:00,22.3,42,11.6,24.400000000000002
2025-02-15T17:00,20.1,52,9.7,22.700000000000003
2025-02-15T18:00,18.8,56,6.2,21.6
2025-02-15T19:00,17.0,60,7.4,20.0
2025-02-15T20:00,15.9,66,5.3,19.2
2025-02-15T21:00,15.0,69,4.1,18.45
2025-02-15T22:00,14.1,72,4.9,17.7
2025-02-15T23:00,13.4,74,4.2,17.1
2025-02-16T00:00,13.0,74,0.6,16.7
2025-02-16T01:00,11.6,83,6.3,15.75
2025-02-16T02:00,11.1,86,2.3,15.399999999999999
2025-02-16T03:00,11.0,87,1.3,15.350000000000001
2025-02-16T04:00,10.4,90,3.8,14.9
2025-02-16T05:00,10.1,92,3.3,14.7
2025-02-16T06:00,10.3,93,3.5,14.950000000000001
2025-02-16T07:00,10.4,94,3.9,15.100000000000001
2025-02-16T08:00,14.0,85,5.8,18.25
2025-02-16T09:00,18.1,74,2.1,21.8
2025-02-16T10:00,20.8,64,1.3,24.0
2025-02-16T11:00,22.7,52,1.9,25.3
2025-02-16T12:00,23.8,44,2.4,26.0
2025-02-16T13:00,24.3,41,3.7,26.35
2025-02-16T14:00,24.6,39,2.9,26.55
2025-02-16T15:00,24.4,40,5.6,26.4
2025-02-16T16:00,23.0,49,9.7,25.45
2025-02-16T17:00,21.3,55,10.3,24.05
2025-02-16T18:00,19.7,57,11.2,22.55
2025-02-16T19:00,18.6,63,11.2,21.75
2025-02-16T20:00,17.4,71,8.5,20.95
2025-02-16T21:00,16.1,80,6.3,20.1
2025-02-16T22:00,15.1,86,6.2,19.4
2025-02-16T23:00,14.1,87,4.7,18.45
2025-02-17T00:00,13.3,90,6.6,17.8
2025-02-17T01:00,13.2,88,5.4,17.6
2025-02-17T02:00,12.9,86,3.4,17.2
2025-02-17T03:00,12.0,89,3.9,16.45
2025-02-17T04:00,11.6,93,5.1,16.25
2025-02-17T05:00,12.6,92,5.2,17.2
2025-02-17T06:00,11.6,93,4.5,16.25
2025-02-17T07:00,11.6,95,4.6,16.35
2025-02-17T08:00,14.4,86,5.5,18.7
2025-02-17T09:00,17.8,75,2.5,21.55
2025-02-17T10:00,20.5,65,2.2,23.75
2025-02-17T11:00,22.6,55,2.4,25.35
2025-02-17T12:00,24.0,45,3.5,26.25
2025-02-17T13:00,24.8,39,3.7,26.75
2025-02-17T14:00,25.3,37,3.4,27.150000000000002
2025-02-17T15:00,25.3,37,4.4,27.150000000000002
2025-02-17T16:00,24.7,41,5.8,26.75
2025-02-17T17:00,22.0,59,5.7,24.95
2025-02-17T18:00,19.2,70,6.3,22.7
2025-02-17T19:00,18.0,74,7.8,21.7
2025-02-17T20:00,17.4,77,7.5,21.25
2025-02-17T21:00,15.7,86,6.4,20.0
2025-02-17T22:00,15.1,88,4.9,19.5
2025-02-17T23:00,14.2,90,6.4,18.7
2025-02-18T00:00,14.9,88,6.4,19.3
2025-02-18T01:00,15.4,83,7.5,19.55
2025-02-18T02:00,14.8,83,6.7,18.950000000000003
2025-02-18T03:00,14.2,83,5.0,18.35
2025-02-18T04:00,14.1,84,4.2,18.3
2025-02-18T05:00,14.0,86,4.0,18.3
2025-02-18T06:00,14.2,87,3.5,18.55
2025-02-18T07:00,13.7,90,5.4,18.2
2025-02-18T08:00,16.5,79,8.1,20.45
2025-02-18T09:00,19.0,73,4.5,22.65
2025-02-18T10:00,21.3,64,6.3,24.5
2025-02-18T11:00,23.1,55,9.4,25.85
2025-02-18T12:00,23.1,52,11.5,25.700000000000003
2025-02-18T13:00,23.9,48,11.2,26.299999999999997
2025-02-18T14:00,24.6,44,12.0,26.8
2025-02-18T15:00,24.7,44,11.5,26.9
2025-02-18T16:00,24.0,47,10.0,26.35
2025-02-18T17:00,21.9,62,6.4,25.0
2025-02-18T18:00,19.1,65,7.4,22.35
2025-02-18T19:00,17.5,72,7.3,21.1
2025-02-18T20:00,16.4,77,6.6,20.25
2025-02-18T21:00,15.5,82,7.0,19.6
2025-02-18T22:00,15.0,85,7.8,19.25
2025-02-18T23:00,14.4,82,7.6,18.5
2025-02-19T00:00,13.8,77,8.0,17.650000000000002
2025-02-19T01:00,12.9,78,6.9,16.8
2025-02-19T02:00,12.2,80,6.4,16.2
2025-02-19T03:00,11.7,82,6.7,15.8
2025-02-19T04:00,11.3,83,7.0,15.450000000000001
2025-02-19T05:00,11.0,83,7.0,15.15
2025-02-19T06:00,10.9,88,6.9,15.3
2025-02-19T07:00,11.6,86,6.6,15.899999999999999
2025-02-19T08:00,14.2,77,7.6,18.05
2025-02-19T09:00,16.9,70,4.7,20.4
2025-02-19T10:00,19.3,62,4.9,22.400000000000002
2025-02-19T11:00,21.8,52,7.0,24.400000000000002
2025-02-19T12:00,23.6,42,7.4,25.700000000000003
2025-02-19T13:00,24.5,37,6.2,26.35
2025-02-19T14:00,25.2,35,4.5,26.95
2025-02-19T15:00,25.4,34,4.8,27.099999999999998
2025-02-19T16:00,24.9,37,7.1,26.75
2025-02-19T17:00,22.3,51,8.9,24.85
2025-02-19T18:00,19.8,58,9.5,22.700000000000003
2025-02-19T19:00,19.5,60,9.4,22.5
2025-02-19T20:00,18.8,63,8.0,21.950000000000003
2025-02-19T21:00,17.7,69,2.9,21.15
2025-02-19T22:00,17.3,68,4.4,20.700000000000003
2025-02-19T23:00,16.8,74,4.0,20.5
2025-02-20T00:00,16.2,75,5.3,19.95
2025-02-20T01:00,16.7,74,12.6,20.4
2025-02-20T02:00,15.4,89,11.8,19.85
2025-02-20T03:00,15.0,88,13.7,19.4
2025-02-20T04:00,14.7,85,11.8,18.95
2025-02-20T05:00,14.3,90,18.2,18.8
2025-02-20T06:00,15.2,89,12.5,19.65
2025-02-20T07:00,15.3,89,15.3,19.75
2025-02-20T08:00,16.4,89,10.1,20.849999999999998
2025-02-20T09:00,17.9,83,15.5,22.049999999999997
2025-02-20T10:00,19.9,71,12.8,23.45
2025-02-20T11:00,19.9,72,12.4,23.5
2025-02-20T12:00,20.4,67,15.5,23.75
2025-02-20T13:00,21.5,61,17.6,24.55
2025-02-20T14:00,22.5,54,18.3,25.2
2025-02-20T15:00,22.8,52,19.2,25.400000000000002
2025-02-20T16:00,22.3,53,16.9,24.950000000000003
2025-02-20T17:00,20.9,58,13.8,23.799999999999997
2025-02-20T18:00,20.0,68,12.1,23.4
2025-02-20T19:00,19.0,74,14.8,22.7
2025-02-20T20:00,16.8,84,18.9,21.0
2025-02-20T21:00,15.8,93,14.3,20.450000000000003
2025-02-20T22:00,16.3,89,13.5,20.75
2025-02-20T23:00,15.4,92,15.1,20.0
2025-02-21T00:00,15.2,93,11.3,19.85
2025-02-21T01:00,14.6,94,9.9,19.3
2025-02-21T02:00,14.2,93,9.0,18.85
2025-02-21T03:00,13.9,92,9.1,18.5
2025-02-21T04:00,13.5,93,7.8,18.15
2025-02-21T05:00,12.8,94,6.3,17.5
2025-02-21T06:00,12.3,95,5.6,17.05
2025-02-21T07:00,12.7,95,4.4,17.45
2025-02-21T08:00,14.9,90,4.0,19.4
2025-02-21T09:00,17.1,83,1.0,21.25
2025-02-21T10:00,19.2,74,1.2,22.9
2025-02-21T11:00,21.2,66,2.7,24.5
2025-02-21T12:00,22.6,59,4.0,25.55
2025-02-21T13:00,23.4,56,3.8,26.2
2025-02-21T14:00,23.7,54,4.3,26.4
2025-02-21T15:00,23.6,54,7.7,26.3
2025-02-21T16:00,22.7,58,12.0,25.6
2025-02-21T17:00,21.2,67,11.5,24.55
2025-02-21T18:00,19.7,73,10.6,23.35
2025-02-21T19:00,18.8,77,11.6,22.650000000000002
2025-02-21T20:00,17.7,83,9.8,21.85
2025-02-21T21:00,16.6,89,9.0,21.05
2025-02-21T22:00,15.7,92,8.3,20.3
2025-02-21T23:00,15.2,93,9.2,19.85
2025-02-22T00:00,14.8,93,10.5,19.450000000000003
2025-02-22T01:00,14.3,93,10.2,18.950000000000003
2025-02-22T02:00,13.7,93,9.7,18.35
2025-02-22T03:00,13.2,94,10.2,17.9
2025-02-22T04:00,12.9,94,10.7,17.6
2025-02-22T05:00,12.6,93,10.3,17.25
2025-02-22T06:00,12.6,95,9.4,17.35
2025-02-22T07:00,12.7,94,9.9,17.4
2025-02-22T08:00,14.5,87,10.0,18.85
2025-02-22T09:00,16.5,79,10.6,20.45
2025-02-22T10:00,18.6,72,9.3,22.200000000000003
2025-02-22T11:00,20.5,63,10.3,23.65
2025-02-22T12:00,21.7,54,12.2,24.4
2025-02-22T13:00,21.9,51,14.0,24.45
2025-02-22T14:00,22.0,52,13.7,24.6
2025-02-22T15:00,22.0,51,13.6,24.55
2025-02-22T16:00,21.4,52,13.1,24.0
2025-02-22T17:00,19.9,61,10.1,22.95
2025-02-22T18:00,17.5,70,8.7,21.0
2025-02-22T19:00,16.5,75,8.6,20.25
2025-02-22T20:00,15.7,80,8.3,19.7
2025-02-22T21:00,15.2,85,8.2,19.45
2025-02-22T22:00,14.8,88,8.2,19.200000000000003
2025-02-22T23:00,14.3,87,7.6,18.650000000000002
2025-02-23T00:00,13.8,87,7.8,18.150000000000002
2025-02-23T01:00,13.5,87,7.8,17.85
2025-02-23T02:00,13.1,88,7.5,17.5
2025-02-23T03:00,12.5,89,7.0,16.95
2025-02-23T04:00,12.1,89,6.8,16.55
2025-02-23T05:00,11.6,91,6.5,16.15
2025-02-23T06:00,11.4,94,6.1,16.1
2025-02-23T07:00,12.0,93,6.1,16.65
2025-02-23T08:00,14.5,85,6.9,18.75
2025-02-23T09:00,17.2,77,5.5,21.05
2025-02-23T10:00,19.7,70,6.5,23.2
2025-02-23T11:00,21.6,60,8.4,24.6
2025-02-23T12:00,22.7,51,10.2,25.25
2025-02-23T13:00,23.2,49,10.8,25.65
2025-02-23T14:00,23.4,49,10.8,25.849999999999998
2025-02-23T15:00,23.2,49,10.9,25.65
2025-02-23T16:00,22.6,51,10.5,25.150000000000002
2025-02-23T17:00,20.8,63,7.5,23.950000000000003
2025-02-23T18:00,18.1,75,6.9,21.85
2025-02-23T19:00,16.4,82,6.6,20.5
2025-02-23T20:00,15.3,86,6.3,19.6
2025-02-23T21:00,14.5,88,4.8,18.9
2025-02-23T22:00,13.8,89,4.7,18.25
2025-02-23T23:00,13.2,90,4.1,17.7
2025-02-24T00:00,12.4,92,4.2,17.0
2025-02-24T01:00,11.6,94,5.6,16.3
2025-02-24T02:00,11.2,94,5.9,15.899999999999999
2025-02-24T03:00,10.9,93,5.9,15.55
2025-02-24T04:00,10.5,93,5.9,15.15
2025-02-24T05:00,10.2,93,4.9,14.85
2025-02-24T06:00,10.7,95,5.8,15.45
2025-02-24T07:00,11.4,95,5.2,16.15
2025-02-24T08:00,14.3,87,4.8,18.650000000000002
2025-02-24T09:00,17.4,79,3.6,21.349999999999998
2025-02-24T10:00,20.2,70,4.5,23.7
2025-02-24T11:00,22.2,60,5.1,25.2
2025-02-24T12:00,23.4,50,6.7,25.9
2025-02-24T13:00,24.1,45,9.0,26.35
2025-02-24T14:00,24.3,41,10.0,26.35
2025-02-24T15:00,24.1,40,10.7,26.1
2025-02-24T16:00,23.3,44,10.3,25.5
2025-02-24T17:00,21.2,60,7.3,24.2
2025-02-24T18:00,18.8,70,8.5,22.3
2025-02-24T19:00,17.2,77,7.3,21.05
2025-02-24T20:00,15.8,83,7.2,19.950000000000003
2025-02-24T21:00,14.9,84,6.0,19.1
2025-02-24T22:00,14.3,85,4.8,18.55
2025-02-24T23:00,13.5,87,6.0,17.85
2025-02-25T00:00,13.0,88,5.4,17.4
2025-02-25T01:00,12.4,89,6.2,16.85
2025-02-25T02:00,12.1,89,4.8,16.55
2025-02-25T03:00,11.4,91,5.3,15.95
2025-02-25T04:00,11.0,92,4.9,15.600000000000001
2025-02-25T05:00,10.9,93,6.7,15.55
2025-02-25T06:00,11.7,95,3.8,16.45
2025-02-25T07:00,12.0,96,4.9,16.8
2025-02-25T08:00,15.0,87,6.2,19.35
2025-02-25T09:00,18.3,78,6.5,22.200000000000003
2025-02-25T10:00,21.1,66,5.5,24.400000000000002
2025-02-25T11:00,23.2,56,6.4,26.0
2025-02-25T12:00,24.4,46,6.5,26.7
2025-02-25T13:00,25.0,42,8.4,27.1
2025-02-25T14:00,25.1,40,8.6,27.1
2025-02-25T15:00,24.7,41,7.6,26.75
2025-02-25T16:00,23.8,49,7.4,26.25
2025-02-25T17:00,22.3,67,4.1,25.650000000000002
2025-02-25T18:00,19.6,68,6.9,23.0
2025-02-25T19:00,18.1,73,6.7,21.75
2025-02-25T20:00,17.3,73,4.5,20.950000000000003
2025-02-25T21:00,16.8,73,2.9,20.450000000000003
2025-02-25T22:00,16.5,72,2.4,20.1
2025-02-25T23:00,16.0,75,2.2,19.75
2025-02-26T00:00,15.2,79,5.2,19.15
2025-02-26T01:00,14.9,80,5.1,18.9
2025-02-26T02:00,15.1,81,2.5,19.15
2025-02-26T03:00,15.0,82,2.0,19.1
2025-02-26T04:00,14.7,83,6.2,18.85
2025-02-26T05:00,15.8,75,1.0,19.55
2025-02-26T06:00,15.1,88,2.6,19.5
2025-02-26T07:00,15.2,89,2.3,19.65
2025-02-26T08:00,17.1,83,6.2,21.25
2025-02-26T09:00,19.2,78,6.9,23.1
2025-02-26T10:00,22.4,63,7.6,25.549999999999997
2025-02-26T11:00,24.5,56,6.9,27.3
2025-02-26T12:00,25.9,53,6.2,28.549999999999997
2025-02-26T13:00,26.8,50,3.7,29.3
2025-02-26T14:00,27.3,46,4.3,29.6
2025-02-26T15:00,27.3,46,4.5,29.6
2025-02-26T16:00,26.6,50,4.8,29.1
2025-02-26T17:00,24.6,69,4.1,28.05
2025-02-26T18:00,22.6,64,0.2,25.8
2025-02-26T19:00,21.4,67,1.1,24.75
2025-02-26T20:00,20.4,72,1.2,24.0
2025-02-26T21:00,19.9,74,2.2,23.599999999999998
2025-02-26T22:00,19.4,79,6.2,23.349999999999998
2025-02-26T23:00,18.9,84,4.4,23.099999999999998
2025-02-27T00:00,18.2,87,3.1,22.55
2025-02-27T01:00,17.8,87,1.0,22.150000000000002
2025-02-27T02:00,16.6,92,6.5,21.200000000000003
2025-02-27T03:00,16.8,89,7.1,21.25
2025-02-27T04:00,16.4,89,6.2,20.849999999999998
2025-02-27T05:00,17.9,82,15.4,22.0
2025-02-27T06:00,17.7,94,4.7,22.4
2025-02-27T07:00,18.8,89,9.4,23.25
2025-02-27T08:00,18.5,91,11.8,23.05
2025-02-27T09:00,18.7,92,7.3,23.3
2025-02-27T10:00,19.4,92,13.2,24.0
2025-02-27T11:00,19.1,87,16.7,23.450000000000003
2025-02-27T12:00,19.7,84,17.9,23.9
2025-02-27T13:00,20.9,75,14.1,24.65
2025-02-27T14:00,21.5,68,13.7,24.9
2025-02-27T15:00,21.3,69,10.4,24.75
2025-02-27T16:00,20.5,74,7.2,24.2
2025-02-27T17:00,20.0,71,9.8,23.55
2025-02-27T18:00,19.5,71,6.3,23.05
2025-02-27T19:00,18.9,75,7.3,22.65
2025-02-27T20:00,18.1,81,6.3,22.150000000000002
2025-02-27T21:00,18.4,79,8.6,22.349999999999998
2025-02-27T22:00,18.5,72,13.0,22.1
2025-02-27T23:00,18.1,72,16.0,21.700000000000003
2025-02-28T00:00,18.3,68,15.7,21.700000000000003
2025-02-28T01:00,18.3,68,10.7,21.700000000000003
2025-02-28T02:00,18.0,70,8.7,21.5
2025-02-28T03:00,17.8,71,9.3,21.35
2025-02-28T04:00,17.9,72,13.9,21.5
2025-02-28T05:00,17.5,74,15.4,21.2
2025-02-28T06:00,18.0,80,8.6,22.0
2025-02-28T07:00,17.9,80,9.1,21.9
2025-02-28T08:00,17.6,83,15.2,21.75
2025-02-28T09:00,17.0,90,10.5,21.5
2025-02-28T10:00,17.4,92,15.0,22.0
2025-02-28T11:00,18.4,85,19.1,22.65
2025-02-28T12:00,18.8,81,15.5,22.85
2025-02-28T13:00,20.1,73,15.7,23.75
2025-02-28T14:00,21.7,67,14.3,25.05
2025-02-28T15:00,21.9,67,15.8,25.25
2025-02-28T16:00,21.7,70,13.8,25.2
2025-02-28T17:00,20.8,74,10.0,24.5
2025-02-28T18:00,18.7,90,4.8,23.2
2025-02-28T19:00,18.8,91,9.5,23.35
2025-02-28T20:00,18.5,90,7.9,23.0
2025-02-28T21:00,17.3,91,4.4,21.85
2025-02-28T22:00,16.6,92,9.9,21.200000000000003
2025-02-28T23:00,16.2,91,12.7,20.75
2025-03-01T00:00,16.0,91,11.2,20.55
2025-03-01T01:00,15.4,93,6.4,20.05
2025-03-01T02:00,15.3,93,9.9,19.950000000000003
2025-03-01T03:00,15.1,93,10.1,19.75
2025-03-01T04:00,14.7,91,10.2,19.25
2025-03-01T05:00,14.5,91,11.2,19.05
2025-03-01T06:00,15.9,94,11.0,20.6
2025-03-01T07:00,16.0,94,12.4,20.7
2025-03-01T08:00,17.1,89,12.6,21.55
2025-03-01T09:00,18.9,81,12.0,22.95
2025-03-01T10:00,19.1,81,8.6,23.150000000000002
2025-03-01T11:00,20.6,77,6.4,24.450000000000003
2025-03-01T12:00,22.1,73,5.5,25.75
2025-03-01T13:00,23.2,70,6.1,26.7
2025-03-01T14:00,23.6,68,4.8,27.0
2025-03-01T15:00,23.6,69,3.6,27.05
2025-03-01T16:00,23.4,68,2.2,26.799999999999997
2025-03-01T17:00,22.6,75,3.2,26.35
2025-03-01T18:00,20.3,83,2.8,24.450000000000003
2025-03-01T19:00,19.1,87,3.6,23.450000000000003
2025-03-01T20:00,17.8,92,6.7,22.400000000000002
2025-03-01T21:00,17.6,88,8.2,22.0
2025-03-01T22:00,17.2,89,8.6,21.65
2025-03-01T23:00,16.7,91,8.8,21.25
2025-03-02T00:00,16.1,93,8.0,20.75
2025-03-02T01:00,15.5,93,7.0,20.15
2025-03-02T02:00,15.0,93,6.9,19.65
2025-03-02T03:00,14.8,93,7.6,19.450000000000003
2025-03-02T04:00,14.3,93,8.1,18.950000000000003
2025-03-02T05:00,13.7,92,7.2,18.3
2025-03-02T06:00,14.2,92,7.4,18.8
2025-03-02T07:00,14.6,90,7.5,19.1
2025-03-02T08:00,16.6,84,6.9,20.8
2025-03-02T09:00,19.0,77,8.1,22.85
2025-03-02T10:00,21.2,69,8.9,24.65
2025-03-02T11:00,22.9,52,11.3,25.5
2025-03-02T12:00,23.7,45,13.4,25.95
2025-03-02T13:00,23.9,43,15.2,26.049999999999997
2025-03-02T14:00,23.7,44,16.1,25.9
2025-03-02T15:00,23.1,47,16.0,25.450000000000003
2025-03-02T16:00,22.2,51,13.4,24.75
2025-03-02T17:00,20.4,59,9.9,23.349999999999998
2025-03-02T18:00,17.9,66,8.6,21.2
2025-03-02T19:00,16.4,71,7.8,19.95
2025-03-02T20:00,15.1,78,7.7,19.0
2025-03-02T21:00,14.2,80,7.7,18.2
2025-03-02T22:00,13.4,80,7.5,17.4
2025-03-02T23:00,12.8,80,7.3,16.8
2025-03-03T00:00,12.1,83,7.6,16.25
2025-03-03T01:00,11.7,84,8.1,15.899999999999999
2025-03-03T02:00,11.5,82,8.1,15.600000000000001
2025-03-03T03:00,11.3,83,8.2,15.450000000000001
2025-03-03T04:00,10.7,85,7.4,14.95
2025-03-03T05:00,10.4,86,6.0,14.7
2025-03-03T06:00,10.8,87,4.8,15.150000000000002
2025-03-03T07:00,11.7,87,4.3,16.05
2025-03-03T08:00,15.0,78,3.9,18.9
2025-03-03T09:00,18.7,69,2.1,22.15
2025-03-03T10:00,21.5,58,0.5,24.4
2025-03-03T11:00,23.5,46,1.8,25.8
2025-03-03T12:00,25.0,37,2.5,26.85
2025-03-03T13:00,25.7,35,4.5,27.45
2025-03-03T14:00,25.9,35,4.5,27.65
2025-03-03T15:00,26.0,37,4.4,27.85
2025-03-03T16:00,25.8,44,3.8,28.0
2025-03-03T17:00,23.4,62,6.0,26.5
2025-03-03T18:00,21.3,60,8.7,24.3
2025-03-03T19:00,20.1,66,8.1,23.400000000000002
2025-03-03T20:00,19.1,71,8.2,22.650000000000002
2025-03-03T21:00,18.5,73,8.2,22.15
2025-03-03T22:00,18.0,74,7.6,21.7
2025-03-03T23:00,19.2,66,14.5,22.5
2025-03-04T00:00,19.9,59,13.7,22.849999999999998
2025-03-04T01:00,18.7,65,15.1,21.95
2025-03-04T02:00,17.0,74,14.9,20.7
2025-03-04T03:00,15.3,80,5.7,19.3
2025-03-04T04:00,14.5,83,1.6,18.65
2025-03-04T05:00,13.6,87,3.6,17.95
2025-03-04T06:00,13.7,93,3.5,18.35
2025-03-04T07:00,14.4,94,2.4,19.1
2025-03-04T08:00,17.7,83,5.8,21.85
2025-03-04T09:00,20.1,73,11.0,23.75
2025-03-04T10:00,21.6,67,13.3,24.950000000000003
2025-03-04T11:00,22.7,66,13.9,26.0
2025-03-04T12:00,23.2,61,14.3,26.25
2025-03-04T13:00,23.9,52,13.2,26.5
2025-03-04T14:00,23.8,47,15.3,26.150000000000002
2025-03-04T15:00,23.5,44,17.3,25.7
2025-03-04T16:00,22.8,47,16.6,25.150000000000002
2025-03-04T17:00,21.2,54,18.3,23.9
2025-03-04T18:00,19.8,59,18.3,22.75
2025-03-04T19:00,18.4,62,13.8,21.5
2025-03-04T20:00,17.6,61,17.2,20.650000000000002
2025-03-04T21:00,17.0,55,18.1,19.75
2025-03-04T22:00,16.0,58,15.7,18.9
2025-03-04T23:00,15.2,61,15.9,18.25
2025-03-05T00:00,14.6,62,16.7,17.7
2025-03-05T01:00,14.1,64,18.4,17.3
2025-03-05T02:00,13.6,65,18.5,16.85
2025-03-05T03:00,13.1,67,18.0,16.45
2025-03-05T04:00,12.6,65,18.6,15.85
2025-03-05T05:00,12.3,60,19.5,15.3
2025-03-05T06:00,12.2,63,20.3,15.35
2025-03-05T07:00,12.4,62,21.0,15.5
2025-03-05T08:00,13.7,64,18.3,16.9
2025-03-05T09:00,15.4,60,22.8,18.4
2025-03-05T10:00,17.2,55,24.9,19.95
2025-03-05T11:00,18.8,51,26.0,21.35
2025-03-05T12:00,20.1,45,27.9,22.35
2025-03-05T13:00,20.9,41,29.1,22.95
2025-03-05T14:00,21.2,41,27.3,23.25
2025-03-05T15:00,21.2,43,26.1,23.349999999999998
2025-03-05T16:00,20.7,45,23.7,22.95
2025-03-05T17:00,19.4,46,21.5,21.7
2025-03-05T18:00,19.0,41,22.9,21.05
2025-03-05T19:00,18.5,39,22.5,20.45
2025-03-05T20:00,18.0,39,22.9,19.95
2025-03-05T21:00,17.7,41,23.0,19.75
2025-03-05T22:00,17.4,40,22.0,19.4
2025-03-05T23:00,16.9,41,20.4,18.95
2025-03-06T00:00,15.9,45,16.9,18.15
2025-03-06T01:00,14.8,50,14.9,17.3
2025-03-06T02:00,14.0,54,15.1,16.7
2025-03-06T03:00,13.4,56,15.1,16.2
2025-03-06T04:00,12.9,56,15.7,15.700000000000001
2025-03-06T05:00,12.7,56,16.1,15.5
2025-03-06T06:00,12.2,60,15.9,15.2
2025-03-06T07:00,12.5,61,16.7,15.55
2025-03-06T08:00,14.5,62,17.3,17.6
2025-03-06T09:00,16.9,58,15.2,19.799999999999997
2025-03-06T10:00,19.1,53,16.4,21.75
2025-03-06T11:00,21.0,49,16.8,23.45
2025-03-06T12:00,22.5,44,17.0,24.7
2025-03-06T13:00,23.5,40,16.9,25.5
2025-03-06T14:00,24.1,39,15.8,26.05
2025-03-06T15:00,24.2,39,14.3,26.15
2025-03-06T16:00,23.7,46,11.1,26.0
2025-03-06T17:00,21.7,56,8.4,24.5
2025-03-06T18:00,18.7,57,8.4,21.55
2025-03-06T19:00,17.2,62,7.4,20.3
2025-03-06T20:00,16.1,66,7.8,19.400000000000002
2025-03-06T21:00,15.6,65,7.9,18.85
2025-03-06T22:00,14.9,66,7.6,18.2
2025-03-06T23:00,14.3,68,3.2,17.700000000000003
2025-03-07T00:00,12.3,79,7.3,16.25
2025-03-07T01:00,12.1,77,2.4,15.95
2025-03-07T02:00,11.6,77,3.9,15.45
2025-03-07T03:00,10.9,80,4.3,14.9
2025-03-07T04:00,10.2,82,4.4,14.3
2025-03-07T05:00,9.5,85,4.3,13.75
2025-03-07T06:00,9.4,88,5.9,13.8
2025-03-07T07:00,11.1,83,6.3,15.25
2025-03-07T08:00,14.5,72,6.9,18.1
2025-03-07T09:00,17.9,66,3.7,21.2
2025-03-07T10:00,20.3,59,4.5,23.25
2025-03-07T11:00,22.4,50,4.0,24.9
2025-03-07T12:00,24.0,43,6.0,26.15
2025-03-07T13:00,25.2,37,8.6,27.05
2025-03-07T14:00,25.7,33,11.5,27.349999999999998
2025-03-07T15:00,25.6,33,12.2,27.25
2025-03-07T16:00,24.8,40,10.9,26.8
2025-03-07T17:00,22.6,52,8.1,25.200000000000003
2025-03-07T18:00,19.1,61,7.7,22.150000000000002
2025-03-07T19:00,18.1,64,6.7,21.3
2025-03-07T20:00,17.2,67,6.6,20.55
2025-03-07T21:00,16.3,71,7.2,19.85
2025-03-07T22:00,15.0,76,7.7,18.8
2025-03-07T23:00,14.8,68,8.6,18.200000000000003
2025-03-08T00:00,14.3,64,7.6,17.5
2025-03-08T01:00,13.6,65,7.1,16.85
2025-03-08T02:00,13.2,67,7.9,16.55
2025-03-08T03:00,12.9,68,8.5,16.3
2025-03-08T04:00,12.7,69,9.0,16.15
2025-03-08T05:00,12.1,72,8.4,15.7
2025-03-08T06:00,12.3,81,8.8,16.35
2025-03-08T07:00,13.5,77,11.0,17.35
2025-03-08T08:00,16.3,73,11.2,19.950000000000003
2025-03-08T09:00,19.5,66,8.5,22.8
2025-03-08T10:00,22.5,58,10.8,25.4
2025-03-08T11:00,24.8,49,12.0,27.25
2025-03-08T12:00,26.3,40,13.6,28.3
2025-03-08T13:00,27.1,34,15.4,28.8
2025-03-08T14:00,27.1,34,15.7,28.8
2025-03-08T15:00,26.9,35,13.9,28.65
2025-03-08T16:00,26.0,41,11.1,28.05
2025-03-08T17:00,23.7,53,8.2,26.35
2025-03-08T18:00,20.5,61,7.4,23.55
2025-03-08T19:00,19.5,63,4.7,22.65
2025-03-08T20:00,18.8,65,2.2,22.05
2025-03-08T21:00,18.0,68,1.2,21.4
2025-03-08T22:00,17.1,72,0.4,20.700000000000003
2025-03-08T23:00,15.7,78,1.5,19.6
2025-03-09T00:00,14.5,84,3.1,18.7
2025-03-09T01:00,13.6,89,5.8,18.05
2025-03-09T02:00,13.9,87,1.0,18.25
2025-03-09T03:00,13.1,89,3.1,17.55
2025-03-09T04:00,13.0,88,3.3,17.4
2025-03-09T05:00,12.7,88,6.6,17.1
2025-03-09T06:00,13.9,87,5.3,18.25
2025-03-09T07:00,15.5,84,5.2,19.7
2025-03-09T08:00,19.3,74,5.7,23.0
2025-03-09T09:00,22.8,66,3.9,26.1
2025-03-09T10:00,25.5,54,5.8,28.2
2025-03-09T11:00,27.2,44,6.5,29.4
2025-03-09T12:00,28.2,39,6.1,30.15
2025-03-09T13:00,28.9,36,5.4,30.7
2025-03-09T14:00,29.2,35,5.3,30.95
2025-03-09T15:00,29.1,35,6.8,30.85
2025-03-09T16:00,28.5,37,8.1,30.35
2025-03-09T17:00,26.1,54,6.3,28.8
2025-03-09T18:00,22.4,64,6.2,25.599999999999998
2025-03-09T19:00,20.6,69,6.3,24.05
2025-03-09T20:00,19.2,77,6.8,23.05
2025-03-09T21:00,19.2,73,9.3,22.85
2025-03-09T22:00,18.8,71,9.0,22.35
2025-03-09T23:00,18.3,72,9.1,21.900000000000002
2025-03-10T00:00,17.3,77,7.2,21.150000000000002
2025-03-10T01:00,16.7,80,8.3,20.7
2025-03-10T02:00,17.0,78,9.7,20.9
2025-03-10T03:00,16.7,78,8.0,20.6
2025-03-10T04:00,16.0,79,7.4,19.95
2025-03-10T05:00,15.7,78,7.5,19.6
2025-03-10T06:00,16.2,79,8.1,20.15
2025-03-10T07:00,17.3,76,10.7,21.1
2025-03-10T08:00,19.8,72,10.1,23.400000000000002
2025-03-10T09:00,22.4,66,7.7,25.7
2025-03-10T10:00,24.8,59,8.9,27.75
2025-03-10T11:00,26.7,52,10.3,29.3
2025-03-10T12:00,28.2,43,12.9,30.349999999999998
2025-03-10T13:00,29.0,39,11.8,30.95
2025-03-10T14:00,29.2,38,10.7,31.099999999999998
2025-03-10T15:00,29.1,39,10.1,31.05
2025-03-10T16:00,28.5,41,9.2,30.55
2025-03-10T17:00,26.2,57,6.4,29.05
2025-03-10T18:00,23.3,65,5.6,26.55
2025-03-10T19:00,21.6,70,6.0,25.1
2025-03-10T20:00,20.1,75,5.5,23.85
2025-03-10T21:00,19.3,76,5.8,23.1
2025-03-10T22:00,19.1,75,4.6,22.85
2025-03-10T23:00,17.7,79,5.5,21.65
2025-03-11T00:00,16.6,82,5.7,20.700000000000003
2025-03-11T01:00,15.9,85,5.8,20.15
2025-03-11T02:00,15.6,87,4.9,19.95
2025-03-11T03:00,15.5,87,1.6,19.85
2025-03-11T04:00,15.0,89,2.8,19.45
2025-03-11T05:00,14.7,90,1.6,19.2
2025-03-11T06:00,15.1,95,1.0,19.85
2025-03-11T07:00,16.4,92,2.8,21.0
2025-03-11T08:00,20.4,80,4.3,24.4
2025-03-11T09:00,24.0,66,2.5,27.3
2025-03-11T10:00,26.3,56,3.3,29.1
2025-03-11T11:00,27.9,49,3.0,30.349999999999998
2025-03-11T12:00,29.2,43,1.5,31.349999999999998
2025-03-11T13:00,30.0,39,2.4,31.95
2025-03-11T14:00,30.4,38,5.5,32.3
2025-03-11T15:00,30.1,39,7.4,32.050000000000004
2025-03-11T16:00,29.0,44,4.8,31.2
2025-03-11T17:00,27.3,59,5.2,30.25
2025-03-11T18:00,23.6,74,6.1,27.3
2025-03-11T19:00,22.8,76,7.9,26.6
2025-03-11T20:00,21.4,83,6.9,25.549999999999997
2025-03-11T21:00,20.3,89,7.7,24.75
2025-03-11T22:00,20.1,86,6.9,24.400000000000002
2025-03-11T23:00,19.5,85,7.4,23.75
2025-03-12T00:00,19.4,85,8.8,23.65
2025-03-12T01:00,18.9,86,9.7,23.2
2025-03-12T02:00,18.3,87,8.7,22.650000000000002
2025-03-12T03:00,17.9,87,8.9,22.25
2025-03-12T04:00,17.5,86,9.3,21.8
2025-03-12T05:00,17.3,85,9.1,21.55
2025-03-12T06:00,16.6,92,8.2,21.200000000000003
2025-03-12T07:00,17.6,89,10.1,22.05
2025-03-12T08:00,19.8,83,8.5,23.950000000000003
2025-03-12T09:00,22.7,74,8.5,26.4
2025-03-12T10:00,25.5,63,11.1,28.65
2025-03-12T11:00,27.4,51,12.4,29.95
2025-03-12T12:00,28.8,43,13.3,30.95
2025-03-12T13:00,29.6,41,13.3,31.650000000000002
2025-03-12T14:00,30.1,40,14.3,32.1
2025-03-12T15:00,29.9,42,14.3,32.0
2025-03-12T16:00,29.1,45,12.9,31.35
2025-03-12T17:00,27.2,54,10.9,29.9
2025-03-12T18:00,24.9,60,9.2,27.9
2025-03-12T19:00,23.7,63,8.5,26.85
2025-03-12T20:00,22.8,67,8.6,26.150000000000002
2025-03-12T21:00,21.9,69,9.8,25.349999999999998
2025-03-12T22:00,22.0,70,10.9,25.5
2025-03-12T23:00,20.8,75,7.3,24.55
2025-03-13T00:00,19.5,79,6.9,23.45
2025-03-13T01:00,18.8,78,5.9,22.700000000000003
2025-03-13T02:00,18.4,77,5.9,22.25
2025-03-13T03:00,18.0,76,6.1,21.8
2025-03-13T04:00,17.6,76,3.9,21.400000000000002
2025-03-13T05:00,16.9,80,4.4,20.9
2025-03-13T06:00,17.1,88,5.8,21.5
2025-03-13T07:00,18.6,82,9.4,22.700000000000003
2025-03-13T08:00,21.2,76,6.0,25.0
2025-03-13T09:00,23.8,69,3.6,27.25
2025-03-13T10:00,25.9,64,3.9,29.099999999999998
2025-03-13T11:00,22.0,74,12.2,25.7
2025-03-13T12:00,25.4,58,5.7,28.299999999999997
2025-03-13T13:00,28.8,45,1.6,31.05
2025-03-13T14:00,29.7,40,1.5,31.7
2025-03-13T15:00,29.9,37,1.8,31.75
2025-03-13T16:00,28.2,41,7.3,30.25
2025-03-13T17:00,23.1,67,19.8,26.450000000000003
2025-03-13T18:00,22.8,61,8.5,25.85
2025-03-13T19:00,21.5,63,3.5,24.65
2025-03-13T20:00,20.3,68,6.0,23.700000000000003
2025-03-13T21:00,19.5,74,3.5,23.2
2025-03-13T22:00,18.8,78,3.4,22.700000000000003
2025-03-13T23:00,17.7,83,5.6,21.85
2025-03-14T00:00,17.4,84,8.1,21.599999999999998
2025-03-14T01:00,17.2,82,7.2,21.3
2025-03-14T02:00,16.5,85,4.7,20.75
2025-03-14T03:00,16.4,85,3.3,20.65
2025-03-14T04:00,16.4,85,1.0,20.65
2025-03-14T05:00,15.8,88,3.1,20.200000000000003
2025-03-14T06:00,16.1,96,3.8,20.900000000000002
2025-03-14T07:00,18.0,91,6.5,22.55
2025-03-14T08:00,21.3,80,1.5,25.3
2025-03-14T09:00,24.7,70,0.9,28.2
2025-03-14T10:00,27.4,54,2.5,30.099999999999998
2025-03-14T11:00,29.2,46,3.9,31.5
2025-03-14T12:00,30.7,36,3.6,32.5
2025-03-14T13:00,31.5,26,1.4,32.8
2025-03-14T14:00,31.4,25,4.0,32.65
2025-03-14T15:00,31.1,26,8.3,32.4
2025-03-14T16:00,29.2,37,10.0,31.05
2025-03-14T17:00,27.4,43,7.8,29.549999999999997
2025-03-14T18:00,24.5,51,6.5,27.05
2025-03-14T19:00,22.8,57,5.0,25.650000000000002
2025-03-14T20:00,22.1,65,9.0,25.35
2025-03-14T21:00,21.1,69,9.6,24.55
2025-03-14T22:00,20.0,79,14.3,23.95
2025-03-14T23:00,19.4,81,15.9,23.45
2025-03-15T00:00,19.0,77,13.0,22.85
2025-03-15T01:00,18.7,76,15.2,22.5
2025-03-15T02:00,18.9,70,14.7,22.4
2025-03-15T03:00,18.1,74,14.2,21.8
2025-03-15T04:00,17.1,75,6.8,20.85
2025-03-15T05:00,16.6,76,8.5,20.400000000000002
2025-03-15T06:00,18.5,73,20.6,22.15
2025-03-15T07:00,18.8,72,13.9,22.400000000000002
2025-03-15T08:00,20.5,68,11.9,23.9
2025-03-15T09:00,22.4,62,10.1,25.5
2025-03-15T10:00,24.3,56,13.0,27.1
2025-03-15T11:00,26.0,50,12.6,28.5
2025-03-15T12:00,27.2,49,12.5,29.65
2025-03-15T13:00,28.5,47,11.0,30.85
2025-03-15T14:00,29.5,43,8.5,31.65
2025-03-15T15:00,29.5,42,10.5,31.6
2025-03-15T16:00,29.1,46,8.3,31.400000000000002
2025-03-15T17:00,27.0,60,5.3,30.0
2025-03-15T18:00,24.4,54,12.3,27.099999999999998
2025-03-15T19:00,22.6,59,5.5,25.55
2025-03-15T20:00,21.0,68,8.8,24.4
2025-03-15T21:00,20.7,72,11.3,24.3
2025-03-15T22:00,19.8,75,11.4,23.55
2025-03-15T23:00,19.1,75,12.0,22.85
2025-03-16T00:00,18.6,75,12.3,22.35
2025-03-16T01:00,18.0,78,11.7,21.9
2025-03-16T02:00,17.4,81,8.0,21.45
2025-03-16T03:00,17.0,81,8.8,21.05
2025-03-16T04:00,16.0,86,4.6,20.3
2025-03-16T05:00,15.9,83,5.3,20.05
2025-03-16T06:00,16.5,84,6.3,20.7
2025-03-16T07:00,17.6,80,7.3,21.6
2025-03-16T08:00,19.5,74,4.5,23.2
2025-03-16T09:00,21.5,70,3.8,25.0
2025-03-16T10:00,23.6,66,4.1,26.900000000000002
2025-03-16T11:00,25.6,61,3.7,28.650000000000002
2025-03-16T12:00,27.0,54,2.1,29.7
2025-03-16T13:00,27.8,45,1.9,30.05
2025-03-16T14:00,27.5,41,8.7,29.55
2025-03-16T15:00,27.2,39,12.6,29.15
2025-03-16T16:00,26.2,43,12.7,28.349999999999998
2025-03-16T17:00,24.6,51,10.7,27.150000000000002
2025-03-16T18:00,22.4,49,10.5,24.849999999999998
2025-03-16T19:00,20.8,52,8.7,23.400000000000002
2025-03-16T20:00,19.7,59,9.2,22.65
2025-03-16T21:00,18.7,64,8.9,21.9
2025-03-16T22:00,18.0,64,9.0,21.2
2025-03-16T23:00,17.6,62,9.1,20.700000000000003
2025-03-17T00:00,17.6,57,10.5,20.450000000000003
2025-03-17T01:00,17.0,58,9.9,19.9
2025-03-17T02:00,16.0,62,8.1,19.1
2025-03-17T03:00,15.0,67,7.0,18.35
2025-03-17T04:00,14.4,70,6.3,17.9
2025-03-17T05:00,13.9,72,5.6,17.5
2025-03-17T06:00,15.5,90,5.3,20.0
2025-03-17T07:00,16.9,85,10.1,21.15
2025-03-17T08:00,19.3,78,6.8,23.200000000000003
2025-03-17T09:00,22.0,69,7.3,25.45
2025-03-17T10:00,24.2,56,9.6,27.0
2025-03-17T11:00,25.6,43,12.5,27.75
2025-03-17T12:00,26.1,39,14.4,28.05
2025-03-17T13:00,26.2,38,16.1,28.099999999999998
2025-03-17T14:00,26.3,37,16.3,28.150000000000002
2025-03-17T15:00,26.0,38,16.1,27.9
2025-03-17T16:00,25.5,40,14.7,27.5
2025-03-17T17:00,24.2,47,11.3,26.55
2025-03-17T18:00,21.7,53,9.4,24.35
2025-03-17T19:00,20.4,56,8.7,23.2
2025-03-17T20:00,19.6,61,8.7,22.650000000000002
2025-03-17T21:00,19.0,63,8.7,22.15
2025-03-17T22:00,18.4,63,9.0,21.549999999999997
2025-03-17T23:00,17.3,67,8.0,20.650000000000002
2025-03-18T00:00,16.3,71,8.0,19.85
2025-03-18T01:00,15.7,72,8.0,19.3
2025-03-18T02:00,15.5,71,9.0,19.05
2025-03-18T03:00,15.3,69,9.9,18.75
2025-03-18T04:00,14.9,70,10.1,18.4
2025-03-18T05:00,14.5,72,10.1,18.1
2025-03-18T06:00,15.2,85,8.0,19.45
2025-03-18T07:00,16.8,79,9.0,20.75
2025-03-18T08:00,19.4,72,6.7,23.0
2025-03-18T09:00,21.8,64,8.9,25.0
2025-03-18T10:00,24.1,55,11.5,26.85
2025-03-18T11:00,25.7,48,14.2,28.1
2025-03-18T12:00,26.7,43,14.2,28.849999999999998
2025-03-18T13:00,27.2,39,14.1,29.15
2025-03-18T14:00,27.4,37,14.2,29.25
2025-03-18T15:00,27.2,37,14.4,29.05
2025-03-18T16:00,26.5,38,13.5,28.4
2025-03-18T17:00,24.8,50,9.7,27.3
2025-03-18T18:00,22.1,57,8.1,24.950000000000003
2025-03-18T19:00,20.9,58,8.1,23.799999999999997
2025-03-18T20:00,20.3,60,8.7,23.3
2025-03-18T21:00,19.5,66,9.3,22.8
2025-03-18T22:00,18.6,69,8.1,22.05
2025-03-18T23:00,17.8,71,8.5,21.35
2025-03-19T00:00,17.8,66,10.4,21.1
2025-03-19T01:00,16.8,68,8.7,20.200000000000003
2025-03-19T02:00,15.3,75,6.7,19.05
2025-03-19T03:00,14.6,79,6.1,18.55
2025-03-19T04:00,14.6,79,5.4,18.55
2025-03-19T05:00,14.5,80,4.3,18.5
2025-03-19T06:00,14.6,87,5.5,18.95
2025-03-19T07:00,16.8,79,8.9,20.75
2025-03-19T08:00,20.0,72,8.3,23.6
2025-03-19T09:00,23.1,63,7.0,26.25
2025-03-19T10:00,25.7,51,8.9,28.25
2025-03-19T11:00,27.3,41,11.1,29.35
2025-03-19T12:00,28.2,38,11.1,30.099999999999998
2025-03-19T13:00,28.7,37,10.8,30.55
2025-03-19T14:00,28.8,37,11.1,30.650000000000002
2025-03-19T15:00,28.5,37,11.6,30.35
2025-03-19T16:00,27.8,40,11.0,29.8
2025-03-19T17:00,25.8,51,9.3,28.35
2025-03-19T18:00,23.7,47,9.7,26.05
2025-03-19T19:00,21.6,51,8.1,24.150000000000002
2025-03-19T20:00,19.9,58,7.9,22.799999999999997
2025-03-19T21:00,19.3,58,8.8,22.200000000000003
2025-03-19T22:00,19.8,49,8.9,22.25
2025-03-19T23:00,19.1,49,4.2,21.55
2025-03-20T00:00,18.1,52,3.8,20.700000000000003
2025-03-20T01:00,17.4,55,2.8,20.15
2025-03-20T02:00,16.1,59,5.0,19.05
2025-03-20T03:00,15.5,62,3.8,18.6
2025-03-20T04:00,14.7,65,5.1,17.95
2025-03-20T05:00,14.1,68,5.9,17.5
2025-03-20T06:00,15.2,82,4.4,19.3
2025-03-20T07:00,16.8,77,5.6,20.650000000000002
2025-03-20T08:00,19.9,71,5.1,23.45
2025-03-20T09:00,23.3,63,5.0,26.450000000000003
2025-03-20T10:00,26.3,53,5.7,28.950000000000003
2025-03-20T11:00,28.4,38,9.2,30.299999999999997
2025-03-20T12:00,29.4,32,12.0,31.0
2025-03-20T13:00,29.6,32,12.9,31.200000000000003
2025-03-20T14:00,29.6,30,12.5,31.1
2025-03-20T15:00,29.2,31,12.5,30.75
2025-03-20T16:00,28.3,35,12.2,30.05
2025-03-20T17:00,26.1,48,10.1,28.5
2025-03-20T18:00,22.4,55,7.0,25.15
2025-03-20T19:00,20.7,61,5.2,23.75
2025-03-20T20:00,19.7,60,7.4,22.7
2025-03-20T21:00,19.8,50,9.1,22.3
2025-03-20T22:00,19.6,50,10.5,22.1
2025-03-20T23:00,18.3,57,9.7,21.150000000000002
2025-03-21T00:00,17.7,57,9.0,20.55
2025-03-21T01:00,16.9,57,8.3,19.75
2025-03-21T02:00,16.6,57,9.3,19.450000000000003
2025-03-21T03:00,16.5,56,9.3,19.3
2025-03-21T04:00,16.4,54,9.7,19.099999999999998
2025-03-21T05:00,16.4,53,10.1,19.049999999999997
2025-03-21T06:00,16.4,76,9.4,20.2
2025-03-21T07:00,18.0,69,10.4,21.45
2025-03-21T08:00,20.8,63,7.9,23.950000000000003
2025-03-21T09:00,23.5,55,7.4,26.25
2025-03-21T10:00,25.9,48,9.7,28.299999999999997
2025-03-21T11:00,27.8,41,11.9,29.85
2025-03-21T12:00,29.2,33,14.8,30.849999999999998
2025-03-21T13:00,29.9,26,16.4,31.2
2025-03-21T14:00,29.9,23,17.6,31.049999999999997
2025-03-21T15:00,29.6,23,18.0,30.75
2025-03-21T16:00,28.7,24,16.3,29.9
2025-03-21T17:00,26.7,35,10.6,28.45
2025-03-21T18:00,23.2,39,8.4,25.15
2025-03-21T19:00,21.9,41,9.5,23.95
2025-03-21T20:00,21.7,44,11.3,23.9
2025-03-21T21:00,20.7,48,10.8,23.1
2025-03-21T22:00,19.7,50,11.3,22.2
2025-03-21T23:00,18.5,50,9.3,21.0
2025-03-22T00:00,17.3,52,7.7,19.900000000000002
2025-03-22T01:00,16.4,54,7.6,19.099999999999998
2025-03-22T02:00,15.7,56,7.1,18.5
2025-03-22T03:00,15.1,58,7.3,18.0
2025-03-22T04:00,14.8,60,7.3,17.8
2025-03-22T05:00,14.8,59,7.4,17.75
2025-03-22T06:00,16.3,69,7.1,19.75
2025-03-22T07:00,18.3,63,10.5,21.450000000000003
2025-03-22T08:00,21.0,61,9.0,24.05
2025-03-22T09:00,24.7,49,7.6,27.15
2025-03-22T10:00,27.3,39,10.1,29.25
2025-03-22T11:00,28.4,33,11.9,30.049999999999997
2025-03-22T12:00,29.0,31,8.0,30.55
2025-03-22T13:00,28.2,31,16.1,29.75
2025-03-22T14:00,29.3,23,14.0,30.45
2025-03-22T15:00,28.9,25,17.3,30.15
2025-03-22T16:00,28.7,26,12.7,30.0
2025-03-22T17:00,26.7,37,8.2,28.55
2025-03-22T18:00,23.1,48,5.9,25.5
2025-03-22T19:00,21.0,54,5.3,23.7
2025-03-22T20:00,19.6,57,5.6,22.450000000000003
2025-03-22T21:00,18.2,59,6.7,21.15
2025-03-22T22:00,17.2,64,6.6,20.4
2025-03-22T23:00,17.1,67,3.2,20.450000000000003
2025-03-23T00:00,16.7,70,2.5,20.2
2025-03-23T01:00,16.0,72,1.7,19.6
2025-03-23T02:00,15.2,76,2.9,19.0
2025-03-23T03:00,15.1,75,1.5,18.85
2025-03-23T04:00,15.0,74,1.4,18.7
2025-03-23T05:00,14.5,75,4.0,18.25
2025-03-23T06:00,15.0,81,1.9,19.05
2025-03-23T07:00,16.7,76,6.5,20.5
2025-03-23T08:00,20.8,64,4.3,24.0
2025-03-23T09:00,24.3,53,4.2,26.950000000000003
2025-03-23T10:00,27.1,41,6.3,29.150000000000002
2025-03-23T11:00,28.9,30,7.7,30.4
2025-03-23T12:00,30.0,26,5.8,31.3
2025-03-23T13:00,30.7,24,3.1,31.9
2025-03-23T14:00,31.1,23,1.0,32.25
2025-03-23T15:00,31.3,23,6.5,32.45
2025-03-23T16:00,30.4,25,13.0,31.65
2025-03-23T17:00,27.6,34,12.6,29.3
2025-03-23T18:00,24.7,37,10.7,26.55
2025-03-23T19:00,23.2,42,10.1,25.3
2025-03-23T20:00,21.0,49,5.8,23.45
2025-03-23T21:00,20.2,52,2.6,22.8
2025-03-23T22:00,18.7,57,3.8,21.55
2025-03-23T23:00,17.4,62,5.0,20.5
2025-03-24T00:00,16.8,64,3.4,20.0
2025-03-24T01:00,16.3,67,2.5,19.650000000000002
2025-03-24T02:00,16.1,68,1.9,19.5
2025-03-24T03:00,15.4,70,2.3,18.9
2025-03-24T04:00,14.8,73,2.9,18.450000000000003
2025-03-24T05:00,15.3,69,1.9,18.75
2025-03-24T06:00,15.0,84,3.6,19.2
2025-03-24T07:00,17.4,77,7.5,21.25
2025-03-24T08:00,21.1,66,4.4,24.400000000000002
2025-03-24T09:00,24.5,53,3.9,27.15
2025-03-24T10:00,27.6,41,4.7,29.650000000000002
2025-03-24T11:00,29.9,31,4.7,31.45
2025-03-24T12:00,31.1,25,2.4,32.35
2025-03-24T13:00,31.7,23,0.3,32.85
2025-03-24T14:00,32.1,22,1.7,33.2
2025-03-24T15:00,32.2,21,4.3,33.25
2025-03-24T16:00,31.6,23,9.5,32.75
2025-03-24T17:00,29.1,31,11.9,30.650000000000002
2025-03-24T18:00,25.8,38,7.0,27.7
2025-03-24T19:00,23.7,44,6.9,25.9
2025-03-24T20:00,21.8,48,7.7,24.200000000000003
2025-03-24T21:00,20.7,55,7.3,23.45
2025-03-24T22:00,19.7,62,6.8,22.8
2025-03-24T23:00,18.9,67,6.7,22.25
2025-03-25T00:00,17.8,74,7.1,21.5
2025-03-25T01:00,17.1,79,6.6,21.05
2025-03-25T02:00,16.6,81,5.7,20.650000000000002
2025-03-25T03:00,16.6,81,4.4,20.650000000000002
2025-03-25T04:00,16.3,82,4.2,20.400000000000002
2025-03-25T05:00,15.9,82,6.2,20.0
2025-03-25T06:00,16.7,79,7.0,20.65
2025-03-25T07:00,19.3,67,9.8,22.650000000000002
2025-03-25T08:00,22.6,57,5.4,25.450000000000003
2025-03-25T09:00,26.2,45,3.3,28.45
2025-03-25T10:00,29.1,37,3.7,30.950000000000003
2025-03-25T11:00,31.3,29,3.2,32.75
2025-03-25T12:00,32.5,25,1.3,33.75
2025-03-25T13:00,33.2,23,1.6,34.35
2025-03-25T14:00,33.5,22,3.3,34.6
2025-03-25T15:00,33.5,23,6.5,34.65
2025-03-25T16:00,32.8,23,9.8,33.949999999999996
2025-03-25T17:00,31.0,30,9.3,32.5
2025-03-25T18:00,27.2,39,4.9,29.15
2025-03-25T19:00,24.9,46,4.5,27.2
2025-03-25T20:00,22.7,54,6.7,25.4
2025-03-25T21:00,21.6,57,6.9,24.450000000000003
2025-03-25T22:00,21.0,58,6.2,23.9
2025-03-25T23:00,20.1,62,6.7,23.200000000000003
2025-03-26T00:00,19.2,68,3.9,22.6
2025-03-26T01:00,18.4,71,3.5,21.95
2025-03-26T02:00,17.9,74,4.3,21.599999999999998
2025-03-26T03:00,17.8,73,4.8,21.450000000000003
2025-03-26T04:00,18.0,70,6.8,21.5
2025-03-26T05:00,18.9,64,3.4,22.099999999999998
2025-03-26T06:00,19.2,68,4.3,22.6
2025-03-26T07:00,21.6,61,4.8,24.650000000000002
2025-03-26T08:00,24.9,54,4.0,27.599999999999998
2025-03-26T09:00,28.6,44,3.7,30.8
2025-03-26T10:00,31.6,33,5.1,33.25
2025-03-26T11:00,33.9,24,4.8,35.1
2025-03-26T12:00,35.2,19,2.3,36.150000000000006
2025-03-26T13:00,35.9,17,3.4,36.75
2025-03-26T14:00,36.2,16,5.4,37.0
2025-03-26T15:00,36.2,15,9.7,36.95
2025-03-26T16:00,35.0,17,16.3,35.85
2025-03-26T17:00,32.2,21,14.6,33.25
2025-03-26T18:00,29.6,27,11.3,30.950000000000003
2025-03-26T19:00,27.1,33,8.3,28.75
2025-03-26T20:00,26.3,42,10.4,28.400000000000002
2025-03-26T21:00,24.4,50,4.8,26.9
2025-03-26T22:00,22.8,54,6.0,25.5
2025-03-26T23:00,21.9,57,4.2,24.75
2025-03-27T00:00,20.6,62,5.8,23.700000000000003
2025-03-27T01:00,20.1,64,3.8,23.3
2025-03-27T02:00,19.7,65,3.5,22.95
2025-03-27T03:00,19.7,65,1.8,22.95
2025-03-27T04:00,20.0,63,1.0,23.15
2025-03-27T05:00,19.5,63,3.2,22.65
2025-03-27T06:00,18.3,81,0.7,22.35
2025-03-27T07:00,20.6,70,6.4,24.1
2025-03-27T08:00,25.5,53,5.2,28.15
2025-03-27T09:00,29.1,40,6.1,31.1
2025-03-27T10:00,32.0,29,9.6,33.45
2025-03-27T11:00,33.8,24,11.9,35.0
2025-03-27T12:00,34.8,22,12.7,35.9
2025-03-27T13:00,35.2,21,13.0,36.25
2025-03-27T14:00,35.2,20,13.4,36.2
2025-03-27T15:00,35.2,20,11.6,36.2
2025-03-27T16:00,34.7,20,11.1,35.7
2025-03-27T17:00,32.6,27,7.5,33.95
2025-03-27T18:00,29.2,31,7.3,30.75
2025-03-27T19:00,27.6,33,9.4,29.25
2025-03-27T20:00,26.1,37,8.3,27.950000000000003
2025-03-27T21:00,24.4,41,7.9,26.45
2025-03-27T22:00,23.7,39,7.4,25.65
2025-03-27T23:00,23.0,42,5.5,25.1
2025-03-28T00:00,21.7,45,6.2,23.95
2025-03-28T01:00,21.7,46,8.1,24.0
2025-03-28T02:00,21.2,48,7.7,23.6
2025-03-28T03:00,21.0,47,12.3,23.35
2025-03-28T04:00,20.5,48,15.9,22.9
2025-03-28T05:00,19.6,49,13.9,22.05
2025-03-28T06:00,19.8,46,14.0,22.1
2025-03-28T07:00,21.1,40,14.4,23.1
2025-03-28T08:00,23.7,36,12.1,25.5
2025-03-28T09:00,26.4,31,14.1,27.95
2025-03-28T10:00,28.4,23,19.8,29.549999999999997
2025-03-28T11:00,29.7,21,17.8,30.75
2025-03-28T12:00,30.8,16,16.7,31.6
2025-03-28T13:00,31.1,13,16.4,31.75
2025-03-28T14:00,31.1,15,15.6,31.85
2025-03-28T15:00,30.7,16,15.6,31.5
2025-03-28T16:00,29.9,17,15.9,30.75
2025-03-28T17:00,28.2,20,14.7,29.2
2025-03-28T18:00,25.7,24,14.3,26.9
2025-03-28T19:00,24.0,27,14.6,25.35
2025-03-28T20:00,23.1,29,17.1,24.55
2025-03-28T21:00,22.2,25,18.8,23.45
2025-03-28T22:00,21.1,22,18.7,22.200000000000003
2025-03-28T23:00,20.2,20,17.8,21.2
2025-03-29T00:00,19.2,20,16.4,20.2
2025-03-29T01:00,18.4,20,16.5,19.4
2025-03-29T02:00,17.7,23,15.8,18.849999999999998
2025-03-29T03:00,16.9,26,15.3,18.2
2025-03-29T04:00,16.2,28,14.9,17.599999999999998
2025-03-29T05:00,16.0,28,15.8,17.4
2025-03-29T06:00,15.2,36,15.4,17.0
2025-03-29T07:00,16.4,35,16.6,18.15
2025-03-29T08:00,18.8,32,15.1,20.400000000000002
2025-03-29T09:00,21.3,28,17.3,22.7
2025-03-29T10:00,23.8,24,18.4,25.0
2025-03-29T11:00,25.8,21,19.6,26.85
2025-03-29T12:00,27.3,18,18.6,28.2
2025-03-29T13:00,28.3,18,19.0,29.2
2025-03-29T14:00,28.8,18,19.8,29.7
2025-03-29T15:00,29.0,19,19.6,29.95
2025-03-29T16:00,28.5,19,19.4,29.45
2025-03-29T17:00,27.4,19,16.3,28.349999999999998
2025-03-29T18:00,24.6,23,9.8,25.75
2025-03-29T19:00,23.5,25,12.8,24.75
2025-03-29T20:00,23.0,25,14.6,24.25
2025-03-29T21:00,22.0,24,13.5,23.2
2025-03-29T22:00,20.9,25,13.9,22.15
2025-03-29T23:00,20.3,26,12.7,21.6
2025-03-30T00:00,20.0,26,13.2,21.3
2025-03-30T01:00,19.0,27,13.5,20.35
2025-03-30T02:00,17.9,29,12.4,19.349999999999998
2025-03-30T03:00,17.2,30,11.3,18.7
2025-03-30T04:00,16.5,32,11.5,18.1
2025-03-30T05:00,16.3,32,12.4,17.900000000000002
2025-03-30T06:00,16.0,38,13.0,17.9
2025-03-30T07:00,17.6,36,14.7,19.400000000000002
2025-03-30T08:00,20.3,33,10.7,21.95
2025-03-30T09:00,23.7,28,12.1,25.099999999999998
2025-03-30T10:00,26.9,22,15.2,28.0
2025-03-30T11:00,29.0,15,18.7,29.75
2025-03-30T12:00,30.1,14,17.4,30.8
2025-03-30T13:00,30.9,14,16.8,31.599999999999998
2025-03-30T14:00,31.1,14,15.8,31.8
2025-03-30T15:00,31.3,14,15.1,32.0
2025-03-30T16:00,30.6,16,14.6,31.400000000000002
2025-03-30T17:00,29.1,19,12.7,30.05
2025-03-30T18:00,26.1,24,10.1,27.3
2025-03-30T19:00,24.3,27,10.5,25.650000000000002
2025-03-30T20:00,23.2,28,10.0,24.599999999999998
2025-03-30T21:00,22.3,28,9.8,23.7
2025-03-30T22:00,21.5,28,10.3,22.9
2025-03-30T23:00,20.3,31,10.9,21.85
2025-03-31T00:00,19.3,32,10.4,20.900000000000002
2025-03-31T01:00,18.3,33,9.3,19.95
2025-03-31T02:00,17.4,33,8.9,19.049999999999997
2025-03-31T03:00,16.5,34,8.0,18.2
2025-03-31T04:00,15.9,35,7.8,17.65
2025-03-31T05:00,15.3,36,7.7,17.1
2025-03-31T06:00,15.1,44,7.0,17.3
2025-03-31T07:00,17.6,40,10.0,19.6
2025-03-31T08:00,21.2,36,7.1,23.0
2025-03-31T09:00,25.0,31,8.5,26.55
2025-03-31T10:00,28.5,25,11.6,29.75
2025-03-31T11:00,31.1,18,13.9,32.0
2025-03-31T12:00,32.5,15,14.7,33.25
2025-03-31T13:00,33.2,14,15.1,33.900000000000006
2025-03-31T14:00,33.5,12,15.4,34.1
2025-03-31T15:00,33.3,11,15.9,33.849999999999994
2025-03-31T16:00,32.5,12,16.0,33.1
2025-03-31T17:00,30.8,15,13.6,31.55
2025-03-31T18:00,28.0,18,11.4,28.9
2025-03-31T19:00,26.0,19,9.7,26.95
2025-03-31T20:00,24.8,23,11.7,25.95
2025-03-31T21:00,24.1,23,11.5,25.25
2025-03-31T22:00,22.6,24,11.7,23.8
2025-03-31T23:00,20.9,29,9.0,22.349999999999998
2025-04-01T00:00,19.8,31,8.3,21.35
2025-04-01T01:00,19.7,30,9.2,21.2
2025-04-01T02:00,19.2,29,9.6,20.65
2025-04-01T03:00,18.5,29,9.3,19.95
2025-04-01T04:00,17.6,30,8.6,19.1
2025-04-01T05:00,16.6,33,7.7,18.25
2025-04-01T06:00,16.7,42,8.1,18.8
2025-04-01T07:00,19.3,38,11.3,21.2
2025-04-01T08:00,22.8,33,8.3,24.45
2025-04-01T09:00,26.6,28,9.7,28.0
2025-04-01T10:00,30.1,19,14.6,31.05
2025-04-01T11:00,32.0,11,19.4,32.55
2025-04-01T12:00,32.7,10,19.0,33.2
2025-04-01T13:00,33.2,10,17.8,33.7
2025-04-01T14:00,33.2,10,17.2,33.7
2025-04-01T15:00,33.0,11,16.5,33.55
2025-04-01T16:00,32.4,12,15.5,33.0
2025-04-01T17:00,30.9,15,12.2,31.65
2025-04-01T18:00,27.8,18,8.7,28.7
2025-04-01T19:00,25.9,20,9.8,26.9
2025-04-01T20:00,24.9,20,8.8,25.9
2025-04-01T21:00,23.4,22,8.3,24.5
2025-04-01T22:00,22.2,26,8.4,23.5
2025-04-01T23:00,21.1,28,8.2,22.5
2025-04-02T00:00,19.6,31,7.2,21.150000000000002
2025-04-02T01:00,18.3,33,6.7,19.95
2025-04-02T02:00,17.3,34,7.0,19.0
2025-04-02T03:00,16.8,36,5.6,18.6
2025-04-02T04:00,16.7,36,2.5,18.5
2025-04-02T05:00,16.6,36,1.6,18.400000000000002
2025-04-02T06:00,15.9,46,4.4,18.2
2025-04-02T07:00,19.3,36,8.7,21.1
2025-04-02T08:00,23.6,30,6.3,25.1
2025-04-02T09:00,27.7,22,6.3,28.8
2025-04-02T10:00,30.8,17,7.8,31.650000000000002
2025-04-02T11:00,32.9,13,9.4,33.55
2025-04-02T12:00,34.0,11,11.3,34.55
2025-04-02T13:00,34.6,11,12.0,35.15
2025-04-02T14:00,34.8,11,12.9,35.349999999999994
2025-04-02T15:00,34.5,11,13.8,35.05
2025-04-02T16:00,33.8,12,13.1,34.4
2025-04-02T17:00,32.4,14,11.0,33.1
2025-04-02T18:00,28.7,19,7.7,29.65
2025-04-02T19:00,26.1,23,6.5,27.25
2025-04-02T20:00,25.3,25,2.7,26.55
2025-04-02T21:00,24.7,25,1.5,25.95
2025-04-02T22:00,23.8,27,1.5,25.150000000000002
2025-04-02T23:00,21.4,32,5.8,23.0
2025-04-03T00:00,19.8,36,6.6,21.6
2025-04-03T01:00,18.6,41,5.3,20.650000000000002
2025-04-03T02:00,18.1,43,3.1,20.25
2025-04-03T03:00,17.7,44,2.2,19.9
2025-04-03T04:00,16.8,46,5.2,19.1
2025-04-03T05:00,16.9,44,5.8,19.099999999999998
2025-04-03T06:00,17.1,50,1.5,19.6
2025-04-03T07:00,19.6,43,9.2,21.75
2025-04-03T08:00,24.2,34,6.2,25.9
2025-04-03T09:00,29.0,26,4.7,30.3
2025-04-03T10:00,32.6,16,6.4,33.4
2025-04-03T11:00,34.4,13,5.6,35.05
2025-04-03T12:00,35.5,10,4.2,36.0
2025-04-03T13:00,35.9,9,4.0,36.35
2025-04-03T14:00,36.3,8,3.6,36.699999999999996
2025-04-03T15:00,36.3,8,7.5,36.699999999999996
2025-04-03T16:00,35.5,8,16.6,35.9
2025-04-03T17:00,33.4,10,14.0,33.9
2025-04-03T18:00,31.1,12,16.4,31.700000000000003
2025-04-03T19:00,28.4,15,10.2,29.15
2025-04-03T20:00,25.8,23,6.9,26.95
2025-04-03T21:00,25.3,24,2.7,26.5
2025-04-03T22:00,24.1,26,3.0,25.400000000000002
2025-04-03T23:00,22.8,29,4.6,24.25
2025-04-04T00:00,21.8,29,3.9,23.25
2025-04-04T01:00,21.3,30,1.5,22.8
2025-04-04T02:00,20.6,31,0.4,22.150000000000002
2025-04-04T03:00,19.5,34,2.0,21.2
2025-04-04T04:00,19.2,35,0.2,20.95
2025-04-04T05:00,18.2,36,4.8,20.0
2025-04-04T06:00,19.2,42,7.0,21.3
2025-04-04T07:00,22.1,35,10.6,23.85
2025-04-04T08:00,26.0,29,4.3,27.45
2025-04-04T09:00,29.5,23,5.7,30.65
2025-04-04T10:00,32.5,18,5.1,33.4
2025-04-04T11:00,34.8,13,8.1,35.449999999999996
2025-04-04T12:00,36.0,11,10.1,36.55
2025-04-04T13:00,36.5,10,11.8,37.0
2025-04-04T14:00,36.5,11,14.7,37.05
2025-04-04T15:00,36.2,11,16.2,36.75
2025-04-04T16:00,35.5,11,15.9,36.05
2025-04-04T17:00,34.2,13,13.1,34.85
2025-04-04T18:00,31.0,16,12.1,31.8
2025-04-04T19:00,28.1,19,7.7,29.05
2025-04-04T20:00,26.5,22,7.7,27.6
2025-04-04T21:00,26.7,23,12.2,27.849999999999998
2025-04-04T22:00,25.9,23,12.4,27.049999999999997
2025-04-04T23:00,24.7,24,9.7,25.9
2025-04-05T00:00,22.6,28,7.3,24.0
2025-04-05T01:00,21.8,29,7.8,23.25
2025-04-05T02:00,21.4,29,7.6,22.849999999999998
2025-04-05T03:00,20.5,31,7.2,22.05
2025-04-05T04:00,19.8,33,7.6,21.45
2025-04-05T05:00,19.6,33,7.9,21.25
2025-04-05T06:00,19.7,39,7.7,21.65
2025-04-05T07:00,22.2,35,10.5,23.95
2025-04-05T08:00,25.4,31,8.1,26.95
2025-04-05T09:00,28.6,27,10.1,29.950000000000003
2025-04-05T10:00,31.4,22,12.8,32.5
2025-04-05T11:00,33.4,17,15.5,34.25
2025-04-05T12:00,34.4,15,15.9,35.15
2025-04-05T13:00,35.1,15,15.9,35.85
2025-04-05T14:00,35.4,14,16.0,36.1
2025-04-05T15:00,35.1,14,16.3,35.800000000000004
2025-04-05T16:00,34.6,15,15.4,35.35
2025-04-05T17:00,33.3,16,14.4,34.099999999999994
2025-04-05T18:00,30.5,20,9.2,31.5
2025-04-05T19:00,28.4,23,10.1,29.549999999999997
2025-04-05T20:00,27.0,25,8.3,28.25
2025-04-05T21:00,25.7,27,8.1,27.05
2025-04-05T22:00,25.3,27,9.0,26.650000000000002
2025-04-05T23:00,24.3,30,9.0,25.8
2025-04-06T00:00,22.5,31,7.5,24.05
2025-04-06T01:00,21.4,33,6.1,23.049999999999997
2025-04-06T02:00,20.8,33,4.9,22.45
2025-04-06T03:00,20.0,34,5.4,21.7
2025-04-06T04:00,19.9,33,7.7,21.549999999999997
2025-04-06T05:00,20.3,32,8.3,21.900000000000002
2025-04-06T06:00,19.6,40,6.7,21.6
2025-04-06T07:00,22.6,34,8.5,24.3
2025-04-06T08:00,26.2,29,5.5,27.65
2025-04-06T09:00,30.1,23,6.4,31.25
2025-04-06T10:00,33.3,19,7.5,34.25
2025-04-06T11:00,35.3,15,9.4,36.05
2025-04-06T12:00,36.7,14,10.9,37.400000000000006
2025-04-06T13:00,37.4,13,12.0,38.05
2025-04-06T14:00,37.6,12,12.0,38.2
2025-04-06T15:00,37.4,12,11.6,38.0
2025-04-06T16:00,36.9,12,10.9,37.5
2025-04-06T17:00,35.5,14,9.4,36.2
2025-04-06T18:00,32.1,19,9.7,33.050000000000004
2025-04-06T19:00,30.2,21,8.9,31.25
2025-04-06T20:00,28.4,24,4.7,29.599999999999998
2025-04-06T21:00,27.4,26,2.7,28.7
2025-04-06T22:00,25.5,30,8.2,27.0
2025-04-06T23:00,24.6,34,5.7,26.3
2025-04-07T00:00,23.7,37,5.3,25.55
2025-04-07T01:00,22.5,41,5.6,24.55
2025-04-07T02:00,21.7,45,5.2,23.95
2025-04-07T03:00,20.9,48,6.0,23.299999999999997
2025-04-07T04:00,20.5,51,6.2,23.05
2025-04-07T05:00,20.6,50,7.4,23.1
2025-04-07T06:00,20.9,60,6.8,23.9
2025-04-07T07:00,23.4,52,7.6,26.0
2025-04-07T08:00,27.2,42,2.8,29.3
2025-04-07T09:00,31.2,32,4.1,32.8
2025-04-07T10:00,34.2,24,4.3,35.400000000000006
2025-04-07T11:00,36.2,18,3.1,37.1
2025-04-07T12:00,37.4,16,2.2,38.199999999999996
2025-04-07T13:00,38.1,15,1.4,38.85
2025-04-07T14:00,38.3,15,1.5,39.05
2025-04-07T15:00,38.4,15,3.7,39.15
2025-04-07T16:00,38.1,15,4.0,38.85
2025-04-07T17:00,37.1,16,5.7,37.9
2025-04-07T18:00,33.1,21,7.9,34.15
2025-04-07T19:00,31.6,22,9.6,32.7
2025-04-07T20:00,29.4,27,7.7,30.75
2025-04-07T21:00,27.5,31,7.0,29.05
2025-04-07T22:00,26.6,34,7.4,28.3
2025-04-07T23:00,25.8,35,7.3,27.55
2025-04-08T00:00,24.9,37,7.4,26.75
2025-04-08T01:00,24.0,40,7.1,26.0
2025-04-08T02:00,23.1,42,7.2,25.200000000000003
2025-04-08T03:00,23.2,40,8.5,25.2
2025-04-08T04:00,23.2,38,8.9,25.099999999999998
2025-04-08T05:00,23.1,35,9.3,24.85
2025-04-08T06:00,23.7,36,10.1,25.5
2025-04-08T07:00,25.8,33,12.5,27.45
2025-04-08T08:00,29.0,28,10.1,30.4
2025-04-08T09:00,32.3,23,11.6,33.449999999999996
2025-04-08T10:00,34.9,21,13.2,35.949999999999996
2025-04-08T11:00,36.8,18,13.2,37.699999999999996
2025-04-08T12:00,38.2,16,10.6,39.0
2025-04-08T13:00,38.9,15,8.6,39.65
2025-04-08T14:00,39.2,14,6.6,39.900000000000006
2025-04-08T15:00,39.2,14,4.7,39.900000000000006
2025-04-08T16:00,38.8,14,2.6,39.5
2025-04-08T17:00,37.9,15,5.1,38.65
2025-04-08T18:00,33.5,21,4.8,34.55
2025-04-08T19:00,31.5,23,4.1,32.65
2025-04-08T20:00,29.7,26,5.4,31.0
2025-04-08T21:00,27.8,29,6.5,29.25
2025-04-08T22:00,27.6,31,9.5,29.150000000000002
2025-04-08T23:00,27.2,32,9.5,28.8
2025-04-09T00:00,26.0,35,7.7,27.75
2025-04-09T01:00,24.9,37,6.4,26.75
2025-04-09T02:00,23.8,40,6.0,25.8
2025-04-09T03:00,23.4,42,7.2,25.5
2025-04-09T04:00,23.5,42,8.9,25.6
2025-04-09T05:00,23.7,41,8.7,25.75
2025-04-09T06:00,24.2,53,6.9,26.85
2025-04-09T07:00,26.6,47,9.7,28.950000000000003
2025-04-09T08:00,29.8,39,8.5,31.75
2025-04-09T09:00,33.0,33,9.4,34.65
2025-04-09T10:00,35.4,29,9.8,36.85
2025-04-09T11:00,37.4,23,9.6,38.55
2025-04-09T12:00,38.7,19,6.8,39.650000000000006
2025-04-09T13:00,39.1,17,3.5,39.95
2025-04-09T14:00,39.7,15,4.8,40.45
2025-04-09T15:00,38.7,17,11.4,39.550000000000004
2025-04-09T16:00,38.2,16,16.4,39.0
2025-04-09T17:00,34.6,26,20.1,35.9
2025-04-09T18:00,34.6,23,11.8,35.75
2025-04-09T19:00,32.0,25,7.8,33.25
2025-04-09T20:00,30.6,28,1.7,32.0
2025-04-09T21:00,29.0,31,4.5,30.55
2025-04-09T22:00,28.1,34,5.7,29.8
2025-04-09T23:00,27.2,37,8.1,29.05
2025-04-10T00:00,25.9,42,5.9,28.0
2025-04-10T01:00,25.6,43,1.9,27.75
2025-04-10T02:00,25.2,43,2.6,27.349999999999998
2025-04-10T03:00,24.2,44,6.4,26.4
2025-04-10T04:00,23.4,46,4.5,25.7
2025-04-10T05:00,22.5,49,4.5,24.95
2025-04-10T06:00,24.7,55,9.0,27.45
2025-04-10T07:00,25.7,54,11.2,28.4
2025-04-10T08:00,27.7,50,11.0,30.2
2025-04-10T09:00,30.5,44,9.5,32.7
2025-04-10T10:00,33.3,36,7.7,35.099999999999994
2025-04-10T11:00,35.5,30,5.4,37.0
2025-04-10T12:00,36.9,25,3.8,38.15
2025-04-10T13:00,35.4,25,9.7,36.65
2025-04-10T14:00,35.7,18,1.0,36.6
2025-04-10T15:00,36.6,19,11.4,37.550000000000004
2025-04-10T16:00,29.3,43,22.4,31.45
2025-04-10T17:00,29.5,43,8.6,31.65
2025-04-10T18:00,31.0,33,3.9,32.65
2025-04-10T19:00,30.0,33,7.3,31.65
2025-04-10T20:00,29.2,35,7.8,30.95
2025-04-10T21:00,28.6,41,15.3,30.650000000000002
2025-04-10T22:00,27.5,50,18.6,30.0
2025-04-10T23:00,26.8,56,15.2,29.6
2025-04-11T00:00,26.8,54,13.7,29.5
2025-04-11T01:00,26.1,57,10.9,28.950000000000003
2025-04-11T02:00,25.4,60,10.8,28.4
2025-04-11T03:00,25.0,63,13.0,28.15
2025-04-11T04:00,24.6,65,13.7,27.85
2025-04-11T05:00,23.9,69,13.1,27.349999999999998
2025-04-11T06:00,22.7,78,13.5,26.6
2025-04-11T07:00,23.8,72,16.5,27.400000000000002
2025-04-11T08:00,25.5,64,17.8,28.7
2025-04-11T09:00,27.5,56,17.7,30.3
2025-04-11T10:00,29.7,47,17.6,32.05
2025-04-11T11:00,31.7,40,16.9,33.7
2025-04-11T12:00,33.4,35,15.0,35.15
2025-04-11T13:00,34.6,31,13.5,36.15
2025-04-11T14:00,35.5,29,10.0,36.95
2025-04-11T15:00,23.9,68,11.6,27.299999999999997
2025-04-11T16:00,26.8,55,10.1,29.55
2025-04-11T17:00,27.0,54,8.6,29.7
2025-04-11T18:00,22.9,77,27.0,26.75
2025-04-11T19:00,22.1,84,11.1,26.3
2025-04-11T20:00,22.7,85,2.7,26.95
2025-04-11T21:00,22.1,89,11.8,26.55
2025-04-11T22:00,22.0,87,4.5,26.35
2025-04-11T23:00,22.2,81,15.1,26.25
2025-04-12T00:00,22.5,72,9.1,26.1
2025-04-12T01:00,21.5,77,5.8,25.35
2025-04-12T02:00,20.0,88,4.8,24.4
2025-04-12T03:00,20.0,89,8.0,24.45
2025-04-12T04:00,19.1,93,4.6,23.75
2025-04-12T05:00,18.7,93,5.2,23.35
2025-04-12T06:00,21.0,74,13.2,24.7
2025-04-12T07:00,22.9,65,7.8,26.15
2025-04-12T08:00,25.3,57,6.2,28.150000000000002
2025-04-12T09:00,27.5,51,5.5,30.05
2025-04-12T10:00,29.4,45,6.0,31.65
2025-04-12T11:00,30.9,40,6.4,32.9
2025-04-12T12:00,32.0,36,7.0,33.8
2025-04-12T13:00,32.4,33,7.5,34.05
2025-04-12T14:00,32.5,32,9.8,34.1
2025-04-12T15:00,29.5,38,10.7,31.4
2025-04-12T16:00,30.5,36,4.5,32.3
2025-04-12T17:00,30.4,36,4.5,32.199999999999996
2025-04-12T18:00,25.8,50,10.6,28.3
2025-04-12T19:00,24.3,56,2.9,27.1
2025-04-12T20:00,24.1,57,0.9,26.950000000000003
2025-04-12T21:00,22.9,60,5.1,25.9
2025-04-12T22:00,22.4,62,7.8,25.5
2025-04-12T23:00,22.0,62,7.5,25.1
2025-04-13T00:00,21.0,66,6.2,24.3
2025-04-13T01:00,20.5,68,5.1,23.9
2025-04-13T02:00,19.9,71,5.1,23.45
2025-04-13T03:00,19.4,74,4.2,23.099999999999998
2025-04-13T04:00,19.3,75,0.8,23.05
2025-04-13T05:00,19.0,75,1.0,22.75
2025-04-13T06:00,20.0,74,2.1,23.7
2025-04-13T07:00,22.8,65,2.0,26.05
2025-04-13T08:00,26.5,52,1.5,29.1
2025-04-13T09:00,29.4,42,3.8,31.5
2025-04-13T10:00,31.3,35,6.1,33.05
2025-04-13T11:00,32.8,29,4.6,34.25
2025-04-13T12:00,33.2,26,4.5,34.5
2025-04-13T13:00,33.8,25,3.5,35.05
2025-04-13T14:00,33.9,24,2.8,35.1
2025-04-13T15:00,34.0,24,1.2,35.2
2025-04-13T16:00,34.0,24,1.9,35.2
2025-04-13T17:00,33.5,24,6.9,34.7
2025-04-13T18:00,29.8,43,2.9,31.95
2025-04-13T19:00,27.6,43,8.1,29.75
2025-04-13T20:00,26.2,43,6.4,28.349999999999998
2025-04-13T21:00,24.6,50,5.3,27.1
2025-04-13T22:00,23.7,55,5.0,26.45
2025-04-13T23:00,22.8,59,5.4,25.75
2025-04-14T00:00,22.3,63,5.4,25.450000000000003
2025-04-14T01:00,21.9,64,5.2,25.099999999999998
2025-04-14T02:00,21.1,67,5.9,24.450000000000003
2025-04-14T03:00,20.7,67,6.0,24.05
2025-04-14T04:00,20.5,67,6.1,23.85
2025-04-14T05:00,20.1,67,6.0,23.450000000000003
2025-04-14T06:00,21.2,67,7.0,24.55
2025-04-14T07:00,23.2,62,7.0,26.3
2025-04-14T08:00,25.6,55,7.7,28.35
2025-04-14T09:00,28.0,50,9.3,30.5
2025-04-14T10:00,30.2,45,9.7,32.45
2025-04-14T11:00,32.2,38,9.6,34.1
2025-04-14T12:00,33.2,33,8.2,34.85
2025-04-14T13:00,33.9,30,7.2,35.4
2025-04-14T14:00,34.1,29,6.2,35.550000000000004
2025-04-14T15:00,34.1,28,3.7,35.5
2025-04-14T16:00,33.9,27,0.7,35.25
2025-04-14T17:00,33.1,31,5.6,34.65
2025-04-14T18:00,30.2,41,8.2,32.25
2025-04-14T19:00,28.5,46,11.0,30.8
2025-04-14T20:00,27.3,47,8.9,29.650000000000002
2025-04-14T21:00,26.1,50,8.3,28.6
2025-04-14T22:00,25.4,52,8.8,28.0
2025-04-14T23:00,25.1,52,9.5,27.700000000000003
2025-04-15T00:00,24.8,51,9.6,27.35
2025-04-15T01:00,24.4,51,9.6,26.95
2025-04-15T02:00,24.0,51,8.9,26.55
2025-04-15T03:00,23.4,53,8.7,26.049999999999997
2025-04-15T04:00,22.8,56,7.9,25.6
2025-04-15T05:00,22.3,58,7.3,25.200000000000003
2025-04-15T06:00,22.6,64,6.5,25.8
2025-04-15T07:00,24.9,58,8.8,27.799999999999997
2025-04-15T08:00,27.8,51,8.4,30.35
2025-04-15T09:00,30.5,44,9.1,32.7
2025-04-15T10:00,32.5,38,10.7,34.4
2025-04-15T11:00,33.9,31,9.9,35.449999999999996
2025-04-15T12:00,34.2,31,8.4,35.75
2025-04-15T13:00,34.6,30,6.1,36.1
2025-04-15T14:00,34.9,29,3.6,36.35
2025-04-15T15:00,34.9,29,1.3,36.35
2025-04-15T16:00,34.4,29,3.1,35.85
2025-04-15T17:00,33.5,31,5.8,35.05
2025-04-15T18:00,30.3,47,4.0,32.65
2025-04-15T19:00,28.1,51,7.0,30.650000000000002
2025-04-15T20:00,27.7,48,8.5,30.1
2025-04-15T21:00,26.7,48,7.0,29.1
2025-04-15T22:00,25.3,53,5.9,27.950000000000003
2025-04-15T23:00,24.8,55,7.0,27.55
2025-04-16T00:00,24.2,57,6.5,27.05
2025-04-16T01:00,23.5,60,6.3,26.5
2025-04-16T02:00,23.1,62,6.2,26.200000000000003
2025-04-16T03:00,23.1,61,7.3,26.150000000000002
2025-04-16T04:00,23.2,59,8.4,26.15
2025-04-16T05:00,23.3,58,8.9,26.200000000000003
2025-04-16T06:00,24.1,62,8.5,27.200000000000003
2025-04-16T07:00,26.2,58,8.7,29.1
2025-04-16T08:00,29.0,49,7.4,31.45
2025-04-16T09:00,31.5,41,8.4,33.55
2025-04-16T10:00,33.6,34,9.9,35.300000000000004
2025-04-16T11:00,34.9,30,8.6,36.4
2025-04-16T12:00,35.5,29,6.0,36.95
2025-04-16T13:00,35.7,28,1.9,37.1
2025-04-16T14:00,35.8,28,3.0,37.199999999999996
2025-04-16T15:00,35.5,28,7.9,36.9
2025-04-16T16:00,35.2,29,9.9,36.650000000000006
2025-04-16T17:00,33.8,33,10.2,35.449999999999996
2025-04-16T18:00,31.4,41,7.1,33.449999999999996
2025-04-16T19:00,29.8,41,11.9,31.85
2025-04-16T20:00,28.8,41,8.7,30.85
2025-04-16T21:00,27.4,45,6.8,29.65
2025-04-16T22:00,26.5,49,7.8,28.95
2025-04-16T23:00,25.8,52,7.1,28.400000000000002
2025-04-17T00:00,24.9,56,6.9,27.7
2025-04-17T01:00,24.2,58,6.2,27.1
2025-04-17T02:00,23.5,62,6.2,26.6
2025-04-17T03:00,23.2,62,6.4,26.3
2025-04-17T04:00,22.7,64,6.0,25.9
2025-04-17T05:00,22.3,66,5.9,25.6
2025-04-17T06:00,23.3,70,8.8,26.8
2025-04-17T07:00,25.3,65,7.6,28.55
2025-04-17T08:00,28.3,57,7.6,31.150000000000002
2025-04-17T09:00,31.5,45,9.0,33.75
2025-04-17T10:00,34.0,36,8.2,35.8
2025-04-17T11:00,35.7,30,6.7,37.2
2025-04-17T12:00,37.1,26,3.9,38.4
2025-04-17T13:00,38.1,24,5.6,39.300000000000004
2025-04-17T14:00,38.6,21,13.1,39.65
2025-04-17T15:00,38.6,20,17.1,39.6
2025-04-17T16:00,37.5,20,15.8,38.5
2025-04-17T17:00,35.1,29,7.4,36.550000000000004
2025-04-17T18:00,32.1,42,8.4,34.2
2025-04-17T19:00,29.5,47,7.0,31.85
2025-04-17T20:00,28.3,51,9.2,30.85
2025-04-17T21:00,27.0,56,7.6,29.8
2025-04-17T22:00,26.0,59,7.2,28.95
2025-04-17T23:00,25.4,61,8.1,28.45
2025-04-18T00:00,25.0,63,8.8,28.15
2025-04-18T01:00,24.3,66,7.7,27.6
2025-04-18T02:00,23.7,69,7.8,27.15
2025-04-18T03:00,23.3,71,7.5,26.85
2025-04-18T04:00,22.9,72,7.5,26.5
2025-04-18T05:00,22.4,74,7.1,26.099999999999998
2025-04-18T06:00,24.1,76,10.7,27.900000000000002
2025-04-18T07:00,26.0,71,10.1,29.55
2025-04-18T08:00,28.3,64,11.0,31.5
2025-04-18T09:00,30.6,57,12.2,33.45
2025-04-18T10:00,32.7,50,10.8,35.2
2025-04-18T11:00,34.4,44,8.7,36.6
2025-04-18T12:00,35.8,39,6.5,37.75
2025-04-18T13:00,36.6,35,4.4,38.35
2025-04-18T14:00,37.1,32,4.1,38.7
2025-04-18T15:00,37.2,31,5.8,38.75
2025-04-18T16:00,36.7,32,8.9,38.300000000000004
2025-04-18T17:00,35.0,38,12.0,36.9
2025-04-18T18:00,32.6,44,13.6,34.800000000000004
2025-04-18T19:00,29.5,52,12.7,32.1
2025-04-18T20:00,29.1,53,14.0,31.75
2025-04-18T21:00,28.1,57,12.9,30.950000000000003
2025-04-18T22:00,27.1,61,9.4,30.150000000000002
2025-04-18T23:00,27.0,60,12.4,30.0
2025-04-19T00:00,26.4,62,7.7,29.5
2025-04-19T01:00,25.9,63,8.6,29.049999999999997
2025-04-19T02:00,26.1,61,10.9,29.150000000000002
2025-04-19T03:00,26.5,60,13.8,29.5
2025-04-19T04:00,26.5,63,12.3,29.65
2025-04-19T05:00,26.0,67,10.7,29.35
2025-04-19T06:00,25.4,73,13.3,29.049999999999997
2025-04-19T07:00,27.1,69,10.6,30.55
2025-04-19T08:00,28.8,63,14.9,31.950000000000003
2025-04-19T09:00,30.6,58,15.8,33.5
2025-04-19T10:00,32.3,53,16.4,34.949999999999996
2025-04-19T11:00,33.8,48,18.0,36.199999999999996
2025-04-19T12:00,35.1,43,17.5,37.25
2025-04-19T13:00,35.9,38,16.0,37.8
2025-04-19T14:00,35.4,34,18.7,37.1
2025-04-19T15:00,33.8,39,23.8,35.75
2025-04-19T16:00,33.4,34,20.0,35.1
2025-04-19T17:00,33.4,40,19.2,35.4
2025-04-19T18:00,29.9,47,17.0,32.25
2025-04-19T19:00,29.2,50,18.4,31.7
2025-04-19T20:00,28.4,53,15.5,31.049999999999997
2025-04-19T21:00,27.7,54,13.7,30.4
2025-04-19T22:00,27.2,57,13.5,30.05
2025-04-19T23:00,26.7,61,12.4,29.75
2025-04-20T00:00,26.1,64,11.5,29.3
2025-04-20T01:00,25.4,66,10.6,28.7
2025-04-20T02:00,25.2,67,10.8,28.55
2025-04-20T03:00,25.0,67,11.3,28.35
2025-04-20T04:00,24.9,68,12.9,28.299999999999997
2025-04-20T05:00,24.9,69,13.3,28.349999999999998
2025-04-20T06:00,25.7,74,12.6,29.4
2025-04-20T07:00,27.3,69,10.9,30.75
2025-04-20T08:00,29.4,62,11.9,32.5
2025-04-20T09:00,31.4,55,12.3,34.15
2025-04-20T10:00,33.4,49,10.9,35.85
2025-04-20T11:00,34.3,47,13.3,36.65
2025-04-20T12:00,34.4,42,10.3,36.5
2025-04-20T13:00,34.1,38,8.1,36.0
2025-04-20T14:00,34.5,36,15.5,36.3
2025-04-20T15:00,34.7,34,13.6,36.400000000000006
2025-04-20T16:00,34.2,35,14.4,35.95
2025-04-20T17:00,32.9,41,10.9,34.949999999999996
2025-04-20T18:00,31.7,35,11.7,33.45
2025-04-20T19:00,30.2,40,11.6,32.2
2025-04-20T20:00,29.5,42,12.2,31.6
2025-04-20T21:00,28.9,43,11.1,31.049999999999997
2025-04-20T22:00,27.4,47,11.1,29.75
2025-04-20T23:00,26.5,51,8.8,29.05
2025-04-21T00:00,25.6,55,6.9,28.35
2025-04-21T01:00,24.4,59,6.3,27.349999999999998
2025-04-21T02:00,23.9,59,6.7,26.849999999999998
2025-04-21T03:00,23.9,58,8.0,26.799999999999997
2025-04-21T04:00,23.1,60,6.5,26.1
2025-04-21T05:00,22.9,59,8.1,25.849999999999998
2025-04-21T06:00,24.7,69,7.0,28.15
2025-04-21T07:00,27.2,61,7.6,30.25
2025-04-21T08:00,29.7,52,1.6,32.3
2025-04-21T09:00,31.9,47,1.7,34.25
2025-04-21T10:00,33.7,44,1.8,35.900000000000006
2025-04-21T11:00,35.2,38,2.2,37.1
2025-04-21T12:00,36.8,29,3.0,38.25
2025-04-21T13:00,38.6,17,3.3,39.45
2025-04-21T14:00,39.4,12,8.8,40.0
2025-04-21T15:00,39.0,11,12.9,39.55
2025-04-21T16:00,38.0,11,10.8,38.55
2025-04-21T17:00,35.2,30,4.2,36.7
2025-04-21T18:00,31.2,27,6.7,32.55
2025-04-21T19:00,28.8,29,6.2,30.25
2025-04-21T20:00,27.8,31,1.7,29.35
2025-04-21T21:00,26.8,35,0.4,28.55
2025-04-21T22:00,26.1,32,2.1,27.700000000000003
2025-04-21T23:00,25.2,29,6.0,26.65
2025-04-22T00:00,24.2,24,8.4,25.4
2025-04-22T01:00,22.5,26,8.0,23.8
2025-04-22T02:00,21.4,29,8.5,22.849999999999998
2025-04-22T03:00,21.1,27,8.7,22.450000000000003
2025-04-22T04:00,21.3,23,9.2,22.45
2025-04-22T05:00,21.5,20,9.3,22.5
2025-04-22T06:00,22.4,31,8.7,23.95
2025-04-22T07:00,25.0,30,11.3,26.5
2025-04-22T08:00,28.1,29,8.5,29.55
2025-04-22T09:00,31.4,24,9.2,32.6
2025-04-22T10:00,34.3,19,11.1,35.25
2025-04-22T11:00,36.3,16,11.3,37.099999999999994
2025-04-22T12:00,37.4,11,11.0,37.949999999999996
2025-04-22T13:00,37.6,11,11.1,38.15
2025-04-22T14:00,37.5,12,12.4,38.1
2025-04-22T15:00,37.1,12,12.8,37.7
2025-04-22T16:00,36.6,13,10.7,37.25
2025-04-22T17:00,34.1,26,5.6,35.4
2025-04-22T18:00,30.7,22,8.8,31.8
2025-04-22T19:00,30.2,12,10.5,30.8
2025-04-22T20:00,28.2,14,9.9,28.9
2025-04-22T21:00,27.6,14,10.8,28.3
2025-04-22T22:00,27.0,14,11.7,27.7
2025-04-22T23:00,26.2,16,11.2,27.0
2025-04-23T00:00,24.2,19,10.1,25.15
2025-04-23T01:00,22.5,22,8.2,23.6
2025-04-23T02:00,21.4,26,7.6,22.7
2025-04-23T03:00,21.1,26,7.8,22.400000000000002
2025-04-23T04:00,21.1,25,8.8,22.35
2025-04-23T05:00,20.8,26,8.5,22.1
2025-04-23T06:00,21.4,38,7.2,23.299999999999997
2025-04-23T07:00,24.4,35,10.0,26.15
2025-04-23T08:00,27.9,34,7.6,29.599999999999998
2025-04-23T09:00,31.7,27,9.7,33.05
2025-04-23T10:00,34.7,20,11.6,35.7
2025-04-23T11:00,36.5,13,15.3,37.15
2025-04-23T12:00,37.2,11,16.8,37.75
2025-04-23T13:00,37.4,11,17.3,37.949999999999996
2025-04-23T14:00,37.5,11,16.9,38.05
2025-04-23T15:00,37.2,11,16.3,37.75
2025-04-23T16:00,36.7,12,13.9,37.300000000000004
2025-04-23T17:00,34.6,17,9.2,35.45
2025-04-23T18:00,31.9,16,10.9,32.699999999999996
2025-04-23T19:00,30.7,13,11.6,31.349999999999998
2025-04-23T20:00,30.1,13,12.3,30.75
2025-04-23T21:00,28.8,13,11.4,29.45
2025-04-23T22:00,27.8,15,10.3,28.55
2025-04-23T23:00,24.6,21,8.6,25.650000000000002
2025-04-24T00:00,22.8,28,6.4,24.2
2025-04-24T01:00,22.5,26,7.9,23.8
2025-04-24T02:00,22.0,27,7.2,23.35
2025-04-24T03:00,21.1,29,6.7,22.55
2025-04-24T04:00,20.5,29,7.2,21.95
2025-04-24T05:00,19.9,30,7.4,21.4
2025-04-24T06:00,22.2,34,7.0,23.9
2025-04-24T07:00,25.1,28,9.4,26.5
2025-04-24T08:00,28.5,29,6.3,29.95
2025-04-24T09:00,32.5,24,5.4,33.7
2025-04-24T10:00,35.5,18,6.5,36.4
2025-04-24T11:00,37.2,13,6.3,37.85
2025-04-24T12:00,38.1,11,6.3,38.65
2025-04-24T13:00,38.6,10,8.8,39.1
2025-04-24T14:00,38.7,9,12.8,39.150000000000006
2025-04-24T15:00,38.4,10,15.2,38.9
2025-04-24T16:00,37.6,10,14.8,38.1
2025-04-24T17:00,35.3,18,8.7,36.199999999999996
2025-04-24T18:00,32.9,24,2.0,34.1
2025-04-24T19:00,30.7,18,9.3,31.599999999999998
2025-04-24T20:00,27.7,28,8.6,29.099999999999998
2025-04-24T21:00,25.7,32,10.7,27.3
2025-04-24T22:00,26.7,23,8.8,27.849999999999998
2025-04-24T23:00,25.6,28,7.8,27.0
2025-04-25T00:00,24.1,34,2.6,25.8
2025-04-25T01:00,22.3,40,1.8,24.3
2025-04-25T02:00,22.8,37,0.2,24.650000000000002
2025-04-25T03:00,22.0,38,8.2,23.9
2025-04-25T04:00,22.3,35,7.9,24.05
2025-04-25T05:00,22.7,33,9.6,24.349999999999998
2025-04-25T06:00,23.3,41,7.4,25.35
2025-04-25T07:00,26.8,33,10.1,28.45
2025-04-25T08:00,30.0,30,7.2,31.5
2025-04-25T09:00,31.6,26,7.2,32.9
2025-04-25T10:00,33.9,21,4.7,34.949999999999996
2025-04-25T11:00,36.0,19,4.8,36.95
2025-04-25T12:00,37.5,16,5.4,38.3
2025-04-25T13:00,38.7,13,7.8,39.35
2025-04-25T14:00,39.1,10,10.9,39.6
2025-04-25T15:00,38.8,10,11.6,39.3
2025-04-25T16:00,37.9,11,9.4,38.449999999999996
2025-04-25T17:00,35.4,19,9.4,36.35
2025-04-25T18:00,32.7,18,13.1,33.6
2025-04-25T19:00,31.0,17,10.8,31.85
2025-04-25T20:00,29.4,19,2.3,30.349999999999998
2025-04-25T21:00,28.4,21,1.3,29.45
2025-04-25T22:00,27.8,28,0.6,29.2
2025-04-25T23:00,26.2,24,4.0,27.4
2025-04-26T00:00,24.4,27,6.2,25.75
2025-04-26T01:00,23.1,30,8.5,24.6
2025-04-26T02:00,22.6,26,8.7,23.900000000000002
2025-04-26T03:00,22.7,26,5.5,24.0
2025-04-26T04:00,22.6,25,5.0,23.85
2025-04-26T05:00,22.1,26,7.5,23.400000000000002
2025-04-26T06:00,22.8,39,4.2,24.75
2025-04-26T07:00,25.8,34,7.4,27.5
2025-04-26T08:00,30.0,30,5.2,31.5
2025-04-26T09:00,34.1,21,3.4,35.15
2025-04-26T10:00,36.7,15,2.8,37.45
2025-04-26T11:00,38.3,11,1.8,38.849999999999994
2025-04-26T12:00,39.2,9,2.2,39.650000000000006
2025-04-26T13:00,39.6,8,4.2,40.0
2025-04-26T14:00,39.6,8,9.9,40.0
2025-04-26T15:00,38.9,9,15.8,39.35
2025-04-26T16:00,37.5,12,12.8,38.1
2025-04-26T17:00,35.8,17,10.1,36.65
2025-04-26T18:00,31.6,35,1.3,33.35
2025-04-26T19:00,30.0,33,0.4,31.65
2025-04-26T20:00,28.5,34,1.5,30.2
2025-04-26T21:00,28.2,30,5.2,29.7
2025-04-26T22:00,30.0,20,10.1,31.0
2025-04-26T23:00,30.6,17,11.2,31.450000000000003
2025-04-27T00:00,29.9,19,9.5,30.849999999999998
2025-04-27T01:00,27.7,24,6.4,28.9
2025-04-27T02:00,25.5,27,7.7,26.85
2025-04-27T03:00,25.1,31,1.3,26.650000000000002
2025-04-27T04:00,24.4,30,2.7,25.9
2025-04-27T05:00,25.1,27,4.9,26.450000000000003
2025-04-27T06:00,25.2,37,6.7,27.05
2025-04-27T07:00,27.2,36,3.5,29.0
2025-04-27T08:00,30.3,32,5.4,31.900000000000002
2025-04-27T09:00,34.0,22,8.3,35.1
2025-04-27T10:00,36.9,15,8.4,37.65
2025-04-27T11:00,38.3,12,7.6,38.9
2025-04-27T12:00,39.0,10,7.1,39.5
2025-04-27T13:00,39.2,9,3.2,39.650000000000006
2025-04-27T14:00,39.2,9,2.3,39.650000000000006
2025-04-27T15:00,39.1,9,8.6,39.550000000000004
2025-04-27T16:00,38.3,9,15.4,38.75
2025-04-27T17:00,36.2,14,10.3,36.900000000000006
2025-04-27T18:00,32.8,22,5.2,33.9
2025-04-27T19:00,29.4,26,7.2,30.7
2025-04-27T20:00,27.7,27,7.6,29.05
2025-04-27T21:00,26.8,27,8.0,28.150000000000002
2025-04-27T22:00,26.3,25,8.2,27.55
2025-04-27T23:00,25.3,26,8.0,26.6
2025-04-28T00:00,25.2,26,7.9,26.5
2025-04-28T01:00,24.3,27,8.0,25.650000000000002
2025-04-28T02:00,23.9,28,6.0,25.299999999999997
2025-04-28T03:00,22.4,31,7.6,23.95
2025-04-28T04:00,20.7,37,6.1,22.55
2025-04-28T05:00,20.9,38,9.1,22.799999999999997
2025-04-28T06:00,24.2,43,12.3,26.349999999999998
2025-04-28T07:00,26.3,42,13.2,28.400000000000002
2025-04-28T08:00,29.0,38,11.8,30.9
2025-04-28T09:00,32.0,31,13.3,33.55
2025-04-28T10:00,34.4,25,13.8,35.65
2025-04-28T11:00,36.0,23,13.3,37.15
2025-04-28T12:00,37.3,21,12.0,38.349999999999994
2025-04-28T13:00,38.3,18,9.8,39.199999999999996
2025-04-28T14:00,38.7,16,15.1,39.5
2025-04-28T15:00,37.5,14,20.9,38.2
2025-04-28T16:00,36.6,16,14.9,37.4
2025-04-28T17:00,33.9,25,11.0,35.15
2025-04-28T18:00,32.3,28,17.8,33.699999999999996
2025-04-28T19:00,30.0,32,11.6,31.6
2025-04-28T20:00,28.0,38,7.6,29.9
2025-04-28T21:00,27.8,39,13.2,29.75
2025-04-28T22:00,27.2,42,11.9,29.3
2025-04-28T23:00,26.4,42,11.6,28.5
2025-04-29T00:00,25.7,42,10.8,27.8
2025-04-29T01:00,25.1,43,11.8,27.25
2025-04-29T02:00,24.5,45,13.6,26.75
2025-04-29T03:00,24.0,47,15.4,26.35
2025-04-29T04:00,23.3,52,13.6,25.900000000000002
2025-04-29T05:00,22.8,58,14.8,25.700000000000003
2025-04-29T06:00,23.9,66,16.4,27.2
2025-04-29T07:00,25.4,61,17.1,28.45
2025-04-29T08:00,27.4,53,18.2,30.049999999999997
2025-04-29T09:00,29.4,47,18.1,31.75
2025-04-29T10:00,31.4,41,18.4,33.449999999999996
2025-04-29T11:00,33.2,36,17.1,35.0
2025-04-29T12:00,34.6,32,15.1,36.2
2025-04-29T13:00,35.5,30,12.6,37.0
2025-04-29T14:00,35.9,28,9.6,37.3
2025-04-29T15:00,35.9,27,6.6,37.25
2025-04-29T16:00,35.7,26,5.8,37.0
2025-04-29T17:00,35.2,27,7.6,36.550000000000004
2025-04-29T18:00,31.6,39,4.6,33.550000000000004
2025-04-29T19:00,29.3,41,5.7,31.35
2025-04-29T20:00,28.5,44,10.7,30.7
2025-04-29T21:00,28.1,44,10.4,30.3
2025-04-29T22:00,27.3,45,8.5,29.55
2025-04-29T23:00,26.2,49,6.9,28.65
2025-04-30T00:00,25.4,52,7.1,28.0
2025-04-30T01:00,25.3,52,8.1,27.900000000000002
2025-04-30T02:00,25.0,52,8.7,27.6
2025-04-30T03:00,24.8,54,10.0,27.5
2025-04-30T04:00,24.6,55,11.8,27.35
2025-04-30T05:00,24.3,58,11.4,27.200000000000003
2025-04-30T06:00,25.2,62,15.1,28.3
2025-04-30T07:00,26.7,59,13.5,29.65
2025-04-30T08:00,28.6,53,13.7,31.25
2025-04-30T09:00,30.6,47,15.3,32.95
2025-04-30T10:00,32.5,41,14.8,34.55
2025-04-30T11:00,34.0,35,13.8,35.75
2025-04-30T12:00,34.9,31,11.5,36.449999999999996
2025-04-30T13:00,35.3,30,11.4,36.8
2025-04-30T14:00,35.5,29,9.8,36.95
2025-04-30T15:00,34.9,29,2.5,36.35
2025-04-30T16:00,34.5,29,3.3,35.95
2025-04-30T17:00,34.1,30,6.3,35.6
2025-04-30T18:00,32.5,30,9.3,34.0
2025-04-30T19:00,30.2,34,6.8,31.9
2025-04-30T20:00,29.1,36,7.2,30.900000000000002
2025-04-30T21:00,28.7,39,11.2,30.65
2025-04-30T22:00,28.4,42,11.8,30.5
2025-04-30T23:00,27.7,44,13.0,29.9
2025-05-01T00:00,26.9,47,13.0,29.25
2025-05-01T01:00,26.1,50,11.8,28.6
2025-05-01T02:00,25.6,52,12.6,28.200000000000003
2025-05-01T03:00,25.1,54,13.2,27.8
2025-05-01T04:00,24.8,55,13.8,27.55
2025-05-01T05:00,24.5,57,12.1,27.35
2025-05-01T06:00,26.1,68,12.1,29.5
2025-05-01T07:00,27.6,63,13.3,30.75
2025-05-01T08:00,29.5,55,16.9,32.25
2025-05-01T09:00,31.5,48,18.0,33.9
2025-05-01T10:00,33.3,39,17.4,35.25
2025-05-01T11:00,34.5,32,14.5,36.1
2025-05-01T12:00,34.9,29,13.3,36.35
2025-05-01T13:00,35.2,28,11.6,36.6
2025-05-01T14:00,35.7,27,6.7,37.050000000000004
2025-05-01T15:00,34.7,29,8.3,36.150000000000006
2025-05-01T16:00,34.7,28,10.8,36.1
2025-05-01T17:00,33.7,31,11.3,35.25
2025-05-01T18:00,31.9,34,6.0,33.6
2025-05-01T19:00,30.8,35,9.5,32.55
2025-05-01T20:00,29.5,37,9.6,31.35
2025-05-01T21:00,28.7,45,16.2,30.95
2025-05-01T22:00,27.4,53,14.5,30.049999999999997
2025-05-01T23:00,27.2,51,15.8,29.75
2025-05-02T00:00,26.7,52,14.2,29.3
2025-05-02T01:00,26.3,52,14.3,28.900000000000002
2025-05-02T02:00,25.9,54,12.7,28.599999999999998
2025-05-02T03:00,25.4,55,12.9,28.15
2025-05-02T04:00,25.1,56,12.8,27.900000000000002
2025-05-02T05:00,24.7,58,13.2,27.6
2025-05-02T06:00,22.0,95,8.1,26.75
2025-05-02T07:00,22.1,93,5.3,26.75
2025-05-02T08:00,22.3,93,6.1,26.950000000000003
2025-05-02T09:00,22.6,92,14.8,27.200000000000003
2025-05-02T10:00,22.4,90,12.3,26.9
2025-05-02T11:00,24.4,78,7.8,28.299999999999997
2025-05-02T12:00,26.5,64,8.3,29.7
2025-05-02T13:00,27.7,58,9.7,30.6
2025-05-02T14:00,29.3,52,9.3,31.900000000000002
2025-05-02T15:00,30.1,49,10.0,32.550000000000004
2025-05-02T16:00,30.2,47,6.9,32.55
2025-05-02T17:00,29.9,48,5.0,32.3
2025-05-02T18:00,28.0,56,6.5,30.8
2025-05-02T19:00,26.5,65,2.4,29.75
2025-05-02T20:00,25.6,67,3.7,28.950000000000003
2025-05-02T21:00,24.7,72,3.7,28.3
2025-05-02T22:00,24.0,75,4.7,27.75
2025-05-02T23:00,23.8,77,0.9,27.650000000000002
2025-05-03T00:00,23.3,79,2.7,27.25
2025-05-03T01:00,22.6,81,4.0,26.650000000000002
2025-05-03T02:00,22.3,82,6.3,26.400000000000002
2025-05-03T03:00,22.2,82,6.1,26.3
2025-05-03T04:00,22.0,84,5.6,26.2
2025-05-03T05:00,21.9,85,1.3,26.15
2025-05-03T06:00,23.0,90,1.2,27.5
2025-05-03T07:00,23.4,85,5.8,27.65
2025-05-03T08:00,25.6,74,4.5,29.3
2025-05-03T09:00,28.9,58,7.2,31.799999999999997
2025-05-03T10:00,31.1,46,8.7,33.4
2025-05-03T11:00,31.5,41,8.8,33.55
2025-05-03T12:00,32.6,37,7.5,34.45
2025-05-03T13:00,33.0,36,8.3,34.8
2025-05-03T14:00,32.2,38,5.4,34.1
2025-05-03T15:00,31.8,39,5.4,33.75
2025-05-03T16:00,31.7,40,4.6,33.7
2025-05-03T17:00,31.3,41,6.3,33.35
2025-05-03T18:00,28.0,53,9.0,30.65
2025-05-03T19:00,26.8,55,9.1,29.55
2025-05-03T20:00,26.1,58,7.6,29.0
2025-05-03T21:00,26.0,58,5.2,28.9
2025-05-03T22:00,25.6,59,3.8,28.55
2025-05-03T23:00,25.3,61,1.2,28.35
2025-05-04T00:00,23.8,67,2.5,27.150000000000002
2025-05-04T01:00,23.0,73,7.3,26.65
2025-05-04T02:00,22.8,72,6.5,26.400000000000002
2025-05-04T03:00,22.6,72,7.0,26.200000000000003
2025-05-04T04:00,22.2,74,6.4,25.9
2025-05-04T05:00,21.8,76,6.0,25.6
2025-05-04T06:00,24.2,82,6.4,28.3
2025-05-04T07:00,26.4,73,5.4,30.049999999999997
2025-05-04T08:00,28.9,62,5.9,32.0
2025-05-04T09:00,31.3,54,8.5,34.0
2025-05-04T10:00,33.1,46,9.2,35.4
2025-05-04T11:00,34.1,40,7.3,36.1
2025-05-04T12:00,32.8,42,8.6,34.9
2025-05-04T13:00,32.1,43,5.8,34.25
2025-05-04T14:00,31.0,46,9.4,33.3
2025-05-04T15:00,30.9,47,6.0,33.25
2025-05-04T16:00,31.5,45,6.1,33.75
2025-05-04T17:00,31.2,46,7.2,33.5
2025-05-04T18:00,29.5,50,10.0,32.0
2025-05-04T19:00,28.3,53,9.9,30.950000000000003
2025-05-04T20:00,27.2,60,5.8,30.2
2025-05-04T21:00,26.3,68,3.2,29.700000000000003
2025-05-04T22:00,26.2,70,8.1,29.7
2025-05-04T23:00,25.5,75,6.6,29.25
2025-05-05T00:00,24.7,79,5.6,28.65
2025-05-05T01:00,24.4,79,8.0,28.349999999999998
2025-05-05T02:00,24.2,78,8.4,28.1
2025-05-05T03:00,23.8,79,8.1,27.75
2025-05-05T04:00,23.4,79,8.0,27.349999999999998
2025-05-05T05:00,23.2,79,7.4,27.15
2025-05-05T06:00,23.5,73,15.3,27.15
2025-05-05T07:00,24.8,69,10.7,28.25
2025-05-05T08:00,26.7,63,12.5,29.85
2025-05-05T09:00,28.6,56,14.3,31.400000000000002
2025-05-05T10:00,30.4,50,13.4,32.9
2025-05-05T11:00,32.0,44,11.9,34.2
2025-05-05T12:00,30.0,49,8.5,32.45
2025-05-05T13:00,31.5,44,5.5,33.7
2025-05-05T14:00,31.6,44,10.7,33.800000000000004
2025-05-05T15:00,32.1,43,8.0,34.25
2025-05-05T16:00,31.6,43,14.1,33.75
2025-05-05T17:00,30.8,46,14.9,33.1
2025-05-05T18:00,27.1,65,10.3,30.35
2025-05-05T19:00,25.4,72,9.3,29.0
2025-05-05T20:00,24.7,75,9.5,28.45
2025-05-05T21:00,24.1,77,7.4,27.950000000000003
2025-05-05T22:00,23.6,80,6.6,27.6
2025-05-05T23:00,23.0,83,5.7,27.15
2025-05-06T00:00,22.4,87,4.6,26.75
2025-05-06T01:00,22.0,89,4.7,26.45
2025-05-06T02:00,21.6,91,4.5,26.150000000000002
2025-05-06T03:00,21.2,93,3.7,25.85
2025-05-06T04:00,21.0,94,5.9,25.7
2025-05-06T05:00,21.0,94,6.3,25.7
2025-05-06T06:00,22.7,86,6.3,27.0
2025-05-06T07:00,24.7,77,6.3,28.55
2025-05-06T08:00,26.9,67,7.8,30.25
2025-05-06T09:00,28.8,59,9.3,31.75
2025-05-06T10:00,30.3,53,8.5,32.95
2025-05-06T11:00,31.5,48,8.1,33.9
2025-05-06T12:00,32.4,45,9.5,34.65
2025-05-06T13:00,32.7,43,9.3,34.85
2025-05-06T14:00,29.8,54,18.4,32.5
2025-05-06T15:00,30.7,50,11.8,33.2
2025-05-06T16:00,31.3,46,11.0,33.6
2025-05-06T17:00,30.6,48,10.2,33.0
2025-05-06T18:00,28.3,54,5.9,31.0
2025-05-06T19:00,26.9,58,6.8,29.799999999999997
2025-05-06T20:00,26.2,61,7.5,29.25
2025-05-06T21:00,25.7,63,8.6,28.85
2025-05-06T22:00,25.4,63,9.6,28.549999999999997
2025-05-06T23:00,24.9,67,8.2,28.25
2025-05-07T00:00,24.6,70,9.2,28.1
2025-05-07T01:00,24.4,72,8.3,28.0
2025-05-07T02:00,24.2,74,8.9,27.9
2025-05-07T03:00,23.8,77,8.8,27.650000000000002
2025-05-07T04:00,23.6,79,9.2,27.55
2025-05-07T05:00,23.3,80,9.7,27.3
2025-05-07T06:00,24.4,81,8.7,28.45
2025-05-07T07:00,25.7,76,9.3,29.5
2025-05-07T08:00,27.5,69,9.1,30.95
2025-05-07T09:00,29.2,61,11.6,32.25
2025-05-07T10:00,29.3,58,12.9,32.2
2025-05-07T11:00,30.2,54,10.4,32.9
2025-05-07T12:00,31.0,50,9.7,33.5
2025-05-07T13:00,31.2,48,8.3,33.6
2025-05-07T14:00,31.9,45,8.9,34.15
2025-05-07T15:00,31.7,46,8.7,34.0
2025-05-07T16:00,31.4,46,6.0,33.699999999999996
2025-05-07T17:00,30.6,47,7.2,32.95
2025-05-07T18:00,27.2,66,4.8,30.5
2025-05-07T19:00,25.9,72,6.1,29.5
2025-05-07T20:00,25.3,74,5.9,29.0
2025-05-07T21:00,25.1,74,5.7,28.8
2025-05-07T22:00,24.4,80,4.1,28.4
2025-05-07T23:00,23.9,83,2.8,28.049999999999997
2025-05-08T00:00,23.7,84,0.6,27.9
2025-05-08T01:00,23.3,86,2.6,27.6
2025-05-08T02:00,23.0,87,4.3,27.35
2025-05-08T03:00,23.0,86,6.2,27.3
2025-05-08T04:00,23.0,84,6.7,27.2
2025-05-08T05:00,22.9,83,6.3,27.049999999999997
2025-05-08T06:00,25.6,74,6.8,29.3
2025-05-08T07:00,24.7,77,13.1,28.55
2025-05-08T08:00,24.7,79,10.0,28.65
2025-05-08T09:00,27.6,64,12.7,30.8
2025-05-08T10:00,30.2,53,11.7,32.85
2025-05-08T11:00,31.6,51,12.3,34.15
2025-05-08T12:00,31.4,51,8.3,33.949999999999996
2025-05-08T13:00,31.8,49,7.1,34.25
2025-05-08T14:00,32.3,48,8.8,34.699999999999996
2025-05-08T15:00,30.6,55,7.8,33.35
2025-05-08T16:00,31.1,53,4.4,33.75
2025-05-08T17:00,29.7,57,3.6,32.55
2025-05-08T18:00,28.5,58,3.6,31.4
2025-05-08T19:00,27.1,60,6.3,30.1
2025-05-08T20:00,26.2,67,4.9,29.55
2025-05-08T21:00,25.7,70,5.3,29.2
2025-05-08T22:00,25.3,72,7.3,28.900000000000002
2025-05-08T23:00,25.5,68,11.6,28.9
2025-05-09T00:00,25.6,68,9.7,29.0
2025-05-09T01:00,24.8,72,6.7,28.400000000000002
2025-05-09T02:00,24.5,73,7.2,28.15
2025-05-09T03:00,24.5,73,6.3,28.15
2025-05-09T04:00,24.6,73,4.5,28.25
2025-05-09T05:00,23.9,77,4.1,27.75
2025-05-09T06:00,25.1,74,4.6,28.8
2025-05-09T07:00,26.5,66,3.5,29.8
2025-05-09T08:00,28.8,58,3.6,31.700000000000003
2025-05-09T09:00,31.2,51,5.2,33.75
2025-05-09T10:00,32.7,46,7.5,35.0
2025-05-09T11:00,33.8,40,7.9,35.8
2025-05-09T12:00,34.8,36,9.3,36.599999999999994
2025-05-09T13:00,35.2,35,10.8,36.95
2025-05-09T14:00,35.4,35,11.3,37.15
2025-05-09T15:00,32.8,44,16.1,35.0
2025-05-09T16:00,31.4,48,17.5,33.8
2025-05-09T17:00,31.0,49,4.7,33.45
2025-05-09T18:00,29.9,53,7.3,32.55
2025-05-09T19:00,27.9,61,5.1,30.95
2025-05-09T20:00,27.3,63,5.4,30.450000000000003
2025-05-09T21:00,27.0,65,4.4,30.25
2025-05-09T22:00,26.6,67,3.5,29.950000000000003
2025-05-09T23:00,26.0,70,3.8,29.5
2025-05-10T00:00,25.9,70,1.3,29.4
2025-05-10T01:00,25.3,71,3.6,28.85
2025-05-10T02:00,25.0,70,7.7,28.5
2025-05-10T03:00,24.6,71,6.2,28.150000000000002
2025-05-10T04:00,24.1,74,6.0,27.8
2025-05-10T05:00,24.0,75,6.2,27.75
2025-05-10T06:00,25.5,77,3.0,29.35
2025-05-10T07:00,27.3,72,2.1,30.900000000000002
2025-05-10T08:00,29.7,64,2.8,32.9
2025-05-10T09:00,31.9,54,3.0,34.6
2025-05-10T10:00,33.2,45,2.7,35.45
2025-05-10T11:00,33.9,42,2.7,36.0
2025-05-10T12:00,34.2,42,0.5,36.300000000000004
2025-05-10T13:00,34.2,41,6.6,36.25
2025-05-10T14:00,33.8,43,6.6,35.949999999999996
2025-05-10T15:00,30.3,57,6.7,33.15
2025-05-10T16:00,30.2,59,10.2,33.15
2025-05-10T17:00,29.6,61,3.1,32.65
2025-05-10T18:00,29.7,58,5.8,32.6
2025-05-10T19:00,28.3,62,4.8,31.400000000000002
2025-05-10T20:00,27.7,64,3.0,30.9
2025-05-10T21:00,27.3,65,1.0,30.55
2025-05-10T22:00,26.9,66,1.1,30.2
2025-05-10T23:00,26.1,70,2.0,29.6
2025-05-11T00:00,25.5,72,2.3,29.1
2025-05-11T01:00,24.8,74,4.2,28.5
2025-05-11T02:00,24.6,76,5.0,28.400000000000002
2025-05-11T03:00,24.4,79,4.4,28.349999999999998
2025-05-11T04:00,24.2,82,3.9,28.3
2025-05-11T05:00,23.6,84,4.9,27.8
2025-05-11T06:00,25.2,75,6.8,28.95
2025-05-11T07:00,27.3,69,3.9,30.75
2025-05-11T08:00,29.8,59,4.6,32.75
2025-05-11T09:00,31.8,49,7.4,34.25
2025-05-11T10:00,33.1,44,8.0,35.300000000000004
2025-05-11T11:00,34.3,40,7.9,36.3
2025-05-11T12:00,35.1,37,8.9,36.95
2025-05-11T13:00,35.8,35,10.2,37.55
2025-05-11T14:00,36.2,32,10.4,37.800000000000004
2025-05-11T15:00,36.5,30,10.6,38.0
2025-05-11T16:00,36.3,29,9.4,37.75
2025-05-11T17:00,34.6,40,6.2,36.6
2025-05-11T18:00,32.4,52,1.8,35.0
2025-05-11T19:00,30.1,51,2.3,32.65
2025-05-11T20:00,30.4,43,13.8,32.55
2025-05-11T21:00,31.4,32,17.1,33.0
2025-05-11T22:00,30.1,36,12.6,31.900000000000002
2025-05-11T23:00,28.8,40,10.2,30.8
2025-05-12T00:00,27.6,43,8.7,29.75
2025-05-12T01:00,26.7,45,7.8,28.95
2025-05-12T02:00,25.8,50,5.9,28.3
2025-05-12T03:00,25.5,52,3.6,28.1
2025-05-12T04:00,24.5,55,4.9,27.25
2025-05-12T05:00,23.3,60,5.7,26.3
2025-05-12T06:00,24.7,64,8.0,27.9
2025-05-12T07:00,27.0,59,7.6,29.95
2025-05-12T08:00,29.5,49,7.6,31.95
2025-05-12T09:00,31.6,42,8.2,33.7
2025-05-12T10:00,33.5,37,9.2,35.35
2025-05-12T11:00,35.2,32,11.3,36.800000000000004
2025-05-12T12:00,36.5,27,12.3,37.85
2025-05-12T13:00,37.2,26,13.2,38.5
2025-05-12T14:00,37.3,25,13.4,38.55
2025-05-12T15:00,37.2,24,13.8,38.400000000000006
2025-05-12T16:00,36.7,27,11.0,38.050000000000004
2025-05-12T17:00,34.9,35,7.5,36.65
2025-05-12T18:00,32.1,48,4.6,34.5
2025-05-12T19:00,29.8,52,3.2,32.4
2025-05-12T20:00,27.8,58,6.4,30.700000000000003
2025-05-12T21:00,26.9,59,3.9,29.849999999999998
2025-05-12T22:00,26.5,60,5.8,29.5
2025-05-12T23:00,26.1,59,4.5,29.05
2025-05-13T00:00,25.5,59,7.1,28.45
2025-05-13T01:00,25.5,59,4.7,28.45
2025-05-13T02:00,25.6,57,4.8,28.450000000000003
2025-05-13T03:00,25.4,54,6.3,28.099999999999998
2025-05-13T04:00,25.3,49,7.4,27.75
2025-05-13T05:00,26.1,42,10.0,28.200000000000003
2025-05-13T06:00,27.2,50,7.8,29.7
2025-05-13T07:00,28.3,51,8.7,30.85
2025-05-13T08:00,30.4,44,6.6,32.6
2025-05-13T09:00,32.6,39,8.5,34.550000000000004
2025-05-13T10:00,34.7,34,10.5,36.400000000000006
2025-05-13T11:00,36.4,29,12.3,37.85
2025-05-13T12:00,37.5,27,11.8,38.85
2025-05-13T13:00,38.4,23,10.8,39.55
2025-05-13T14:00,38.9,20,14.4,39.9
2025-05-13T15:00,38.3,20,14.4,39.3
2025-05-13T16:00,36.8,26,12.9,38.099999999999994
2025-05-13T17:00,35.3,30,11.4,36.8
2025-05-13T18:00,31.6,50,6.3,34.1
2025-05-13T19:00,29.8,52,5.0,32.4
2025-05-13T20:00,28.7,50,3.8,31.2
2025-05-13T21:00,28.6,46,6.5,30.900000000000002
2025-05-13T22:00,28.5,38,8.4,30.4
2025-05-13T23:00,28.2,35,8.8,29.95
2025-05-14T00:00,28.3,33,9.1,29.95
2025-05-14T01:00,27.4,35,8.1,29.15
2025-05-14T02:00,25.9,41,8.8,27.95
2025-05-14T03:00,24.1,48,7.3,26.5
2025-05-14T04:00,24.9,44,9.0,27.099999999999998
2025-05-14T05:00,24.9,42,10.5,27.0
2025-05-14T06:00,24.9,53,9.0,27.549999999999997
2025-05-14T07:00,27.1,50,9.9,29.6
2025-05-14T08:00,29.8,45,7.2,32.05
2025-05-14T09:00,32.5,40,6.3,34.5
2025-05-14T10:00,35.1,34,5.4,36.800000000000004
2025-05-14T11:00,36.8,27,6.6,38.15
2025-05-14T12:00,38.0,22,8.9,39.1
2025-05-14T13:00,38.7,19,9.8,39.650000000000006
2025-05-14T14:00,38.8,19,10.6,39.75
2025-05-14T15:00,38.7,18,10.5,39.6
2025-05-14T16:00,37.8,23,10.8,38.949999999999996
2025-05-14T17:00,35.6,27,9.2,36.95
2025-05-14T18:00,33.3,37,4.5,35.15
2025-05-14T19:00,29.9,42,5.3,32.0
2025-05-14T20:00,28.5,47,5.6,30.85
2025-05-14T21:00,29.8,39,1.7,31.75
2025-05-14T22:00,28.6,39,6.1,30.55
2025-05-14T23:00,27.6,42,4.5,29.700000000000003
2025-05-15T00:00,26.6,47,3.5,28.950000000000003
2025-05-15T01:00,25.6,52,4.4,28.200000000000003
2025-05-15T02:00,24.9,53,4.3,27.549999999999997
2025-05-15T03:00,24.8,52,3.6,27.400000000000002
2025-05-15T04:00,24.9,49,3.3,27.349999999999998
2025-05-15T05:00,25.1,48,3.5,27.5
2025-05-15T06:00,26.2,50,8.1,28.7
2025-05-15T07:00,28.2,49,9.2,30.65
2025-05-15T08:00,30.9,45,6.8,33.15
2025-05-15T09:00,33.5,39,7.2,35.45
2025-05-15T10:00,35.8,33,8.6,37.449999999999996
2025-05-15T11:00,37.5,25,9.9,38.75
2025-05-15T12:00,38.2,24,9.4,39.400000000000006
2025-05-15T13:00,38.8,22,9.8,39.9
2025-05-15T14:00,39.1,20,11.3,40.1
2025-05-15T15:00,39.0,20,10.6,40.0
2025-05-15T16:00,38.1,26,7.4,39.4
2025-05-15T17:00,36.2,37,4.8,38.050000000000004
2025-05-15T18:00,33.6,37,7.4,35.45
2025-05-15T19:00,31.5,33,8.7,33.15
2025-05-15T20:00,31.2,29,9.5,32.65
2025-05-15T21:00,29.0,32,7.8,30.6
2025-05-15T22:00,27.7,37,8.0,29.55
2025-05-15T23:00,27.9,34,8.6,29.599999999999998
2025-05-16T00:00,26.9,39,5.6,28.849999999999998
2025-05-16T01:00,26.3,41,3.1,28.35
2025-05-16T02:00,25.8,42,6.2,27.900000000000002
2025-05-16T03:00,25.6,42,5.1,27.700000000000003
2025-05-16T04:00,25.0,44,6.3,27.2
2025-05-16T05:00,24.7,45,7.6,26.95
2025-05-16T06:00,26.7,55,5.2,29.45
2025-05-16T07:00,29.1,49,4.3,31.55
2025-05-16T08:00,31.9,46,2.0,34.199999999999996
2025-05-16T09:00,34.8,36,0.2,36.599999999999994
2025-05-16T10:00,36.8,28,7.1,38.199999999999996
2025-05-16T11:00,37.9,23,11.7,39.05
2025-05-16T12:00,38.4,22,12.6,39.5
2025-05-16T13:00,38.5,25,11.8,39.75
2025-05-16T14:00,38.2,28,11.2,39.6
2025-05-16T15:00,37.4,28,18.3,38.8
2025-05-16T16:00,36.7,32,12.4,38.300000000000004
2025-05-16T17:00,34.8,39,10.3,36.75
2025-05-16T18:00,32.0,50,12.1,34.5
2025-05-16T19:00,29.9,51,7.9,32.449999999999996
2025-05-16T20:00,28.4,55,7.7,31.15
2025-05-16T21:00,27.3,59,6.6,30.25
2025-05-16T22:00,26.8,61,7.7,29.85
2025-05-16T23:00,26.4,62,7.1,29.5
2025-05-17T00:00,26.6,60,8.5,29.6
2025-05-17T01:00,26.1,62,5.9,29.200000000000003
2025-05-17T02:00,25.7,63,7.2,28.85
2025-05-17T03:00,25.7,64,6.5,28.9
2025-05-17T04:00,25.7,64,8.2,28.9
2025-05-17T05:00,25.2,64,7.6,28.4
2025-05-17T06:00,26.1,66,10.1,29.400000000000002
2025-05-17T07:00,27.4,67,5.4,30.75
2025-05-17T08:00,29.7,61,5.0,32.75
2025-05-17T09:00,31.7,50,7.1,34.2
2025-05-17T10:00,33.6,41,3.4,35.65
2025-05-17T11:00,35.5,36,1.7,37.3
2025-05-17T12:00,37.0,34,1.6,38.7
2025-05-17T13:00,38.1,33,5.1,39.75
2025-05-17T14:00,39.0,28,9.6,40.4
2025-05-17T15:00,38.9,25,14.1,40.15
2025-05-17T16:00,38.2,29,11.1,39.650000000000006
2025-05-17T17:00,36.0,47,4.2,38.35
2025-05-17T18:00,31.9,51,7.7,34.449999999999996
2025-05-17T19:00,30.7,48,9.4,33.1
2025-05-17T20:00,29.1,50,7.1,31.6
2025-05-17T21:00,29.7,44,10.2,31.9
2025-05-17T22:00,29.1,43,9.6,31.25
2025-05-17T23:00,27.9,48,7.6,30.299999999999997
2025-05-18T00:00,27.6,50,9.2,30.1
2025-05-18T01:00,27.5,50,9.5,30.0
2025-05-18T02:00,26.7,53,8.5,29.35
2025-05-18T03:00,25.5,58,5.7,28.4
2025-05-18T04:00,24.3,62,9.0,27.400000000000002
2025-05-18T05:00,23.7,65,9.4,26.95
2025-05-18T06:00,25.6,64,10.7,28.8
2025-05-18T07:00,27.3,63,7.6,30.450000000000003
2025-05-18T08:00,29.6,59,7.2,32.550000000000004
2025-05-18T09:00,32.1,51,6.1,34.65
2025-05-18T10:00,34.0,43,3.5,36.15
2025-05-18T11:00,35.2,40,3.2,37.2
2025-05-18T12:00,36.0,39,5.1,37.95
2025-05-18T13:00,36.3,39,6.5,38.25
2025-05-18T14:00,36.4,40,7.5,38.4
2025-05-18T15:00,36.2,41,8.5,38.25
2025-05-18T16:00,35.6,43,9.2,37.75
2025-05-18T17:00,34.7,50,9.3,37.2
2025-05-18T18:00,32.2,55,12.4,34.95
2025-05-18T19:00,30.5,61,9.8,33.55
2025-05-18T20:00,29.3,64,8.8,32.5
2025-05-18T21:00,28.9,66,10.1,32.199999999999996
2025-05-18T22:00,28.5,67,9.8,31.85
2025-05-18T23:00,28.0,68,9.4,31.4
2025-05-19T00:00,27.6,70,10.0,31.1
2025-05-19T01:00,27.2,72,10.3,30.8
2025-05-19T02:00,26.8,74,10.2,30.5
2025-05-19T03:00,26.5,75,9.9,30.25
2025-05-19T04:00,26.1,77,9.6,29.950000000000003
2025-05-19T05:00,25.8,78,11.1,29.700000000000003
2025-05-19T06:00,27.5,73,13.5,31.15
2025-05-19T07:00,28.5,71,11.2,32.05
2025-05-19T08:00,30.0,67,13.9,33.35
2025-05-19T09:00,31.8,61,13.5,34.85
2025-05-19T10:00,33.1,58,11.1,36.0
2025-05-19T11:00,34.2,54,8.1,36.900000000000006
2025-05-19T12:00,35.2,51,7.5,37.75
2025-05-19T13:00,35.8,48,7.6,38.199999999999996
2025-05-19T14:00,36.1,47,1.6,38.45
2025-05-19T15:00,35.9,46,2.9,38.199999999999996
2025-05-19T16:00,35.8,46,7.0,38.099999999999994
2025-05-19T17:00,35.0,52,8.7,37.6
2025-05-19T18:00,32.7,62,8.7,35.800000000000004
2025-05-19T19:00,31.2,61,13.2,34.25
2025-05-19T20:00,29.7,65,6.0,32.95
2025-05-19T21:00,29.0,68,7.7,32.4
2025-05-19T22:00,28.1,72,7.4,31.700000000000003
2025-05-19T23:00,28.1,72,8.5,31.700000000000003
2025-05-20T00:00,27.2,77,6.3,31.05
2025-05-20T01:00,26.5,81,5.8,30.55
2025-05-20T02:00,26.6,80,9.2,30.6
2025-05-20T03:00,26.4,80,10.9,30.4
2025-05-20T04:00,26.4,79,12.0,30.349999999999998
2025-05-20T05:00,26.2,78,12.5,30.1
2025-05-20T06:00,27.6,75,11.5,31.35
2025-05-20T07:00,28.7,71,10.7,32.25
2025-05-20T08:00,30.0,67,11.9,33.35
2025-05-20T09:00,31.6,62,12.6,34.7
2025-05-20T10:00,33.0,58,11.6,35.9
2025-05-20T11:00,34.2,55,9.3,36.95
2025-05-20T12:00,35.2,52,6.8,37.800000000000004
2025-05-20T13:00,36.1,50,6.3,38.6
2025-05-20T14:00,36.4,49,8.1,38.85
2025-05-20T15:00,36.3,49,8.7,38.75
2025-05-20T16:00,35.3,48,13.2,37.699999999999996
2025-05-20T17:00,34.4,52,6.3,37.0
2025-05-20T18:00,33.1,61,12.4,36.15
2025-05-20T19:00,31.1,66,8.7,34.4
2025-05-20T20:00,29.9,71,7.6,33.449999999999996
2025-05-20T21:00,29.2,73,7.8,32.85
2025-05-20T22:00,29.4,71,11.2,32.949999999999996
2025-05-20T23:00,29.4,69,11.4,32.85
2025-05-21T00:00,29.0,69,9.2,32.45
2025-05-21T01:00,27.8,74,7.8,31.5
2025-05-21T02:00,27.4,76,8.2,31.2
2025-05-21T03:00,27.2,76,8.6,31.0
2025-05-21T04:00,26.8,78,8.9,30.700000000000003
2025-05-21T05:00,26.2,79,10.1,30.15
2025-05-21T06:00,28.1,72,23.8,31.700000000000003
2025-05-21T07:00,27.1,65,16.7,30.35
2025-05-21T08:00,28.6,62,11.7,31.700000000000003
2025-05-21T09:00,31.3,57,9.3,34.15
2025-05-21T10:00,33.4,54,10.6,36.1
2025-05-21T11:00,35.1,49,10.3,37.550000000000004
2025-05-21T12:00,36.2,46,10.8,38.5
2025-05-21T13:00,36.7,46,11.3,39.0
2025-05-21T14:00,36.8,46,11.7,39.099999999999994
2025-05-21T15:00,36.7,46,10.8,39.0
2025-05-21T16:00,36.5,47,5.7,38.85
2025-05-21T17:00,33.7,56,14.7,36.5
2025-05-21T18:00,32.2,59,11.8,35.150000000000006
2025-05-21T19:00,31.0,63,14.2,34.15
2025-05-21T20:00,30.8,65,13.0,34.05
2025-05-21T21:00,29.9,68,11.0,33.3
2025-05-21T22:00,29.3,70,11.2,32.8
2025-05-21T23:00,28.7,71,11.6,32.25
2025-05-22T00:00,28.2,73,11.6,31.85
2025-05-22T01:00,27.7,74,11.4,31.4
2025-05-22T02:00,27.3,75,11.6,31.05
2025-05-22T03:00,26.9,77,12.0,30.75
2025-05-22T04:00,26.7,77,14.0,30.55
2025-05-22T05:00,26.5,77,13.9,30.35
2025-05-22T06:00,23.5,86,11.5,27.8
2025-05-22T07:00,25.1,80,12.8,29.1
2025-05-22T08:00,27.2,73,15.0,30.85
2025-05-22T09:00,29.2,66,17.0,32.5
2025-05-22T10:00,30.9,59,19.0,33.85
2025-05-22T11:00,32.1,55,18.2,34.85
2025-05-22T12:00,32.9,53,17.1,35.55
2025-05-22T13:00,33.6,50,15.1,36.1
2025-05-22T14:00,34.2,48,13.5,36.6
2025-05-22T15:00,34.2,47,13.1,36.550000000000004
2025-05-22T16:00,33.9,48,12.6,36.3
2025-05-22T17:00,33.1,52,12.0,35.7
2025-05-22T18:00,30.6,58,10.7,33.5
2025-05-22T19:00,29.3,60,12.1,32.3
2025-05-22T20:00,28.7,63,12.6,31.85
2025-05-22T21:00,28.1,67,11.7,31.450000000000003
2025-05-22T22:00,27.6,69,11.4,31.05
2025-05-22T23:00,27.2,70,11.4,30.7
2025-05-23T00:00,26.9,70,11.5,30.4
2025-05-23T01:00,26.7,71,12.8,30.25
2025-05-23T02:00,26.5,72,12.9,30.1
2025-05-23T03:00,26.1,74,13.2,29.8
2025-05-23T04:00,25.8,77,12.7,29.650000000000002
2025-05-23T05:00,25.5,80,11.8,29.5
2025-05-23T06:00,26.7,78,13.7,30.6
2025-05-23T07:00,27.9,76,12.8,31.7
2025-05-23T08:00,29.3,71,14.7,32.85
2025-05-23T09:00,31.0,62,16.4,34.1
2025-05-23T10:00,32.4,55,16.3,35.15
2025-05-23T11:00,33.5,51,15.5,36.05
2025-05-23T12:00,34.3,48,14.7,36.699999999999996
2025-05-23T13:00,34.9,46,13.8,37.199999999999996
2025-05-23T14:00,35.1,46,12.8,37.4
2025-05-23T15:00,35.0,46,13.6,37.3
2025-05-23T16:00,34.5,47,13.2,36.85
2025-05-23T17:00,33.7,51,10.3,36.25
2025-05-23T18:00,31.7,57,8.1,34.55
2025-05-23T19:00,30.0,61,8.2,33.05
2025-05-23T20:00,29.3,63,9.4,32.45
2025-05-23T21:00,28.9,66,11.8,32.199999999999996
2025-05-23T22:00,28.7,67,11.9,32.05
2025-05-23T23:00,28.6,65,12.2,31.85
2025-05-24T00:00,28.3,66,11.1,31.6
2025-05-24T01:00,28.0,67,12.1,31.35
2025-05-24T02:00,27.8,68,12.7,31.200000000000003
2025-05-24T03:00,27.5,70,13.0,31.0
2025-05-24T04:00,27.1,71,12.6,30.650000000000002
2025-05-24T05:00,26.8,72,13.8,30.400000000000002
2025-05-24T06:00,29.3,67,16.1,32.65
2025-05-24T07:00,30.2,65,13.9,33.45
2025-05-24T08:00,30.9,63,19.0,34.05
2025-05-24T09:00,31.6,61,19.9,34.65
2025-05-24T10:00,32.5,58,20.1,35.4
2025-05-24T11:00,33.6,54,18.2,36.300000000000004
2025-05-24T12:00,34.7,50,17.4,37.2
2025-05-24T13:00,35.2,47,15.9,37.550000000000004
2025-05-24T14:00,35.0,47,15.8,37.35
2025-05-24T15:00,34.9,48,13.1,37.3
2025-05-24T16:00,34.2,50,13.2,36.7
2025-05-24T17:00,33.5,54,10.8,36.2
2025-05-24T18:00,32.9,52,11.1,35.5
2025-05-24T19:00,31.6,55,12.5,34.35
2025-05-24T20:00,31.0,56,14.3,33.8
2025-05-24T21:00,30.7,56,16.6,33.5
2025-05-24T22:00,30.2,55,15.8,32.95
2025-05-24T23:00,29.6,57,15.1,32.45
2025-05-25T00:00,29.2,59,17.0,32.15
2025-05-25T01:00,28.8,60,14.4,31.8
2025-05-25T02:00,27.8,65,12.1,31.05
2025-05-25T03:00,27.2,67,17.3,30.55
2025-05-25T04:00,25.7,71,16.2,29.25
2025-05-25T05:00,24.5,75,17.4,28.25
2025-05-25T06:00,22.3,97,17.5,27.150000000000002
2025-05-25T07:00,23.6,89,16.3,28.05
2025-05-25T08:00,26.0,77,15.2,29.85
2025-05-25T09:00,27.5,67,20.2,30.85
2025-05-25T10:00,28.3,60,16.4,31.3
2025-05-25T11:00,30.5,50,12.8,33.0
2025-05-25T12:00,31.4,51,9.6,33.949999999999996
2025-05-25T13:00,32.2,51,7.4,34.75
2025-05-25T14:00,32.5,48,4.4,34.9
2025-05-25T15:00,32.8,47,2.8,35.15
2025-05-25T16:00,30.9,55,11.9,33.65
2025-05-25T17:00,27.2,73,14.2,30.85
2025-05-25T18:00,29.5,68,7.5,32.9
2025-05-25T19:00,28.2,74,9.0,31.9
2025-05-25T20:00,26.4,81,11.3,30.45
2025-05-25T21:00,26.5,82,8.2,30.6
2025-05-25T22:00,26.4,80,5.1,30.4
2025-05-25T23:00,26.1,80,6.4,30.1
2025-05-26T00:00,25.8,81,6.9,29.85
2025-05-26T01:00,25.6,82,8.3,29.700000000000003
2025-05-26T02:00,24.2,90,7.0,28.7
2025-05-26T03:00,24.2,89,5.0,28.65
2025-05-26T04:00,24.2,92,0.8,28.8
2025-05-26T05:00,24.0,91,0.6,28.55
2025-05-26T06:00,26.8,78,6.8,30.700000000000003
2025-05-26T07:00,27.6,76,6.6,31.400000000000002
2025-05-26T08:00,28.8,68,11.4,32.2
2025-05-26T09:00,30.1,64,8.3,33.300000000000004
2025-05-26T10:00,31.8,58,9.2,34.7
2025-05-26T11:00,33.2,52,9.1,35.800000000000004
2025-05-26T12:00,34.5,45,6.7,36.75
2025-05-26T13:00,34.9,42,5.5,37.0
2025-05-26T14:00,35.3,41,5.2,37.349999999999994
2025-05-26T15:00,35.2,42,7.1,37.300000000000004
2025-05-26T16:00,34.5,44,8.5,36.7
2025-05-26T17:00,33.4,52,7.7,36.0
2025-05-26T18:00,31.2,71,2.7,34.75
2025-05-26T19:00,29.0,74,5.0,32.7
2025-05-26T20:00,28.1,75,5.1,31.85
2025-05-26T21:00,27.5,76,4.9,31.3
2025-05-26T22:00,27.1,78,4.9,31.0
2025-05-26T23:00,26.6,81,4.9,30.650000000000002
2025-05-27T00:00,26.1,83,4.5,30.25
2025-05-27T01:00,25.8,85,4.7,30.05
2025-05-27T02:00,25.7,84,6.5,29.9
2025-05-27T03:00,25.7,83,7.3,29.85
2025-05-27T04:00,25.7,81,8.1,29.75
2025-05-27T05:00,25.8,78,10.7,29.700000000000003
2025-05-27T06:00,27.5,79,9.0,31.45
2025-05-27T07:00,29.0,75,7.3,32.75
2025-05-27T08:00,30.5,69,9.7,33.95
2025-05-27T09:00,31.8,61,11.5,34.85
2025-05-27T10:00,32.8,55,10.8,35.55
2025-05-27T11:00,33.5,53,8.9,36.15
2025-05-27T12:00,34.0,52,6.7,36.6
2025-05-27T13:00,34.5,50,5.0,37.0
2025-05-27T14:00,34.6,50,5.1,37.1
2025-05-27T15:00,34.7,50,5.0,37.2
2025-05-27T16:00,34.4,51,5.2,36.949999999999996
2025-05-27T17:00,33.6,55,6.6,36.35
2025-05-27T18:00,32.1,63,5.5,35.25
2025-05-27T19:00,30.0,71,5.2,33.55
2025-05-27T20:00,29.0,76,6.1,32.8
2025-05-27T21:00,28.6,75,7.2,32.35
2025-05-27T22:00,28.3,72,6.0,31.900000000000002
2025-05-27T23:00,27.9,72,6.0,31.5
2025-05-28T00:00,27.9,71,6.7,31.45
2025-05-28T01:00,27.6,74,6.9,31.3
2025-05-28T02:00,27.2,77,6.6,31.05
2025-05-28T03:00,27.0,79,6.6,30.95
2025-05-28T04:00,27.0,78,9.0,30.9
2025-05-28T05:00,26.6,79,12.1,30.55
2025-05-28T06:00,28.4,75,9.3,32.15
2025-05-28T07:00,29.2,72,8.5,32.8
2025-05-28T08:00,30.7,68,6.4,34.1
2025-05-28T09:00,32.5,63,6.3,35.65
2025-05-28T10:00,33.9,58,6.4,36.8
2025-05-28T11:00,34.5,54,4.2,37.2
2025-05-28T12:00,34.9,53,1.0,37.55
2025-05-28T13:00,35.4,51,1.4,37.949999999999996
2025-05-28T14:00,35.7,50,2.4,38.2
2025-05-28T15:00,35.7,49,5.1,38.150000000000006
2025-05-28T16:00,35.4,50,8.2,37.9
2025-05-28T17:00,34.5,56,6.7,37.3
2025-05-28T18:00,32.7,58,15.8,35.6
2025-05-28T19:00,29.6,70,8.6,33.1
2025-05-28T20:00,28.1,78,8.9,32.0
2025-05-28T21:00,27.3,81,6.4,31.35
2025-05-28T22:00,26.8,83,5.6,30.950000000000003
2025-05-28T23:00,26.5,84,5.7,30.7
2025-05-29T00:00,26.2,84,6.0,30.4
2025-05-29T01:00,25.9,86,5.6,30.2
2025-05-29T02:00,25.7,88,5.4,30.1
2025-05-29T03:00,25.5,90,5.2,30.0
2025-05-29T04:00,25.6,90,5.8,30.1
2025-05-29T05:00,25.8,89,5.7,30.25
2025-05-29T06:00,28.5,83,3.5,32.65
2025-05-29T07:00,29.7,78,5.0,33.6
2025-05-29T08:00,31.6,70,4.6,35.1
2025-05-29T09:00,33.3,62,6.6,36.4
2025-05-29T10:00,34.4,53,7.4,37.05
2025-05-29T11:00,36.1,45,6.1,38.35
2025-05-29T12:00,36.7,42,6.3,38.800000000000004
2025-05-29T13:00,36.9,41,5.9,38.949999999999996
2025-05-29T14:00,37.6,37,3.6,39.45
2025-05-29T15:00,36.6,43,3.6,38.75
2025-05-29T16:00,36.2,46,6.9,38.5
2025-05-29T17:00,34.2,55,5.8,36.95
2025-05-29T18:00,32.4,60,4.2,35.4
2025-05-29T19:00,31.1,57,4.6,33.95
2025-05-29T20:00,29.9,61,4.8,32.949999999999996
2025-05-29T21:00,29.4,63,6.2,32.55
2025-05-29T22:00,29.2,61,5.9,32.25
2025-05-29T23:00,28.0,64,6.6,31.2
2025-05-30T00:00,28.0,61,7.8,31.05
2025-05-30T01:00,27.6,63,5.6,30.75
2025-05-30T02:00,26.3,68,4.0,29.700000000000003
2025-05-30T03:00,24.9,80,6.8,28.9
2025-05-30T04:00,24.8,83,7.2,28.950000000000003
2025-05-30T05:00,24.5,86,5.6,28.8
2025-05-30T06:00,26.5,72,6.4,30.1
2025-05-30T07:00,28.0,68,4.0,31.4
2025-05-30T08:00,30.5,65,4.5,33.75
2025-05-30T09:00,32.4,58,6.3,35.3
2025-05-30T10:00,32.3,53,9.1,34.949999999999996
2025-05-30T11:00,32.7,48,11.4,35.1
2025-05-30T12:00,32.7,53,10.8,35.35
2025-05-30T13:00,32.5,56,8.4,35.3
2025-05-30T14:00,33.1,53,8.0,35.75
2025-05-30T15:00,32.3,56,5.8,35.099999999999994
2025-05-30T16:00,33.1,51,5.3,35.65
2025-05-30T17:00,32.3,58,3.5,35.199999999999996
2025-05-30T18:00,30.9,65,4.9,34.15
2025-05-30T19:00,29.7,64,3.4,32.9
2025-05-30T20:00,29.1,66,3.9,32.4
2025-05-30T21:00,28.2,66,2.7,31.5
2025-05-30T22:00,28.5,64,2.4,31.7
2025-05-30T23:00,27.9,65,1.4,31.15
2025-05-31T00:00,27.0,66,1.0,30.3
2025-05-31T01:00,26.2,66,1.5,29.5
2025-05-31T02:00,25.5,67,2.5,28.85
2025-05-31T03:00,25.3,66,4.0,28.6
2025-05-31T04:00,24.7,67,6.2,28.05
2025-05-31T05:00,24.6,68,6.8,28.0
2025-05-31T06:00,27.3,69,2.4,30.75
2025-05-31T07:00,28.7,68,0.4,32.1
2025-05-31T08:00,30.9,61,2.1,33.949999999999996
2025-05-31T09:00,32.8,54,2.5,35.5
2025-05-31T10:00,34.4,46,1.3,36.699999999999996
2025-05-31T11:00,35.5,41,2.1,37.55
2025-05-31T12:00,36.1,39,3.4,38.050000000000004
2025-05-31T13:00,36.4,38,4.0,38.3
2025-05-31T14:00,36.4,37,2.9,38.25
2025-05-31T15:00,34.4,43,10.3,36.55
2025-05-31T16:00,33.8,44,5.2,36.0
2025-05-31T17:00,32.3,56,3.1,35.099999999999994
2025-05-31T18:00,26.7,65,14.9,29.95
2025-05-31T19:00,26.5,67,5.5,29.85
2025-05-31T20:00,26.1,67,5.5,29.450000000000003
2025-05-31T21:00,26.1,67,5.2,29.450000000000003
2025-05-31T22:00,26.0,68,4.2,29.4
2025-05-31T23:00,25.7,69,7.0,29.15
2025-06-01T00:00,25.7,71,6.4,29.25
2025-06-01T01:00,24.8,75,6.8,28.55
2025-06-01T02:00,24.6,75,9.2,28.35
2025-06-01T03:00,25.2,68,9.5,28.6
2025-06-01T04:00,27.0,53,11.6,29.65
2025-06-01T05:00,26.8,53,10.7,29.450000000000003
2025-06-01T06:00,27.5,61,10.2,30.55
2025-06-01T07:00,29.2,60,4.5,32.2
2025-06-01T08:00,30.2,59,9.0,33.15
2025-06-01T09:00,31.1,56,10.3,33.9
2025-06-01T10:00,30.7,59,8.8,33.65
2025-06-01T11:00,31.3,58,3.6,34.2
2025-06-01T12:00,31.7,56,2.5,34.5
2025-06-01T13:00,33.0,49,2.3,35.45
2025-06-01T14:00,33.5,46,10.9,35.8
2025-06-01T15:00,33.6,44,10.7,35.800000000000004
2025-06-01T16:00,32.0,55,9.0,34.75
2025-06-01T17:00,31.6,59,6.3,34.550000000000004
2025-06-01T18:00,27.4,55,22.8,30.15
2025-06-01T19:00,27.1,58,19.5,30.0
2025-06-01T20:00,27.9,52,14.8,30.5
2025-06-01T21:00,28.2,50,14.0,30.7
2025-06-01T22:00,27.3,53,9.5,29.950000000000003
2025-06-01T23:00,26.3,57,7.9,29.150000000000002
2025-06-02T00:00,26.0,58,7.6,28.9
2025-06-02T01:00,25.5,62,6.5,28.6
2025-06-02T02:00,25.8,61,7.2,28.85
2025-06-02T03:00,24.4,65,6.4,27.65
2025-06-02T04:00,23.1,74,1.9,26.8
2025-06-02T05:00,22.4,75,5.4,26.15
2025-06-02T06:00,24.5,79,6.9,28.45
2025-06-02T07:00,26.9,73,3.8,30.549999999999997
2025-06-02T08:00,29.5,60,5.1,32.5
2025-06-02T09:00,31.3,55,5.8,34.05
2025-06-02T10:00,32.4,52,4.6,35.0
2025-06-02T11:00,33.4,48,1.7,35.8
2025-06-02T12:00,34.1,46,2.8,36.4
2025-06-02T13:00,35.0,40,1.5,37.0
2025-06-02T14:00,34.7,40,9.9,36.7
2025-06-02T15:00,32.8,47,7.6,35.15
2025-06-02T16:00,32.0,51,10.6,34.55
2025-06-02T17:00,30.9,55,9.2,33.65
2025-06-02T18:00,29.4,67,3.2,32.75
2025-06-02T19:00,28.7,72,2.7,32.3
2025-06-02T20:00,28.3,74,2.4,32.0
2025-06-02T21:00,27.9,72,3.8,31.5
2025-06-02T22:00,27.8,64,6.4,31.0
2025-06-02T23:00,27.5,61,6.2,30.55
2025-06-03T00:00,27.2,55,9.0,29.95
2025-06-03T01:00,25.5,61,5.6,28.55
2025-06-03T02:00,25.4,63,2.2,28.549999999999997
2025-06-03T03:00,24.9,64,1.7,28.099999999999998
2025-06-03T04:00,23.6,70,3.1,27.1
2025-06-03T05:00,22.4,79,3.5,26.349999999999998
2025-06-03T06:00,24.7,70,4.2,28.2
2025-06-03T07:00,25.7,68,5.2,29.1
2025-06-03T08:00,27.6,61,4.1,30.650000000000002
2025-06-03T09:00,29.2,56,2.6,32.0
2025-06-03T10:00,30.5,50,5.9,33.0
2025-06-03T11:00,31.8,46,6.1,34.1
2025-06-03T12:00,32.6,41,6.9,34.65
2025-06-03T13:00,32.4,41,9.3,34.449999999999996
2025-06-03T14:00,31.8,43,12.5,33.95
2025-06-03T15:00,31.2,48,9.5,33.6
2025-06-03T16:00,31.4,46,7.6,33.699999999999996
2025-06-03T17:00,31.3,49,3.9,33.75
2025-06-03T18:00,28.5,60,5.5,31.5
2025-06-03T19:00,26.4,65,6.3,29.65
2025-06-03T20:00,26.2,66,5.1,29.5
2025-06-03T21:00,26.1,66,2.3,29.400000000000002
2025-06-03T22:00,24.9,70,11.4,28.4
2025-06-03T23:00,23.9,77,8.5,27.75
2025-06-04T00:00,23.5,81,8.1,27.55
2025-06-04T01:00,23.3,82,9.2,27.400000000000002
2025-06-04T02:00,23.2,83,4.9,27.35
2025-06-04T03:00,22.7,85,5.2,26.95
2025-06-04T04:00,22.4,87,3.5,26.75
2025-06-04T05:00,22.4,87,6.2,26.75
2025-06-04T06:00,23.6,85,7.5,27.85
2025-06-04T07:00,24.7,82,7.2,28.8
2025-06-04T08:00,26.1,77,8.3,29.950000000000003
2025-06-04T09:00,26.9,73,6.7,30.549999999999997
2025-06-04T10:00,29.4,62,6.5,32.5
2025-06-04T11:00,30.6,57,7.7,33.45
2025-06-04T12:00,31.7,53,5.9,34.35
2025-06-04T13:00,30.5,53,14.2,33.15
2025-06-04T14:00,30.0,55,5.3,32.75
2025-06-04T15:00,30.6,54,4.3,33.300000000000004
2025-06-04T16:00,30.5,55,2.7,33.25
2025-06-04T17:00,30.1,56,3.0,32.9
2025-06-04T18:00,28.6,69,4.2,32.050000000000004
2025-06-04T19:00,26.3,70,6.2,29.8
2025-06-04T20:00,26.4,60,9.8,29.4
2025-06-04T21:00,24.8,69,5.5,28.25
2025-06-04T22:00,24.6,73,0.9,28.25
2025-06-04T23:00,24.1,74,1.5,27.8
2025-06-05T00:00,23.9,75,2.2,27.65
2025-06-05T01:00,23.6,78,1.0,27.5
2025-06-05T02:00,23.6,76,7.3,27.400000000000002
2025-06-05T03:00,23.1,78,6.8,27.0
2025-06-05T04:00,22.3,83,4.5,26.450000000000003
2025-06-05T05:00,22.4,83,2.4,26.549999999999997
2025-06-05T06:00,23.8,76,3.4,27.6
2025-06-05T07:00,25.7,73,2.8,29.35
2025-06-05T08:00,27.9,63,1.1,31.049999999999997
2025-06-05T09:00,29.5,54,4.8,32.2
2025-06-05T10:00,30.7,49,4.2,33.15
2025-06-05T11:00,31.4,47,4.9,33.75
2025-06-05T12:00,32.1,46,3.8,34.4
2025-06-05T13:00,32.6,45,2.2,34.85
2025-06-05T14:00,32.9,43,2.5,35.05
2025-06-05T15:00,32.9,43,3.5,35.05
2025-06-05T16:00,32.7,45,5.2,34.95
2025-06-05T17:00,31.8,53,5.3,34.45
2025-06-05T18:00,29.4,59,5.4,32.35
2025-06-05T19:00,28.3,61,0.6,31.35
2025-06-05T20:00,27.0,64,2.9,30.2
2025-06-05T21:00,26.0,65,5.0,29.25
2025-06-05T22:00,25.2,67,6.5,28.55
2025-06-05T23:00,25.1,66,8.2,28.400000000000002
2025-06-06T00:00,25.0,66,7.8,28.3
2025-06-06T01:00,24.5,68,6.3,27.9
2025-06-06T02:00,24.2,69,5.9,27.65
2025-06-06T03:00,24.1,68,6.4,27.5
2025-06-06T04:00,24.6,66,6.4,27.900000000000002
2025-06-06T05:00,24.4,68,6.6,27.799999999999997
2025-06-06T06:00,26.3,72,5.2,29.900000000000002
2025-06-06T07:00,27.4,69,4.0,30.849999999999998
2025-06-06T08:00,28.7,66,0.3,32.0
2025-06-06T09:00,30.5,59,1.7,33.45
2025-06-06T10:00,32.0,55,1.5,34.75
2025-06-06T11:00,33.3,48,2.2,35.699999999999996
2025-06-06T12:00,34.4,38,1.8,36.3
2025-06-06T13:00,34.8,37,3.8,36.65
2025-06-06T14:00,34.9,38,7.4,36.8
2025-06-06T15:00,34.4,39,7.9,36.35
2025-06-06T16:00,33.9,41,5.6,35.949999999999996
2025-06-06T17:00,33.0,49,3.9,35.45
2025-06-06T18:00,30.8,61,5.9,33.85
2025-06-06T19:00,28.9,61,7.2,31.95
2025-06-06T20:00,27.7,63,6.6,30.85
2025-06-06T21:00,26.7,70,5.2,30.2
2025-06-06T22:00,26.0,72,5.1,29.6
2025-06-06T23:00,25.8,73,5.8,29.450000000000003
2025-06-07T00:00,25.5,73,5.5,29.15
2025-06-07T01:00,25.1,73,6.3,28.75
2025-06-07T02:00,24.8,74,6.9,28.5
2025-06-07T03:00,24.6,74,7.0,28.3
2025-06-07T04:00,24.4,74,6.4,28.099999999999998
2025-06-07T05:00,24.1,76,5.6,27.900000000000002
2025-06-07T06:00,27.1,70,7.8,30.6
2025-06-07T07:00,28.9,67,6.3,32.25
2025-06-07T08:00,30.8,62,4.0,33.9
2025-06-07T09:00,32.6,57,4.0,35.45
2025-06-07T10:00,34.1,53,2.8,36.75
2025-06-07T11:00,35.3,44,3.2,37.5
2025-06-07T12:00,35.6,39,4.3,37.550000000000004
2025-06-07T13:00,35.9,39,5.6,37.85
2025-06-07T14:00,36.5,40,9.7,38.5
2025-06-07T15:00,34.9,44,15.7,37.1
2025-06-07T16:00,34.4,45,7.7,36.65
2025-06-07T17:00,33.6,53,4.2,36.25
2025-06-07T18:00,31.9,65,4.4,35.15
2025-06-07T19:00,30.0,69,7.0,33.45
2025-06-07T20:00,29.1,67,6.8,32.45
2025-06-07T21:00,28.6,67,6.5,31.950000000000003
2025-06-07T22:00,28.5,65,7.2,31.75
2025-06-07T23:00,27.8,67,6.7,31.150000000000002
2025-06-08T00:00,27.3,68,6.5,30.700000000000003
2025-06-08T01:00,27.1,68,6.7,30.5
2025-06-08T02:00,27.3,66,7.5,30.6
2025-06-08T03:00,27.0,67,6.8,30.35
2025-06-08T04:00,26.7,68,6.2,30.1
2025-06-08T05:00,26.2,71,4.9,29.75
2025-06-08T06:00,28.0,71,6.2,31.55
2025-06-08T07:00,28.9,72,7.5,32.5
2025-06-08T08:00,30.9,64,8.1,34.1
2025-06-08T09:00,32.6,57,7.5,35.45
2025-06-08T10:00,34.1,53,5.3,36.75
2025-06-08T11:00,35.3,50,4.5,37.8
2025-06-08T12:00,36.2,48,4.5,38.6
2025-06-08T13:00,36.8,45,4.1,39.05
2025-06-08T14:00,37.1,44,4.5,39.300000000000004
2025-06-08T15:00,37.0,47,7.9,39.35
2025-06-08T16:00,36.7,49,7.1,39.150000000000006
2025-06-08T17:00,35.5,58,5.2,38.4
2025-06-08T18:00,33.5,68,5.7,36.9
2025-06-08T19:00,32.4,69,1.1,35.85
2025-06-08T20:00,30.7,72,4.3,34.3
2025-06-08T21:00,29.8,72,6.7,33.4
2025-06-08T22:00,29.5,71,7.2,33.05
2025-06-08T23:00,29.2,72,5.7,32.8
2025-06-09T00:00,29.4,69,4.0,32.85
2025-06-09T01:00,28.7,69,4.9,32.15
2025-06-09T02:00,27.8,69,6.2,31.25
2025-06-09T03:00,27.4,64,6.1,30.599999999999998
2025-06-09T04:00,27.1,62,2.4,30.200000000000003
2025-06-09T05:00,26.1,66,2.7,29.400000000000002
2025-06-09T06:00,27.7,71,6.0,31.25
2025-06-09T07:00,29.3,69,3.5,32.75
2025-06-09T08:00,31.5,63,2.2,34.65
2025-06-09T09:00,33.6,56,4.8,36.4
2025-06-09T10:00,35.5,50,8.5,38.0
2025-06-09T11:00,36.7,46,8.8,39.0
2025-06-09T12:00,37.6,41,10.5,39.65
2025-06-09T13:00,38.0,40,10.7,40.0
2025-06-09T14:00,38.2,39,10.5,40.150000000000006
2025-06-09T15:00,38.2,40,10.0,40.2
2025-06-09T16:00,37.5,46,7.9,39.8
2025-06-09T17:00,36.3,57,4.5,39.15
2025-06-09T18:00,34.3,66,7.1,37.599999999999994
2025-06-09T19:00,32.2,73,7.2,35.85
2025-06-09T20:00,31.2,64,7.9,34.4
2025-06-09T21:00,30.8,45,8.5,33.05
2025-06-09T22:00,30.1,40,9.8,32.1
2025-06-09T23:00,30.3,35,10.6,32.05
2025-06-10T00:00,29.1,38,8.6,31.0
2025-06-10T01:00,27.6,43,7.6,29.75
2025-06-10T02:00,27.1,45,7.5,29.35
2025-06-10T03:00,26.7,47,7.5,29.05
2025-06-10T04:00,26.4,48,7.6,28.799999999999997
2025-06-10T05:00,26.2,47,8.1,28.55
2025-06-10T06:00,27.8,52,10.6,30.400000000000002
2025-06-10T07:00,29.8,51,9.7,32.35
2025-06-10T08:00,31.8,52,10.3,34.4
2025-06-10T09:00,33.9,44,9.9,36.1
2025-06-10T10:00,35.8,37,10.9,37.65
2025-06-10T11:00,36.9,35,9.9,38.65
2025-06-10T12:00,37.5,36,9.3,39.3
2025-06-10T13:00,37.8,37,9.2,39.65
2025-06-10T14:00,38.0,36,8.7,39.8
2025-06-10T15:00,38.1,35,6.9,39.85
2025-06-10T16:00,37.5,41,5.4,39.55
2025-06-10T17:00,35.4,58,6.1,38.3
2025-06-10T18:00,33.6,76,4.0,37.4
2025-06-10T19:00,31.1,84,5.4,35.300000000000004
2025-06-10T20:00,29.6,84,5.2,33.800000000000004
2025-06-10T21:00,28.8,83,5.1,32.95
2025-06-10T22:00,28.4,81,6.6,32.449999999999996
2025-06-10T23:00,28.5,76,7.9,32.3
2025-06-11T00:00,28.4,74,8.1,32.1
2025-06-11T01:00,28.1,73,8.1,31.75
2025-06-11T02:00,27.2,77,5.9,31.05
2025-06-11T03:00,26.3,84,5.7,30.5
2025-06-11T04:00,26.1,86,7.2,30.400000000000002
2025-06-11T05:00,25.9,88,6.3,30.299999999999997
2025-06-11T06:00,28.1,76,2.7,31.900000000000002
2025-06-11T07:00,29.8,73,2.1,33.45
2025-06-11T08:00,31.8,57,2.8,34.65
2025-06-11T09:00,33.3,49,3.2,35.75
2025-06-11T10:00,34.7,45,2.3,36.95
2025-06-11T11:00,36.0,46,2.6,38.3
2025-06-11T12:00,36.8,45,2.3,39.05
2025-06-11T13:00,37.4,43,1.1,39.55
2025-06-11T14:00,37.8,42,1.5,39.9
2025-06-11T15:00,37.7,44,3.4,39.900000000000006
2025-06-11T16:00,37.3,48,3.6,39.699999999999996
2025-06-11T17:00,36.4,58,4.1,39.3
2025-06-11T18:00,34.2,65,8.0,37.45
2025-06-11T19:00,33.1,63,12.0,36.25
2025-06-11T20:00,32.2,65,10.5,35.45
2025-06-11T21:00,31.4,72,9.4,35.0
2025-06-11T22:00,30.8,74,8.1,34.5
2025-06-11T23:00,30.4,75,7.7,34.15
2025-06-12T00:00,30.0,75,8.1,33.75
2025-06-12T01:00,29.7,73,8.9,33.35
2025-06-12T02:00,29.2,74,6.9,32.9
2025-06-12T03:00,28.8,76,7.6,32.6
2025-06-12T04:00,28.6,77,8.3,32.45
2025-06-12T05:00,28.4,78,9.2,32.3
2025-06-12T06:00,30.1,76,9.5,33.9
2025-06-12T07:00,31.3,74,6.8,35.0
2025-06-12T08:00,32.7,70,11.8,36.2
2025-06-12T09:00,33.7,67,12.9,37.050000000000004
2025-06-12T10:00,34.4,64,17.1,37.6
2025-06-12T11:00,35.4,59,15.9,38.35
2025-06-12T12:00,36.2,55,14.3,38.95
2025-06-12T13:00,36.7,54,12.6,39.400000000000006
2025-06-12T14:00,37.1,54,10.5,39.800000000000004
2025-06-12T15:00,36.8,55,13.5,39.55
2025-06-12T16:00,36.2,57,14.9,39.050000000000004
2025-06-12T17:00,35.1,61,12.4,38.15
2025-06-12T18:00,34.3,68,5.2,37.699999999999996
2025-06-12T19:00,32.7,70,8.9,36.2
2025-06-12T20:00,32.1,68,8.3,35.5
2025-06-12T21:00,31.5,69,9.3,34.95
2025-06-12T22:00,31.1,68,10.6,34.5
2025-06-12T23:00,30.8,64,10.1,34.0
2025-06-13T00:00,30.4,64,11.0,33.6
2025-06-13T01:00,29.9,67,10.3,33.25
2025-06-13T02:00,29.6,69,10.5,33.050000000000004
2025-06-13T03:00,29.3,70,10.3,32.8
2025-06-13T04:00,29.0,72,9.2,32.6
2025-06-13T05:00,28.6,74,9.4,32.300000000000004
2025-06-13T06:00,31.0,75,10.0,34.75
2025-06-13T07:00,32.2,72,9.2,35.800000000000004
2025-06-13T08:00,33.4,67,10.1,36.75
2025-06-13T09:00,34.5,64,15.8,37.7
2025-06-13T10:00,34.7,63,18.2,37.85
2025-06-13T11:00,34.3,64,19.3,37.5
2025-06-13T12:00,35.0,60,18.8,38.0
2025-06-13T13:00,35.9,57,16.9,38.75
2025-06-13T14:00,35.8,58,15.5,38.699999999999996
2025-06-13T15:00,35.9,59,13.7,38.85
2025-06-13T16:00,35.7,58,11.5,38.6
2025-06-13T17:00,35.1,60,11.2,38.1
2025-06-13T18:00,32.8,65,8.5,36.05
2025-06-13T19:00,31.3,70,6.8,34.8
2025-06-13T20:00,30.7,72,9.7,34.3
2025-06-13T21:00,30.3,72,8.1,33.9
2025-06-13T22:00,29.8,74,7.4,33.5
2025-06-13T23:00,29.5,74,8.4,33.2
2025-06-14T00:00,29.3,75,9.0,33.05
2025-06-14T01:00,29.1,75,9.5,32.85
2025-06-14T02:00,28.9,76,7.9,32.699999999999996
2025-06-14T03:00,28.6,77,7.6,32.45
2025-06-14T04:00,28.2,79,6.5,32.15
2025-06-14T05:00,27.9,81,6.8,31.95
2025-06-14T06:00,28.6,81,8.1,32.65
2025-06-14T07:00,30.1,77,7.1,33.95
2025-06-14T08:00,31.9,71,7.2,35.449999999999996
2025-06-14T09:00,33.5,67,8.1,36.85
2025-06-14T10:00,34.9,62,9.2,38.0
2025-06-14T11:00,36.1,57,8.8,38.95
2025-06-14T12:00,36.9,53,6.9,39.55
2025-06-14T13:00,37.3,50,5.6,39.8
2025-06-14T14:00,37.6,49,6.5,40.050000000000004
2025-06-14T15:00,37.4,49,8.1,39.85
2025-06-14T16:00,37.4,49,5.9,39.85
2025-06-14T17:00,36.5,55,7.0,39.25
2025-06-14T18:00,33.4,66,5.7,36.699999999999996
2025-06-14T19:00,31.4,73,5.5,35.05
2025-06-14T20:00,30.6,74,7.0,34.300000000000004
2025-06-14T21:00,31.0,65,8.1,34.25
2025-06-14T22:00,31.0,62,11.1,34.1
2025-06-14T23:00,30.7,62,8.8,33.8
2025-06-15T00:00,30.0,63,7.5,33.15
2025-06-15T01:00,29.3,65,7.6,32.55
2025-06-15T02:00,28.8,66,7.6,32.1
2025-06-15T03:00,28.4,69,7.6,31.849999999999998
2025-06-15T04:00,28.2,72,6.7,31.8
2025-06-15T05:00,27.6,79,3.5,31.55
2025-06-15T06:00,29.4,71,11.7,32.949999999999996
2025-06-15T07:00,30.1,72,9.6,33.7
2025-06-15T08:00,31.9,66,10.3,35.199999999999996
2025-06-15T09:00,32.6,65,16.2,35.85
2025-06-15T10:00,31.5,68,22.9,34.9
2025-06-15T11:00,29.8,75,15.9,33.55
2025-06-15T12:00,32.3,69,13.6,35.75
2025-06-15T13:00,34.8,60,14.9,37.8
2025-06-15T14:00,35.0,58,14.1,37.9
2025-06-15T15:00,35.6,55,11.4,38.35
2025-06-15T16:00,35.2,56,10.2,38.0
2025-06-15T17:00,34.6,60,8.9,37.6
2025-06-15T18:00,31.6,73,5.0,35.25
2025-06-15T19:00,30.5,80,2.6,34.5
2025-06-15T20:00,29.7,82,4.8,33.8
2025-06-15T21:00,29.3,83,7.1,33.45
2025-06-15T22:00,29.1,84,7.4,33.300000000000004
2025-06-15T23:00,29.1,84,7.3,33.300000000000004
2025-06-16T00:00,28.8,85,7.0,33.05
2025-06-16T01:00,28.5,86,8.1,32.8
2025-06-16T02:00,28.3,87,8.7,32.65
2025-06-16T03:00,28.1,87,9.7,32.45
2025-06-16T04:00,27.4,88,20.7,31.799999999999997
2025-06-16T05:00,25.4,95,12.8,30.15
2025-06-16T06:00,25.5,97,9.4,30.35
2025-06-16T07:00,25.8,95,6.2,30.55
2025-06-16T08:00,27.9,86,5.4,32.199999999999996
2025-06-16T09:00,27.8,87,7.7,32.15
2025-06-16T10:00,27.9,87,8.0,32.25
2025-06-16T11:00,29.0,82,10.6,33.1
2025-06-16T12:00,30.5,74,8.8,34.2
2025-06-16T13:00,31.5,70,6.9,35.0
2025-06-16T14:00,32.5,66,6.5,35.8
2025-06-16T15:00,32.8,64,6.5,36.0
2025-06-16T16:00,32.7,65,6.0,35.95
2025-06-16T17:00,32.3,66,6.3,35.599999999999994
2025-06-16T18:00,31.1,79,1.8,35.050000000000004
2025-06-16T19:00,29.9,80,3.8,33.9
2025-06-16T20:00,29.7,80,5.8,33.7
2025-06-16T21:00,29.5,80,7.3,33.5
2025-06-16T22:00,29.1,81,7.9,33.15
2025-06-16T23:00,27.9,85,5.3,32.15
2025-06-17T00:00,27.0,96,5.0,31.8
2025-06-17T01:00,26.9,94,7.6,31.599999999999998
2025-06-17T02:00,26.8,94,3.4,31.5
2025-06-17T03:00,26.6,94,6.9,31.3
2025-06-17T04:00,25.8,93,7.3,30.450000000000003
2025-06-17T05:00,25.2,95,15.7,29.95
2025-06-17T06:00,25.8,93,0.5,30.450000000000003
2025-06-17T07:00,26.9,90,3.6,31.4
2025-06-17T08:00,28.3,83,5.2,32.45
2025-06-17T09:00,30.1,77,5.7,33.95
2025-06-17T10:00,31.4,73,7.7,35.05
2025-06-17T11:00,32.6,68,8.7,36.0
2025-06-17T12:00,33.3,66,6.9,36.599999999999994
2025-06-17T13:00,33.8,63,6.0,36.949999999999996
2025-06-17T14:00,34.0,63,4.9,37.15
2025-06-17T15:00,33.9,62,6.4,37.0
2025-06-17T16:00,33.8,62,7.1,36.9
2025-06-17T17:00,33.2,65,7.8,36.45
2025-06-17T18:00,29.5,83,6.2,33.65
2025-06-17T19:00,28.5,86,4.5,32.8
2025-06-17T20:00,28.0,88,3.5,32.4
2025-06-17T21:00,28.0,89,4.6,32.45
2025-06-17T22:00,28.0,83,11.1,32.15
2025-06-17T23:00,26.9,82,9.0,31.0
2025-06-18T00:00,26.1,88,4.0,30.5
2025-06-18T01:00,25.6,89,3.2,30.05
2025-06-18T02:00,25.2,91,5.4,29.75
2025-06-18T03:00,24.8,92,5.4,29.400000000000002
2025-06-18T04:00,23.8,96,4.1,28.6
2025-06-18T05:00,23.8,96,8.7,28.6
2025-06-18T06:00,26.2,89,4.3,30.65
2025-06-18T07:00,27.4,88,3.1,31.799999999999997
2025-06-18T08:00,28.8,77,3.9,32.65
2025-06-18T09:00,29.9,73,5.9,33.55
2025-06-18T10:00,30.8,70,5.2,34.3
2025-06-18T11:00,31.8,67,5.4,35.15
2025-06-18T12:00,32.5,64,5.1,35.7
2025-06-18T13:00,33.2,61,4.0,36.25
2025-06-18T14:00,33.6,58,3.1,36.5
2025-06-18T15:00,33.8,57,3.2,36.65
2025-06-18T16:00,33.7,57,4.1,36.550000000000004
2025-06-18T17:00,33.1,60,5.1,36.1
2025-06-18T18:00,31.4,73,4.5,35.05
2025-06-18T19:00,30.5,76,6.1,34.3
2025-06-18T20:00,30.1,74,7.7,33.800000000000004
2025-06-18T21:00,29.7,76,6.2,33.5
2025-06-18T22:00,29.2,78,6.0,33.1
2025-06-18T23:00,28.6,82,5.2,32.7
2025-06-19T00:00,28.2,84,5.2,32.4
2025-06-19T01:00,27.9,85,5.9,32.15
2025-06-19T02:00,27.5,86,6.4,31.8
2025-06-19T03:00,27.2,86,5.4,31.5
2025-06-19T04:00,26.9,87,5.2,31.25
2025-06-19T05:00,26.9,86,5.9,31.2
2025-06-19T06:00,27.5,83,6.2,31.65
2025-06-19T07:00,28.8,79,2.2,32.75
2025-06-19T08:00,30.2,71,4.4,33.75
2025-06-19T09:00,31.0,70,8.3,34.5
2025-06-19T10:00,31.8,70,10.1,35.3
2025-06-19T11:00,31.9,69,10.5,35.35
2025-06-19T12:00,32.1,66,10.6,35.4
2025-06-19T13:00,32.9,61,11.8,35.949999999999996
2025-06-19T14:00,32.9,60,11.0,35.9
2025-06-19T15:00,32.8,61,10.6,35.849999999999994
2025-06-19T16:00,32.5,62,10.2,35.6
2025-06-19T17:00,32.0,64,9.7,35.2
2025-06-19T18:00,31.2,72,5.9,34.8
2025-06-19T19:00,30.1,76,7.2,33.9
2025-06-19T20:00,29.4,81,4.6,33.449999999999996
2025-06-19T21:00,28.9,84,6.7,33.1
2025-06-19T22:00,28.5,86,7.2,32.8
2025-06-19T23:00,27.9,89,4.3,32.35
2025-06-20T00:00,27.6,91,4.8,32.15
2025-06-20T01:00,27.4,92,4.3,32.0
2025-06-20T02:00,27.1,93,3.1,31.75
2025-06-20T03:00,26.3,96,11.5,31.1
2025-06-20T04:00,26.4,94,11.1,31.099999999999998
2025-06-20T05:00,25.7,94,11.1,30.4
2025-06-20T06:00,27.6,91,7.2,32.15
2025-06-20T07:00,28.3,87,7.4,32.65
2025-06-20T08:00,29.2,84,9.5,33.4
2025-06-20T09:00,30.0,80,12.9,34.0
2025-06-20T10:00,30.5,78,12.3,34.4
2025-06-20T11:00,31.0,76,12.5,34.8
2025-06-20T12:00,30.4,76,12.8,34.199999999999996
2025-06-20T13:00,30.1,76,14.0,33.9
2025-06-20T14:00,30.6,74,11.7,34.300000000000004
2025-06-20T15:00,31.0,72,10.6,34.6
2025-06-20T16:00,30.8,73,11.1,34.45
2025-06-20T17:00,30.4,75,11.1,34.15
2025-06-20T18:00,30.1,79,7.6,34.050000000000004
2025-06-20T19:00,29.1,82,7.4,33.2
2025-06-20T20:00,28.3,86,7.6,32.6
2025-06-20T21:00,27.9,88,8.1,32.3
2025-06-20T22:00,27.6,90,6.8,32.1
2025-06-20T23:00,27.4,91,7.0,31.95
2025-06-21T00:00,27.3,92,7.1,31.900000000000002
2025-06-21T01:00,27.0,92,8.0,31.6
2025-06-21T02:00,26.9,90,8.9,31.4
2025-06-21T03:00,26.6,91,5.4,31.150000000000002
2025-06-21T04:00,26.2,93,3.7,30.85
2025-06-21T05:00,26.0,95,3.4,30.75
2025-06-21T06:00,27.7,94,3.8,32.4
2025-06-21T07:00,28.6,90,4.1,33.1
2025-06-21T08:00,29.9,81,5.7,33.949999999999996
2025-06-21T09:00,31.3,71,8.5,34.85
2025-06-21T10:00,32.4,65,10.5,35.65
2025-06-21T11:00,33.2,61,11.0,36.25
2025-06-21T12:00,33.5,60,10.0,36.5
2025-06-21T13:00,34.0,59,7.9,36.95
2025-06-21T14:00,34.2,59,7.1,37.150000000000006
2025-06-21T15:00,34.3,59,6.4,37.25
2025-06-21T16:00,34.1,60,5.2,37.1
2025-06-21T17:00,33.8,62,3.7,36.9
2025-06-21T18:00,30.9,79,7.7,34.85
2025-06-21T19:00,29.5,85,4.7,33.75
2025-06-21T20:00,28.9,88,3.8,33.3
2025-06-21T21:00,28.6,89,5.7,33.050000000000004
2025-06-21T22:00,28.4,89,7.6,32.85
2025-06-21T23:00,28.4,88,7.7,32.8
2025-06-22T00:00,28.3,89,6.5,32.75
2025-06-22T01:00,28.0,91,4.9,32.55
2025-06-22T02:00,27.8,92,4.6,32.4
2025-06-22T03:00,27.7,92,5.2,32.3
2025-06-22T04:00,27.4,92,4.3,32.0
2025-06-22T05:00,27.2,93,4.0,31.85
2025-06-22T06:00,29.4,83,6.9,33.55
2025-06-22T07:00,30.5,79,5.6,34.45
2025-06-22T08:00,31.5,73,5.1,35.15
2025-06-22T09:00,32.5,67,4.5,35.85
2025-06-22T10:00,32.8,65,3.3,36.05
2025-06-22T11:00,32.8,67,5.3,36.15
2025-06-22T12:00,30.6,77,9.0,34.45
2025-06-22T13:00,32.3,70,6.3,35.8
2025-06-22T14:00,32.8,68,5.6,36.199999999999996
2025-06-22T15:00,33.1,67,5.1,36.45
2025-06-22T16:00,33.2,66,4.7,36.5
2025-06-22T17:00,32.9,68,5.1,36.3
2025-06-22T18:00,31.4,74,6.9,35.1
2025-06-22T19:00,30.2,77,6.4,34.05
2025-06-22T20:00,29.6,79,5.7,33.550000000000004
2025-06-22T21:00,29.1,81,6.8,33.15
2025-06-22T22:00,28.8,83,5.8,32.95
2025-06-22T23:00,28.2,87,4.3,32.55
2025-06-23T00:00,28.0,88,5.4,32.4
2025-06-23T01:00,27.9,89,7.1,32.35
2025-06-23T02:00,27.7,90,4.3,32.2
2025-06-23T03:00,27.4,92,3.8,32.0
2025-06-23T04:00,27.2,94,3.0,31.9
2025-06-23T05:00,27.1,94,2.7,31.8
2025-06-23T06:00,28.9,87,1.8,33.25
2025-06-23T07:00,29.3,82,13.1,33.4
2025-06-23T08:00,30.1,80,8.2,34.1
2025-06-23T09:00,31.4,74,5.3,35.1
2025-06-23T10:00,32.0,71,7.6,35.55
2025-06-23T11:00,32.8,69,6.4,36.25
2025-06-23T12:00,33.2,66,5.4,36.5
2025-06-23T13:00,33.5,67,4.3,36.85
2025-06-23T14:00,33.9,65,7.9,37.15
2025-06-23T15:00,33.6,65,8.0,36.85
2025-06-23T16:00,33.4,65,7.4,36.65
2025-06-23T17:00,33.0,67,7.2,36.35
2025-06-23T18:00,31.7,74,7.1,35.4
2025-06-23T19:00,30.4,79,6.2,34.35
2025-06-23T20:00,29.5,82,6.9,33.6
2025-06-23T21:00,28.8,85,7.1,33.05
2025-06-23T22:00,28.4,86,7.8,32.699999999999996
2025-06-23T23:00,28.0,88,7.3,32.4
2025-06-24T00:00,27.8,89,6.4,32.25
2025-06-24T01:00,27.6,90,7.1,32.1
2025-06-24T02:00,27.3,92,7.7,31.900000000000002
2025-06-24T03:00,27.2,92,8.6,31.8
2025-06-24T04:00,26.9,93,8.1,31.549999999999997
2025-06-24T05:00,26.7,95,5.8,31.45
2025-06-24T06:00,27.2,93,4.3,31.85
2025-06-24T07:00,28.2,90,6.2,32.7
2025-06-24T08:00,29.7,82,4.3,33.8
2025-06-24T09:00,31.0,76,5.7,34.8
2025-06-24T10:00,32.0,71,6.2,35.55
2025-06-24T11:00,33.0,66,5.7,36.3
2025-06-24T12:00,33.7,64,5.9,36.900000000000006
2025-06-24T13:00,34.2,60,6.5,37.2
2025-06-24T14:00,34.4,58,5.9,37.3
2025-06-24T15:00,34.3,58,4.5,37.199999999999996
2025-06-24T16:00,34.1,60,5.3,37.1
2025-06-24T17:00,33.6,64,5.8,36.800000000000004
2025-06-24T18:00,31.7,77,5.2,35.55
2025-06-24T19:00,30.7,81,4.7,34.75
2025-06-24T20:00,30.3,82,6.2,34.4
2025-06-24T21:00,30.0,83,5.3,34.15
2025-06-24T22:00,29.8,83,8.5,33.95
2025-06-24T23:00,29.8,81,10.3,33.85
2025-06-25T00:00,29.7,79,11.1,33.65
2025-06-25T01:00,29.6,78,11.9,33.5
2025-06-25T02:00,29.7,77,12.2,33.55
2025-06-25T03:00,27.5,90,8.4,32.0
2025-06-25T04:00,26.4,95,1.4,31.15
2025-06-25T05:00,26.4,97,7.2,31.25
2025-06-25T06:00,27.4,94,7.6,32.1
2025-06-25T07:00,27.0,95,15.3,31.75
2025-06-25T08:00,26.8,92,14.2,31.400000000000002
2025-06-25T09:00,27.4,89,15.1,31.849999999999998
2025-06-25T10:00,27.5,90,15.8,32.0
2025-06-25T11:00,27.6,94,13.2,32.300000000000004
2025-06-25T12:00,28.3,88,14.7,32.7
2025-06-25T13:00,30.0,79,10.3,33.95
2025-06-25T14:00,31.3,72,11.5,34.9
2025-06-25T15:00,32.0,70,10.7,35.5
2025-06-25T16:00,32.3,67,10.7,35.65
2025-06-25T17:00,32.0,70,9.0,35.5
2025-06-25T18:00,30.3,80,8.6,34.3
2025-06-25T19:00,29.3,85,7.5,33.55
2025-06-25T20:00,28.7,88,8.0,33.1
2025-06-25T21:00,28.5,88,9.0,32.9
2025-06-25T22:00,28.4,88,11.4,32.8
2025-06-25T23:00,28.3,89,10.3,32.75
2025-06-26T00:00,28.2,89,12.8,32.65
2025-06-26T01:00,28.1,89,10.1,32.550000000000004
2025-06-26T02:00,27.9,89,7.2,32.35
2025-06-26T03:00,26.9,93,2.8,31.549999999999997
2025-06-26T04:00,26.2,95,5.4,30.95
2025-06-26T05:00,26.2,96,7.5,31.0
2025-06-26T06:00,28.3,88,9.6,32.7
2025-06-26T07:00,29.3,86,6.8,33.6
2025-06-26T08:00,30.5,80,9.4,34.5
2025-06-26T09:00,31.7,74,11.4,35.4
2025-06-26T10:00,32.5,69,10.9,35.95
2025-06-26T11:00,33.4,65,12.3,36.65
2025-06-26T12:00,33.8,62,13.0,36.9
2025-06-26T13:00,34.1,60,12.6,37.1
2025-06-26T14:00,34.2,59,11.3,37.150000000000006
2025-06-26T15:00,34.1,60,10.8,37.1
2025-06-26T16:00,33.8,62,11.0,36.9
2025-06-26T17:00,33.1,67,9.6,36.45
2025-06-26T18:00,32.1,73,7.3,35.75
2025-06-26T19:00,30.9,77,7.5,34.75
2025-06-26T20:00,30.6,74,11.7,34.300000000000004
2025-06-26T21:00,30.5,73,12.5,34.15
2025-06-26T22:00,30.1,75,11.7,33.85
2025-06-26T23:00,29.7,77,11.8,33.55
2025-06-27T00:00,29.4,78,10.9,33.3
2025-06-27T01:00,29.0,80,9.6,33.0
2025-06-27T02:00,28.5,80,9.4,32.5
2025-06-27T03:00,28.3,80,10.2,32.3
2025-06-27T04:00,28.0,82,10.3,32.1
2025-06-27T05:00,27.8,83,11.0,31.950000000000003
2025-06-27T06:00,28.8,83,10.3,32.95
2025-06-27T07:00,29.5,82,8.3,33.6
2025-06-27T08:00,30.4,79,8.0,34.35
2025-06-27T09:00,30.5,77,10.7,34.35
2025-06-27T10:00,31.6,74,8.0,35.300000000000004
2025-06-27T11:00,32.0,73,8.0,35.65
2025-06-27T12:00,32.8,70,6.0,36.3
2025-06-27T13:00,33.3,67,8.0,36.65
2025-06-27T14:00,33.3,68,10.4,36.699999999999996
2025-06-27T15:00,33.4,65,10.2,36.65
2025-06-27T16:00,33.3,65,9.2,36.55
2025-06-27T17:00,32.9,66,8.7,36.199999999999996
2025-06-27T18:00,32.2,69,9.9,35.650000000000006
2025-06-27T19:00,31.1,71,9.1,34.65
2025-06-27T20:00,30.3,76,7.5,34.1
2025-06-27T21:00,29.8,78,7.3,33.7
2025-06-27T22:00,29.3,80,6.2,33.3
2025-06-27T23:00,28.8,83,4.8,32.95
2025-06-28T00:00,28.0,85,9.4,32.25
2025-06-28T01:00,27.6,89,8.7,32.050000000000004
2025-06-28T02:00,27.1,90,10.0,31.6
2025-06-28T03:00,26.5,92,8.2,31.1
2025-06-28T04:00,26.0,92,8.1,30.6
2025-06-28T05:00,25.9,93,4.2,30.549999999999997
2025-06-28T06:00,28.1,91,7.0,32.65
2025-06-28T07:00,29.1,87,7.0,33.45
2025-06-28T08:00,30.5,79,6.9,34.45
2025-06-28T09:00,31.7,69,6.6,35.15
2025-06-28T10:00,32.6,65,5.5,35.85
2025-06-28T11:00,33.3,62,6.2,36.4
2025-06-28T12:00,33.9,60,4.2,36.9
2025-06-28T13:00,34.2,59,4.0,37.150000000000006
2025-06-28T14:00,34.5,59,3.3,37.45
2025-06-28T15:00,34.4,59,2.9,37.35
2025-06-28T16:00,34.4,59,2.5,37.35
2025-06-28T17:00,33.7,62,3.0,36.800000000000004
2025-06-28T18:00,30.9,80,3.3,34.9
2025-06-28T19:00,30.0,86,3.1,34.3
2025-06-28T20:00,29.7,86,5.5,34.0
2025-06-28T21:00,29.3,88,6.8,33.7
2025-06-28T22:00,28.4,91,9.4,32.949999999999996
2025-06-28T23:00,28.0,94,7.6,32.7
2025-06-29T00:00,27.3,93,12.4,31.950000000000003
2025-06-29T01:00,26.1,96,8.5,30.900000000000002
2025-06-29T02:00,26.0,96,7.0,30.8
2025-06-29T03:00,25.9,97,6.7,30.75
2025-06-29T04:00,25.8,97,7.7,30.650000000000002
2025-06-29T05:00,25.7,98,7.9,30.6
2025-06-29T06:00,26.8,98,7.2,31.700000000000003
2025-06-29T07:00,27.7,95,3.6,32.45
2025-06-29T08:00,27.6,93,11.0,32.25
2025-06-29T09:00,27.7,92,7.8,32.3
2025-06-29T10:00,29.0,85,10.3,33.25
2025-06-29T11:00,30.0,81,9.4,34.05
2025-06-29T12:00,31.4,76,8.8,35.199999999999996
2025-06-29T13:00,31.4,76,5.9,35.199999999999996
2025-06-29T14:00,30.9,77,6.9,34.75
2025-06-29T15:00,31.0,78,7.2,34.9
2025-06-29T16:00,30.8,78,3.1,34.7
2025-06-29T17:00,30.9,78,4.0,34.8
2025-06-29T18:00,29.5,81,7.3,33.55
2025-06-29T19:00,29.0,83,5.5,33.15
2025-06-29T20:00,28.5,85,4.9,32.75
2025-06-29T21:00,28.2,86,8.4,32.5
2025-06-29T22:00,27.9,88,8.2,32.3
2025-06-29T23:00,27.7,90,7.8,32.2
2025-06-30T00:00,27.5,91,6.9,32.05
2025-06-30T01:00,25.2,97,9.5,30.05
2025-06-30T02:00,25.1,97,8.4,29.950000000000003
2025-06-30T03:00,24.5,99,7.7,29.45
2025-06-30T04:00,24.9,97,6.0,29.75
2025-06-30T05:00,24.8,98,6.7,29.700000000000003
2025-06-30T06:00,25.3,94,12.1,30.0
2025-06-30T07:00,25.8,92,5.5,30.400000000000002
2025-06-30T08:00,26.8,87,8.5,31.150000000000002
2025-06-30T09:00,27.6,83,5.7,31.75
2025-06-30T10:00,29.1,75,6.5,32.85
2025-06-30T11:00,29.5,76,3.5,33.3
2025-06-30T12:00,30.3,74,5.4,34.0
2025-06-30T13:00,31.0,72,4.5,34.6
2025-06-30T14:00,31.2,72,5.5,34.8
2025-06-30T15:00,31.3,73,6.7,34.95
2025-06-30T16:00,29.2,79,4.6,33.15
2025-06-30T17:00,28.4,85,2.4,32.65
2025-06-30T18:00,27.9,87,4.4,32.25
2025-06-30T19:00,27.0,94,1.7,31.7
2025-06-30T20:00,26.8,95,4.6,31.55
2025-06-30T21:00,26.7,95,5.8,31.45
2025-06-30T22:00,26.3,96,3.4,31.1
2025-06-30T23:00,26.1,95,4.8,30.85
2025-07-01T00:00,26.0,90,8.1,30.5
2025-07-01T01:00,25.3,93,7.1,29.950000000000003
2025-07-01T02:00,24.8,96,6.6,29.6
2025-07-01T03:00,24.6,98,6.3,29.5
2025-07-01T04:00,24.7,97,6.2,29.55
2025-07-01T05:00,24.8,97,7.7,29.650000000000002
2025-07-01T06:00,26.5,94,8.3,31.2
2025-07-01T07:00,26.9,90,8.8,31.4
2025-07-01T08:00,27.8,85,6.3,32.05
2025-07-01T09:00,28.5,81,4.5,32.55
2025-07-01T10:00,29.9,74,7.9,33.6
2025-07-01T11:00,31.3,67,11.8,34.65
2025-07-01T12:00,31.8,67,10.3,35.15
2025-07-01T13:00,32.3,67,10.0,35.65
2025-07-01T14:00,32.6,67,7.8,35.95
2025-07-01T15:00,32.5,66,8.6,35.8
2025-07-01T16:00,32.2,67,7.5,35.550000000000004
2025-07-01T17:00,31.6,70,5.8,35.1
2025-07-01T18:00,30.3,78,4.1,34.2
2025-07-01T19:00,29.2,84,4.4,33.4
2025-07-01T20:00,28.8,86,1.9,33.1
2025-07-01T21:00,28.4,88,1.7,32.8
2025-07-01T22:00,27.7,92,4.1,32.3
2025-07-01T23:00,27.3,93,4.4,31.950000000000003
2025-07-02T00:00,27.1,94,4.2,31.8
2025-07-02T01:00,26.8,95,4.2,31.55
2025-07-02T02:00,26.8,94,5.2,31.5
2025-07-02T03:00,26.6,94,5.4,31.3
2025-07-02T04:00,26.4,94,5.8,31.099999999999998
2025-07-02T05:00,26.2,95,4.9,30.95
2025-07-02T06:00,27.6,91,4.9,32.15
2025-07-02T07:00,28.5,88,4.1,32.9
2025-07-02T08:00,29.9,82,8.1,34.0
2025-07-02T09:00,31.0,75,10.8,34.75
2025-07-02T10:00,31.8,74,12.7,35.5
2025-07-02T11:00,32.8,69,12.1,36.25
2025-07-02T12:00,31.0,76,10.5,34.8
2025-07-02T13:00,32.0,72,7.3,35.6
2025-07-02T14:00,32.8,70,7.2,36.3
2025-07-02T15:00,33.1,68,7.1,36.5
2025-07-02T16:00,32.8,69,8.3,36.25
2025-07-02T17:00,32.1,72,6.7,35.7
2025-07-02T18:00,31.1,75,7.9,34.85
2025-07-02T19:00,30.1,79,7.4,34.050000000000004
2025-07-02T20:00,29.6,81,7.1,33.65
2025-07-02T21:00,29.2,83,8.8,33.35
2025-07-02T22:00,28.8,85,7.9,33.05
2025-07-02T23:00,28.4,85,8.2,32.65
2025-07-03T00:00,28.1,85,10.1,32.35
2025-07-03T01:00,27.9,87,10.0,32.25
2025-07-03T02:00,27.6,89,7.3,32.050000000000004
2025-07-03T03:00,27.3,92,8.8,31.900000000000002
2025-07-03T04:00,27.1,93,8.1,31.75
2025-07-03T05:00,26.9,90,11.9,31.4
2025-07-03T06:00,27.1,92,7.9,31.700000000000003
2025-07-03T07:00,27.9,88,8.1,32.3
2025-07-03T08:00,29.3,82,8.6,33.4
2025-07-03T09:00,30.3,76,12.8,34.1
2025-07-03T10:00,31.5,71,12.4,35.05
2025-07-03T11:00,32.0,68,12.8,35.4
2025-07-03T12:00,32.6,68,11.6,36.0
2025-07-03T13:00,32.9,69,9.0,36.35
2025-07-03T14:00,33.0,68,7.8,36.4
2025-07-03T15:00,32.8,71,6.9,36.349999999999994
2025-07-03T16:00,32.2,73,6.9,35.85
2025-07-03T17:00,31.1,78,6.6,35.0
2025-07-03T18:00,31.2,77,5.1,35.05
2025-07-03T19:00,30.0,82,4.4,34.1
2025-07-03T20:00,29.7,82,7.4,33.8
2025-07-03T21:00,29.3,81,9.2,33.35
2025-07-03T22:00,28.9,81,8.3,32.949999999999996
2025-07-03T23:00,28.6,82,9.5,32.7
2025-07-04T00:00,28.3,85,9.6,32.55
2025-07-04T01:00,27.9,87,10.1,32.25
2025-07-04T02:00,27.5,88,7.9,31.9
2025-07-04T03:00,27.2,89,7.4,31.65
2025-07-04T04:00,26.9,89,8.1,31.349999999999998
2025-07-04T05:00,26.6,91,5.9,31.150000000000002
2025-07-04T06:00,28.4,92,8.7,33.0
2025-07-04T07:00,28.7,87,7.7,33.05
2025-07-04T08:00,29.6,82,6.7,33.7
2025-07-04T09:00,30.6,79,6.7,34.550000000000004
2025-07-04T10:00,31.7,73,5.8,35.35
2025-07-04T11:00,32.4,69,5.8,35.85
2025-07-04T12:00,32.7,69,7.1,36.150000000000006
2025-07-04T13:00,32.5,71,7.0,36.05
2025-07-04T14:00,32.8,71,3.9,36.349999999999994
2025-07-04T15:00,32.9,70,3.4,36.4
2025-07-04T16:00,32.7,71,5.3,36.25
2025-07-04T17:00,32.5,72,6.5,36.1
2025-07-04T18:00,28.7,87,2.4,33.05
2025-07-04T19:00,28.5,91,3.7,33.05
2025-07-04T20:00,28.4,91,6.7,32.949999999999996
2025-07-04T21:00,28.2,91,6.0,32.75
2025-07-04T22:00,28.1,91,6.8,32.65
2025-07-04T23:00,28.0,90,8.7,32.5
2025-07-05T00:00,27.9,89,10.4,32.35
2025-07-05T01:00,27.5,90,6.9,32.0
2025-07-05T02:00,26.7,92,8.5,31.3
2025-07-05T03:00,26.6,93,7.0,31.25
2025-07-05T04:00,26.4,95,4.7,31.15
2025-07-05T05:00,26.1,96,2.5,30.900000000000002
2025-07-05T06:00,28.5,88,3.6,32.9
2025-07-05T07:00,29.5,84,3.3,33.7
2025-07-05T08:00,30.6,78,2.2,34.5
2025-07-05T09:00,31.5,74,2.4,35.2
2025-07-05T10:00,32.4,71,1.1,35.949999999999996
2025-07-05T11:00,32.9,70,1.9,36.4
2025-07-05T12:00,32.9,71,3.3,36.449999999999996
2025-07-05T13:00,33.5,67,2.6,36.85
2025-07-05T14:00,33.7,67,4.1,37.050000000000004
2025-07-05T15:00,32.9,71,6.9,36.449999999999996
2025-07-05T16:00,32.8,72,5.8,36.4
2025-07-05T17:00,32.6,72,5.9,36.2
2025-07-05T18:00,30.2,82,6.7,34.3
2025-07-05T19:00,29.9,79,8.1,33.85
2025-07-05T20:00,29.4,82,10.2,33.5
2025-07-05T21:00,28.8,82,11.0,32.9
2025-07-05T22:00,28.4,82,6.6,32.5
2025-07-05T23:00,28.0,84,7.1,32.2
2025-07-06T00:00,28.0,84,8.5,32.2
2025-07-06T01:00,27.7,87,3.6,32.05
2025-07-06T02:00,27.4,89,4.8,31.849999999999998
2025-07-06T03:00,27.3,91,6.6,31.85
2025-07-06T04:00,27.0,93,6.0,31.65
2025-07-06T05:00,26.7,95,3.1,31.45
2025-07-06T06:00,27.5,93,9.9,32.15
2025-07-06T07:00,27.6,86,7.4,31.900000000000002
2025-07-06T08:00,28.8,83,6.6,32.95
2025-07-06T09:00,30.3,78,8.7,34.2
2025-07-06T10:00,31.4,76,6.5,35.199999999999996
2025-07-06T11:00,32.1,74,5.9,35.800000000000004
2025-07-06T12:00,32.9,71,3.8,36.449999999999996
2025-07-06T13:00,33.6,67,3.3,36.95
2025-07-06T14:00,34.2,64,3.2,37.400000000000006
2025-07-06T15:00,33.8,65,3.4,37.05
2025-07-06T16:00,33.9,64,1.2,37.1
2025-07-06T17:00,33.7,66,4.0,37.0
2025-07-06T18:00,31.6,79,3.6,35.550000000000004
2025-07-06T19:00,30.4,86,2.5,34.699999999999996
2025-07-06T20:00,29.7,88,4.0,34.1
2025-07-06T21:00,29.1,88,5.6,33.5
2025-07-06T22:00,29.0,86,7.3,33.3
2025-07-06T23:00,27.3,90,1.9,31.8
2025-07-07T00:00,26.1,93,7.2,30.75
2025-07-07T01:00,26.3,92,0.4,30.900000000000002
2025-07-07T02:00,26.1,93,1.9,30.75
2025-07-07T03:00,26.1,94,2.8,30.8
2025-07-07T04:00,26.2,95,6.1,30.95
2025-07-07T05:00,26.2,96,9.1,31.0
2025-07-07T06:00,26.6,93,4.2,31.25
2025-07-07T07:00,26.7,93,1.8,31.35
2025-07-07T08:00,26.8,95,7.5,31.55
2025-07-07T09:00,27.6,92,5.3,32.2
2025-07-07T10:00,29.6,81,3.1,33.65
2025-07-07T11:00,31.0,75,3.8,34.75
2025-07-07T12:00,32.2,69,5.1,35.650000000000006
2025-07-07T13:00,32.9,66,3.6,36.199999999999996
2025-07-07T14:00,33.3,65,4.4,36.55
2025-07-07T15:00,33.4,64,5.1,36.6
2025-07-07T16:00,33.5,63,3.6,36.65
2025-07-07T17:00,33.2,66,4.3,36.5
2025-07-07T18:00,30.4,78,5.6,34.3
2025-07-07T19:00,29.4,80,5.6,33.4
2025-07-07T20:00,29.0,80,5.6,33.0
2025-07-07T21:00,28.6,84,3.7,32.800000000000004
2025-07-07T22:00,28.5,84,0.2,32.7
2025-07-07T23:00,27.7,88,1.9,32.1
2025-07-08T00:00,27.3,90,2.0,31.8
2025-07-08T01:00,26.8,92,2.9,31.400000000000002
2025-07-08T02:00,26.6,94,2.8,31.3
2025-07-08T03:00,26.4,95,3.8,31.15
2025-07-08T04:00,26.3,96,4.0,31.1
2025-07-08T05:00,26.3,97,5.2,31.150000000000002
2025-07-08T06:00,28.3,91,1.2,32.85
2025-07-08T07:00,29.3,88,1.3,33.7
2025-07-08T08:00,30.2,83,6.5,34.35
2025-07-08T09:00,31.1,76,6.6,34.9
2025-07-08T10:00,32.0,71,7.7,35.55
2025-07-08T11:00,32.8,68,10.1,36.199999999999996
2025-07-08T12:00,33.4,66,9.3,36.699999999999996
2025-07-08T13:00,33.8,64,8.6,37.0
2025-07-08T14:00,34.1,62,9.7,37.2
2025-07-08T15:00,34.0,63,9.8,37.15
2025-07-08T16:00,33.2,66,9.9,36.5
2025-07-08T17:00,33.2,67,4.5,36.550000000000004
2025-07-08T18:00,32.2,74,3.6,35.900000000000006
2025-07-08T19:00,31.0,79,3.6,34.95
2025-07-08T20:00,30.3,80,4.6,34.3
2025-07-08T21:00,29.8,82,5.8,33.9
2025-07-08T22:00,29.1,84,3.6,33.300000000000004
2025-07-08T23:00,28.5,86,3.1,32.8
2025-07-09T00:00,28.2,87,0.8,32.55
2025-07-09T01:00,27.8,89,2.8,32.25
2025-07-09T02:00,27.6,90,3.1,32.1
2025-07-09T03:00,27.6,90,3.2,32.1
2025-07-09T04:00,25.6,97,7.2,30.450000000000003
2025-07-09T05:00,25.8,97,5.5,30.650000000000002
2025-07-09T06:00,27.3,86,7.1,31.6
2025-07-09T07:00,28.3,85,5.4,32.55
2025-07-09T08:00,29.9,81,4.6,33.949999999999996
2025-07-09T09:00,31.3,74,3.9,35.0
2025-07-09T10:00,31.9,70,6.2,35.4
2025-07-09T11:00,30.4,73,11.0,34.05
2025-07-09T12:00,29.1,80,11.0,33.1
2025-07-09T13:00,29.7,79,4.4,33.65
2025-07-09T14:00,30.5,77,1.2,34.35
2025-07-09T15:00,30.6,77,4.8,34.45
2025-07-09T16:00,30.6,77,5.6,34.45
2025-07-09T17:00,30.4,77,3.1,34.25
2025-07-09T18:00,29.4,84,4.0,33.6
2025-07-09T19:00,28.5,89,1.9,32.95
2025-07-09T20:00,28.1,92,3.5,32.7
2025-07-09T21:00,27.8,93,9.4,32.45
2025-07-09T22:00,27.4,94,4.9,32.1
2025-07-09T23:00,26.8,90,5.8,31.3
2025-07-10T00:00,26.2,96,5.6,31.0
2025-07-10T01:00,26.1,96,4.9,30.900000000000002
2025-07-10T02:00,26.1,97,3.6,30.950000000000003
2025-07-10T03:00,26.0,98,3.2,30.9
2025-07-10T04:00,26.0,98,5.7,30.9
2025-07-10T05:00,25.9,96,5.8,30.7
2025-07-10T06:00,26.2,93,6.0,30.85
2025-07-10T07:00,26.6,86,4.4,30.900000000000002
2025-07-10T08:00,27.2,80,6.4,31.2
2025-07-10T09:00,27.2,78,3.2,31.1
2025-07-10T10:00,27.5,75,2.4,31.25
2025-07-10T11:00,27.8,73,3.1,31.450000000000003
2025-07-10T12:00,28.7,71,6.4,32.25
2025-07-10T13:00,29.2,70,9.9,32.7
2025-07-10T14:00,29.0,73,9.5,32.65
2025-07-10T15:00,28.8,75,8.5,32.55
2025-07-10T16:00,29.3,75,5.7,33.05
2025-07-10T17:00,29.3,76,4.0,33.1
2025-07-10T18:00,28.6,81,5.6,32.65
2025-07-10T19:00,27.5,88,2.9,31.9
2025-07-10T20:00,27.4,89,2.4,31.849999999999998
2025-07-10T21:00,27.2,89,0.8,31.65
2025-07-10T22:00,26.7,92,1.8,31.3
2025-07-10T23:00,26.1,95,2.9,30.85
2025-07-11T00:00,25.7,97,3.3,30.55
2025-07-11T01:00,25.6,97,1.5,30.450000000000003
2025-07-11T02:00,25.6,98,0.3,30.5
2025-07-11T03:00,25.3,99,1.6,30.25
2025-07-11T04:00,25.2,100,2.4,30.2
2025-07-11T05:00,25.3,98,0.9,30.200000000000003
2025-07-11T06:00,26.7,96,4.6,31.5
2025-07-11T07:00,27.1,92,1.0,31.700000000000003
2025-07-11T08:00,27.6,87,3.6,31.950000000000003
2025-07-11T09:00,28.0,86,3.7,32.3
2025-07-11T10:00,29.1,80,3.6,33.1
2025-07-11T11:00,29.8,75,5.6,33.55
2025-07-11T12:00,30.2,72,6.1,33.8
2025-07-11T13:00,29.9,72,5.9,33.5
2025-07-11T14:00,30.2,70,2.9,33.7
2025-07-11T15:00,31.1,67,0.5,34.45
2025-07-11T16:00,31.1,67,2.0,34.45
2025-07-11T17:00,30.8,68,2.7,34.2
2025-07-11T18:00,30.2,79,2.3,34.15
2025-07-11T19:00,28.9,82,3.3,33.0
2025-07-11T20:00,27.9,87,4.2,32.25
2025-07-11T21:00,27.3,90,4.1,31.8
2025-07-11T22:00,27.0,92,3.3,31.6
2025-07-11T23:00,26.6,92,5.0,31.200000000000003
2025-07-12T00:00,26.4,93,4.1,31.049999999999997
2025-07-12T01:00,26.1,96,3.4,30.900000000000002
2025-07-12T02:00,26.0,96,1.6,30.8
2025-07-12T03:00,25.8,97,2.4,30.650000000000002
2025-07-12T04:00,25.9,97,1.0,30.75
2025-07-12T05:00,25.6,98,0.7,30.5
2025-07-12T06:00,26.2,90,2.7,30.7
2025-07-12T07:00,27.7,87,0.8,32.05
2025-07-12T08:00,29.4,81,1.5,33.449999999999996
2025-07-12T09:00,30.7,74,1.4,34.4
2025-07-12T10:00,31.8,69,1.8,35.25
2025-07-12T11:00,32.6,64,1.8,35.800000000000004
2025-07-12T12:00,33.1,64,1.5,36.300000000000004
2025-07-12T13:00,33.4,63,0.3,36.55
2025-07-12T14:00,33.4,63,2.6,36.55
2025-07-12T15:00,33.3,65,4.8,36.55
2025-07-12T16:00,32.9,68,3.9,36.3
2025-07-12T17:00,28.7,84,10.7,32.9
2025-07-12T18:00,27.7,91,11.6,32.25
2025-07-12T19:00,27.0,93,5.6,31.65
2025-07-12T20:00,27.0,94,3.6,31.7
2025-07-12T21:00,26.7,94,2.9,31.4
2025-07-12T22:00,26.8,93,0.8,31.450000000000003
2025-07-12T23:00,26.7,94,1.1,31.4
2025-07-13T00:00,26.5,95,1.5,31.25
2025-07-13T01:00,26.3,95,0.6,31.05
2025-07-13T02:00,26.1,96,0.7,30.900000000000002
2025-07-13T03:00,25.8,97,1.5,30.650000000000002
2025-07-13T04:00,25.7,98,4.0,30.6
2025-07-13T05:00,25.6,98,4.3,30.5
2025-07-13T06:00,27.5,96,5.5,32.3
2025-07-13T07:00,28.9,91,7.3,33.449999999999996
2025-07-13T08:00,28.9,83,12.9,33.05
2025-07-13T09:00,29.5,82,9.4,33.6
2025-07-13T10:00,30.7,76,7.6,34.5
2025-07-13T11:00,31.6,73,8.6,35.25
2025-07-13T12:00,32.1,72,9.2,35.7
2025-07-13T13:00,32.6,71,9.2,36.15
2025-07-13T14:00,32.4,72,10.8,36.0
2025-07-13T15:00,28.4,85,8.4,32.65
2025-07-13T16:00,27.8,85,7.7,32.05
2025-07-13T17:00,28.0,86,2.7,32.3
2025-07-13T18:00,29.9,82,4.9,34.0
2025-07-13T19:00,28.6,89,3.6,33.050000000000004
2025-07-13T20:00,28.6,89,3.4,33.050000000000004
2025-07-13T21:00,28.6,88,8.3,33.0
2025-07-13T22:00,28.1,89,9.6,32.550000000000004
2025-07-13T23:00,27.8,89,10.2,32.25
2025-07-14T00:00,27.9,88,11.6,32.3
2025-07-14T01:00,28.0,87,11.1,32.35
2025-07-14T02:00,27.8,87,9.2,32.15
2025-07-14T03:00,27.5,88,8.3,31.9
2025-07-14T04:00,27.1,89,7.9,31.55
2025-07-14T05:00,26.8,91,9.5,31.35
2025-07-14T06:00,25.8,93,13.9,30.450000000000003
2025-07-14T07:00,26.8,91,17.9,31.35
2025-07-14T08:00,27.6,89,17.7,32.050000000000004
2025-07-14T09:00,28.7,85,19.2,32.95
2025-07-14T10:00,29.4,81,20.2,33.449999999999996
2025-07-14T11:00,29.9,80,19.9,33.9
2025-07-14T12:00,30.5,77,18.5,34.35
2025-07-14T13:00,30.5,75,17.6,34.25
2025-07-14T14:00,30.2,79,14.2,34.15
2025-07-14T15:00,30.8,77,13.2,34.65
2025-07-14T16:00,29.8,79,16.6,33.75
2025-07-14T17:00,27.6,87,14.3,31.950000000000003
2025-07-14T18:00,28.9,85,17.1,33.15
2025-07-14T19:00,28.2,85,14.8,32.45
2025-07-14T20:00,28.1,85,16.3,32.35
2025-07-14T21:00,27.9,86,17.7,32.199999999999996
2025-07-14T22:00,27.6,86,18.4,31.900000000000002
2025-07-14T23:00,27.4,87,17.7,31.75
2025-07-15T00:00,27.2,87,17.7,31.55
2025-07-15T01:00,26.9,86,16.8,31.2
2025-07-15T02:00,26.7,86,15.9,31.0
2025-07-15T03:00,26.4,88,15.7,30.799999999999997
2025-07-15T04:00,26.1,90,14.0,30.6
2025-07-15T05:00,26.0,91,13.5,30.55
2025-07-15T06:00,25.9,97,18.6,30.75
2025-07-15T07:00,26.7,92,17.9,31.3
2025-07-15T08:00,27.5,87,19.8,31.85
2025-07-15T09:00,28.6,82,18.5,32.7
2025-07-15T10:00,29.4,77,19.2,33.25
2025-07-15T11:00,30.2,72,19.4,33.8
2025-07-15T12:00,30.9,69,20.1,34.35
2025-07-15T13:00,31.7,65,21.1,34.95
2025-07-15T14:00,31.5,67,19.8,34.85
2025-07-15T15:00,31.8,68,17.1,35.2
2025-07-15T16:00,31.3,70,16.2,34.8
2025-07-15T17:00,30.9,72,12.7,34.5
2025-07-15T18:00,29.5,80,11.7,33.5
2025-07-15T19:00,28.8,80,12.1,32.8
2025-07-15T20:00,28.3,83,12.1,32.45
2025-07-15T21:00,27.7,87,9.7,32.05
2025-07-15T22:00,27.2,91,12.7,31.75
2025-07-15T23:00,26.9,94,10.1,31.599999999999998
2025-07-16T00:00,26.7,95,9.9,31.45
2025-07-16T01:00,26.6,95,10.1,31.35
2025-07-16T02:00,26.4,95,9.8,31.15
2025-07-16T03:00,26.3,96,11.5,31.1
2025-07-16T04:00,25.9,97,12.4,30.75
2025-07-16T05:00,25.6,96,11.2,30.400000000000002
2025-07-16T06:00,26.8,93,7.5,31.450000000000003
2025-07-16T07:00,27.6,89,8.1,32.050000000000004
2025-07-16T08:00,29.0,85,8.4,33.25
2025-07-16T09:00,30.4,76,11.7,34.199999999999996
2025-07-16T10:00,31.1,73,11.3,34.75
2025-07-16T11:00,31.9,68,10.4,35.3
2025-07-16T12:00,31.8,68,10.2,35.2
2025-07-16T13:00,29.6,78,13.8,33.5
2025-07-16T14:00,29.6,82,10.9,33.7
2025-07-16T15:00,30.5,77,12.1,34.35
2025-07-16T16:00,30.3,75,12.5,34.05
2025-07-16T17:00,29.5,80,11.1,33.5
2025-07-16T18:00,29.3,82,4.0,33.4
2025-07-16T19:00,28.3,87,2.5,32.65
2025-07-16T20:00,27.9,89,3.3,32.35
2025-07-16T21:00,27.4,91,4.3,31.95
2025-07-16T22:00,27.4,90,6.6,31.9
2025-07-16T23:00,27.1,91,5.2,31.650000000000002
2025-07-17T00:00,27.0,92,6.0,31.6
2025-07-17T01:00,27.0,92,8.6,31.6
2025-07-17T02:00,26.8,94,6.1,31.5
2025-07-17T03:00,26.7,94,7.6,31.4
2025-07-17T04:00,26.6,94,7.4,31.3
2025-07-17T05:00,26.6,93,8.7,31.25
2025-07-17T06:00,26.8,84,11.4,31.0
2025-07-17T07:00,27.4,82,11.6,31.5
2025-07-17T08:00,27.8,80,11.0,31.8
2025-07-17T09:00,28.6,77,10.6,32.45
2025-07-17T10:00,29.2,76,9.8,33.0
2025-07-17T11:00,29.6,75,13.0,33.35
2025-07-17T12:00,29.3,77,11.8,33.15
2025-07-17T13:00,29.6,75,13.8,33.35
2025-07-17T14:00,30.2,73,11.1,33.85
2025-07-17T15:00,30.9,70,9.8,34.4
2025-07-17T16:00,30.9,70,8.1,34.4
2025-07-17T17:00,30.6,71,6.7,34.15
2025-07-17T18:00,29.6,85,4.1,33.85
2025-07-17T19:00,28.3,92,3.3,32.9
2025-07-17T20:00,27.0,92,12.1,31.6
2025-07-17T21:00,26.4,94,7.3,31.099999999999998
2025-07-17T22:00,26.4,95,2.2,31.15
2025-07-17T23:00,26.5,94,3.2,31.2
2025-07-18T00:00,26.3,94,5.9,31.0
2025-07-18T01:00,26.3,94,6.5,31.0
2025-07-18T02:00,26.2,94,7.3,30.9
2025-07-18T03:00,26.2,94,10.1,30.9
2025-07-18T04:00,26.2,94,10.6,30.9
2025-07-18T05:00,26.2,91,10.8,30.75
2025-07-18T06:00,26.9,85,13.6,31.15
2025-07-18T07:00,27.8,82,12.2,31.900000000000002
2025-07-18T08:00,28.9,77,16.2,32.75
2025-07-18T09:00,30.0,73,19.3,33.65
2025-07-18T10:00,31.0,69,20.4,34.45
2025-07-18T11:00,31.2,68,20.9,34.6
2025-07-18T12:00,31.8,66,22.7,35.1
2025-07-18T13:00,31.8,68,22.6,35.2
2025-07-18T14:00,31.8,70,17.4,35.3
2025-07-18T15:00,30.5,75,17.8,34.25
2025-07-18T16:00,27.9,86,14.7,32.199999999999996
2025-07-18T17:00,29.0,85,9.1,33.25
2025-07-18T18:00,29.1,80,18.6,33.1
2025-07-18T19:00,28.5,80,15.3,32.5
2025-07-18T20:00,28.1,82,12.9,32.2
2025-07-18T21:00,27.9,83,14.1,32.05
2025-07-18T22:00,27.6,84,13.9,31.8
2025-07-18T23:00,27.3,85,14.2,31.55
2025-07-19T00:00,27.0,87,14.9,31.35
2025-07-19T01:00,26.7,89,14.2,31.15
2025-07-19T02:00,26.5,90,14.0,31.0
2025-07-19T03:00,26.2,90,14.0,30.7
2025-07-19T04:00,26.0,91,13.5,30.55
2025-07-19T05:00,25.8,92,13.2,30.400000000000002
2025-07-19T06:00,26.6,90,13.7,31.1
2025-07-19T07:00,27.4,87,18.3,31.75
2025-07-19T08:00,28.3,82,17.4,32.4
2025-07-19T09:00,29.3,77,16.0,33.15
2025-07-19T10:00,30.0,74,16.1,33.7
2025-07-19T11:00,30.9,70,14.8,34.4
2025-07-19T12:00,31.6,67,15.2,34.95
2025-07-19T13:00,32.1,64,13.8,35.300000000000004
2025-07-19T14:00,32.5,62,12.8,35.6
2025-07-19T15:00,32.4,63,12.3,35.55
2025-07-19T16:00,32.2,63,11.4,35.35
2025-07-19T17:00,31.6,68,7.7,35.0
2025-07-19T18:00,30.9,77,3.5,34.75
2025-07-19T19:00,29.3,80,4.8,33.3
2025-07-19T20:00,28.5,81,5.2,32.55
2025-07-19T21:00,28.1,82,6.1,32.2
2025-07-19T22:00,27.7,84,6.2,31.9
2025-07-19T23:00,27.3,86,5.3,31.6
2025-07-20T00:00,27.0,87,5.6,31.35
2025-07-20T01:00,26.9,86,6.2,31.2
2025-07-20T02:00,26.6,87,5.2,30.950000000000003
2025-07-20T03:00,26.2,89,4.8,30.65
2025-07-20T04:00,26.0,91,4.5,30.55
2025-07-20T05:00,25.8,91,4.5,30.35
2025-07-20T06:00,27.6,87,6.1,31.950000000000003
2025-07-20T07:00,28.7,84,5.5,32.9
2025-07-20T08:00,29.7,78,6.9,33.6
2025-07-20T09:00,30.7,73,6.0,34.35
2025-07-20T10:00,31.6,68,5.9,35.0
2025-07-20T11:00,32.3,65,7.2,35.55
2025-07-20T12:00,33.0,61,6.9,36.05
2025-07-20T13:00,33.6,57,7.3,36.45
2025-07-20T14:00,34.0,57,7.7,36.85
2025-07-20T15:00,34.0,57,8.9,36.85
2025-07-20T16:00,33.6,59,8.8,36.550000000000004
2025-07-20T17:00,32.5,68,7.8,35.9
2025-07-20T18:00,31.2,75,5.1,34.95
2025-07-20T19:00,30.2,74,6.3,33.9
2025-07-20T20:00,29.6,76,6.5,33.4
2025-07-20T21:00,28.8,81,5.2,32.85
2025-07-20T22:00,28.4,83,6.6,32.55
2025-07-20T23:00,28.1,83,6.7,32.25
2025-07-21T00:00,27.9,84,5.8,32.1
2025-07-21T01:00,27.7,85,6.0,31.95
2025-07-21T02:00,27.2,86,5.5,31.5
2025-07-21T03:00,27.0,86,5.6,31.3
2025-07-21T04:00,26.5,88,4.9,30.9
2025-07-21T05:00,26.4,88,3.5,30.799999999999997
2025-07-21T06:00,28.0,87,4.7,32.35
2025-07-21T07:00,28.8,84,1.6,33.0
2025-07-21T08:00,29.3,80,3.5,33.3
2025-07-21T09:00,29.5,80,6.6,33.5
2025-07-21T10:00,29.4,79,4.5,33.35
2025-07-21T11:00,28.8,81,5.4,32.85
2025-07-21T12:00,28.6,83,6.1,32.75
2025-07-21T13:00,29.0,84,7.1,33.2
2025-07-21T14:00,29.7,80,8.0,33.7
2025-07-21T15:00,29.5,81,8.5,33.55
2025-07-21T16:00,29.3,81,6.9,33.35
2025-07-21T17:00,29.1,81,5.7,33.15
2025-07-21T18:00,28.9,81,2.4,32.949999999999996
2025-07-21T19:00,28.0,88,1.9,32.4
2025-07-21T20:00,27.4,90,1.9,31.9
2025-07-21T21:00,26.9,92,0.8,31.5
2025-07-21T22:00,26.4,95,1.5,31.15
2025-07-21T23:00,26.2,96,0.4,31.0
2025-07-22T00:00,25.9,98,1.6,30.799999999999997
2025-07-22T01:00,25.7,98,1.1,30.6
2025-07-22T02:00,25.5,99,1.3,30.45
2025-07-22T03:00,25.4,99,0.9,30.349999999999998
2025-07-22T04:00,25.2,99,1.9,30.15
2025-07-22T05:00,25.0,100,1.8,30.0
2025-07-22T06:00,27.0,97,3.6,31.85
2025-07-22T07:00,28.2,92,3.4,32.8
2025-07-22T08:00,29.0,80,4.8,33.0
2025-07-22T09:00,29.8,79,3.5,33.75
2025-07-22T10:00,30.6,75,6.4,34.35
2025-07-22T11:00,31.5,71,3.8,35.05
2025-07-22T12:00,32.3,67,3.8,35.65
2025-07-22T13:00,32.8,67,3.1,36.15
2025-07-22T14:00,32.9,66,3.8,36.199999999999996
2025-07-22T15:00,33.0,66,4.6,36.3
2025-07-22T16:00,32.9,66,4.2,36.199999999999996
2025-07-22T17:00,32.5,67,3.6,35.85
2025-07-22T18:00,30.3,78,2.8,34.2
2025-07-22T19:00,29.3,85,0.7,33.55
2025-07-22T20:00,28.2,88,2.8,32.6
2025-07-22T21:00,28.1,88,4.8,32.5
2025-07-22T22:00,27.9,89,3.9,32.35
2025-07-22T23:00,27.6,90,3.7,32.1
2025-07-23T00:00,27.6,90,5.5,32.1
2025-07-23T01:00,27.7,89,7.6,32.15
2025-07-23T02:00,27.5,91,3.0,32.05
2025-07-23T03:00,27.2,92,7.2,31.8
2025-07-23T04:00,27.1,90,5.4,31.6
2025-07-23T05:00,26.8,90,4.6,31.3
2025-07-23T06:00,26.5,93,6.5,31.15
2025-07-23T07:00,27.7,92,4.7,32.3
2025-07-23T08:00,29.4,83,4.8,33.55
2025-07-23T09:00,29.2,79,10.2,33.15
2025-07-23T10:00,29.0,80,9.5,33.0
2025-07-23T11:00,29.6,79,5.8,33.550000000000004
2025-07-23T12:00,31.0,74,6.0,34.7
2025-07-23T13:00,31.9,71,6.4,35.449999999999996
2025-07-23T14:00,32.2,71,5.9,35.75
2025-07-23T15:00,32.3,71,7.0,35.849999999999994
2025-07-23T16:00,31.9,74,8.2,35.6
2025-07-23T17:00,31.5,75,8.7,35.25
2025-07-23T18:00,30.1,82,2.8,34.2
2025-07-23T19:00,29.0,85,4.1,33.25
2025-07-23T20:00,28.6,86,5.1,32.9
2025-07-23T21:00,28.0,89,4.5,32.45
2025-07-23T22:00,27.7,91,3.4,32.25
2025-07-23T23:00,27.5,93,3.1,32.15
2025-07-24T00:00,27.3,94,2.4,32.0
2025-07-24T01:00,27.0,96,1.3,31.8
2025-07-24T02:00,26.6,97,0.6,31.450000000000003
2025-07-24T03:00,26.2,99,2.2,31.15
2025-07-24T04:00,26.1,99,3.8,31.05
2025-07-24T05:00,25.1,95,11.8,29.85
2025-07-24T06:00,27.6,87,12.2,31.950000000000003
2025-07-24T07:00,28.2,86,9.0,32.5
2025-07-24T08:00,29.2,83,8.9,33.35
2025-07-24T09:00,31.1,75,9.0,34.85
2025-07-24T10:00,31.9,70,9.8,35.4
2025-07-24T11:00,32.6,66,10.2,35.9
2025-07-24T12:00,33.1,63,9.7,36.25
2025-07-24T13:00,33.4,62,10.2,36.5
2025-07-24T14:00,34.0,60,10.6,37.0
2025-07-24T15:00,33.8,61,10.6,36.849999999999994
2025-07-24T16:00,33.6,62,9.8,36.7
2025-07-24T17:00,33.1,68,7.1,36.5
2025-07-24T18:00,31.7,77,4.4,35.55
2025-07-24T19:00,30.2,80,5.2,34.2
2025-07-24T20:00,29.6,80,5.6,33.6
2025-07-24T21:00,29.5,78,8.3,33.4
2025-07-24T22:00,29.2,78,10.3,33.1
2025-07-24T23:00,28.3,80,7.1,32.3
2025-07-25T00:00,27.7,83,6.4,31.85
2025-07-25T01:00,27.3,84,7.4,31.5
2025-07-25T02:00,27.0,86,7.5,31.3
2025-07-25T03:00,26.7,87,7.0,31.05
2025-07-25T04:00,26.4,89,6.9,30.849999999999998
2025-07-25T05:00,26.2,90,6.2,30.7
2025-07-25T06:00,28.3,86,7.7,32.6
2025-07-25T07:00,28.9,86,6.2,33.199999999999996
2025-07-25T08:00,30.4,82,8.3,34.5
2025-07-25T09:00,32.0,75,9.3,35.75
2025-07-25T10:00,33.3,65,11.2,36.55
2025-07-25T11:00,33.9,60,14.0,36.9
2025-07-25T12:00,34.3,59,13.6,37.25
2025-07-25T13:00,34.3,59,13.9,37.25
2025-07-25T14:00,34.2,60,12.5,37.2
2025-07-25T15:00,34.0,62,11.8,37.1
2025-07-25T16:00,33.8,63,11.5,36.949999999999996
2025-07-25T17:00,33.2,69,7.3,36.650000000000006
2025-07-25T18:00,32.6,77,3.8,36.45
2025-07-25T19:00,31.8,76,1.1,35.6
2025-07-25T20:00,31.0,80,1.0,35.0
2025-07-25T21:00,30.1,83,2.7,34.25
2025-07-25T22:00,29.8,84,1.7,34.0
2025-07-25T23:00,29.7,81,13.2,33.75
2025-07-26T00:00,28.3,82,10.4,32.4
2025-07-26T01:00,27.7,85,7.2,31.95
2025-07-26T02:00,27.2,88,8.5,31.6
2025-07-26T03:00,26.8,91,5.8,31.35
2025-07-26T04:00,26.6,93,2.3,31.25
2025-07-26T05:00,26.3,94,3.4,31.0
2025-07-26T06:00,27.3,95,6.5,32.05
2025-07-26T07:00,27.6,93,6.9,32.25
2025-07-26T08:00,28.6,86,6.5,32.9
2025-07-26T09:00,30.2,79,5.6,34.15
2025-07-26T10:00,31.3,74,3.4,35.0
2025-07-26T11:00,32.6,68,2.0,36.0
2025-07-26T12:00,33.4,66,1.8,36.699999999999996
2025-07-26T13:00,33.8,66,2.1,37.099999999999994
2025-07-26T14:00,34.1,63,1.7,37.25
2025-07-26T15:00,34.2,62,1.9,37.300000000000004
2025-07-26T16:00,34.0,64,3.2,37.2
2025-07-26T17:00,33.3,67,4.9,36.65
2025-07-26T18:00,31.9,79,2.7,35.85
2025-07-26T19:00,30.7,79,5.2,34.65
2025-07-26T20:00,30.3,80,5.3,34.3
2025-07-26T21:00,29.9,83,6.2,34.05
2025-07-26T22:00,29.3,85,6.2,33.55
2025-07-26T23:00,28.7,89,3.8,33.15
2025-07-27T00:00,28.3,91,2.6,32.85
2025-07-27T01:00,28.0,91,5.6,32.55
2025-07-27T02:00,27.9,90,5.9,32.4
2025-07-27T03:00,27.7,91,3.6,32.25
2025-07-27T04:00,27.6,91,4.2,32.15
2025-07-27T05:00,27.7,88,5.9,32.1
2025-07-27T06:00,28.5,92,4.6,33.1
2025-07-27T07:00,29.3,88,4.0,33.7
2025-07-27T08:00,30.2,83,6.3,34.35
2025-07-27T09:00,31.2,73,11.4,34.85
2025-07-27T10:00,32.0,72,10.6,35.6
2025-07-27T11:00,32.8,69,9.2,36.25
2025-07-27T12:00,33.5,64,10.0,36.7
2025-07-27T13:00,33.7,62,9.1,36.800000000000004
2025-07-27T14:00,33.7,63,7.6,36.85
2025-07-27T15:00,33.7,64,6.3,36.900000000000006
2025-07-27T16:00,33.5,64,6.2,36.7
2025-07-27T17:00,33.1,67,6.0,36.45
2025-07-27T18:00,31.4,77,4.6,35.25
2025-07-27T19:00,30.2,79,6.0,34.15
2025-07-27T20:00,29.8,79,6.0,33.75
2025-07-27T21:00,29.5,80,5.4,33.5
2025-07-27T22:00,29.1,82,6.0,33.2
2025-07-27T23:00,28.7,83,6.7,32.85
2025-07-28T00:00,28.2,86,5.7,32.5
2025-07-28T01:00,28.1,88,5.2,32.5
2025-07-28T02:00,27.9,89,5.0,32.35
2025-07-28T03:00,27.6,92,3.4,32.2
2025-07-28T04:00,27.5,92,3.6,32.1
2025-07-28T05:00,27.1,94,4.2,31.8
2025-07-28T06:00,28.4,88,5.0,32.8
2025-07-28T07:00,29.5,86,4.2,33.8
2025-07-28T08:00,30.7,77,6.4,34.55
2025-07-28T09:00,31.7,72,5.3,35.3
2025-07-28T10:00,32.4,68,3.9,35.8
2025-07-28T11:00,33.0,65,3.9,36.25
2025-07-28T12:00,33.3,64,3.8,36.5
2025-07-28T13:00,33.5,63,3.4,36.65
2025-07-28T14:00,33.6,63,0.7,36.75
2025-07-28T15:00,33.7,62,1.8,36.800000000000004
2025-07-28T16:00,33.2,66,6.3,36.5
2025-07-28T17:00,31.7,76,8.9,35.5
2025-07-28T18:00,31.0,78,7.8,34.9
2025-07-28T19:00,29.8,83,9.1,33.95
2025-07-28T20:00,29.4,84,10.0,33.6
2025-07-28T21:00,28.9,84,7.5,33.1
2025-07-28T22:00,28.5,86,8.0,32.8
2025-07-28T23:00,28.3,88,7.5,32.7
2025-07-29T00:00,27.9,91,6.3,32.449999999999996
2025-07-29T01:00,27.6,92,6.3,32.2
2025-07-29T02:00,27.3,93,6.4,31.950000000000003
2025-07-29T03:00,26.9,94,4.2,31.599999999999998
2025-07-29T04:00,26.7,96,9.2,31.5
2025-07-29T05:00,26.6,95,6.2,31.35
2025-07-29T06:00,26.9,94,5.7,31.599999999999998
2025-07-29T07:00,27.4,93,7.8,32.05
2025-07-29T08:00,28.0,93,6.7,32.65
2025-07-29T09:00,29.5,84,9.1,33.7
2025-07-29T10:00,30.8,77,8.5,34.65
2025-07-29T11:00,29.7,82,9.4,33.8
2025-07-29T12:00,28.8,88,4.9,33.2
2025-07-29T13:00,30.3,83,4.0,34.45
2025-07-29T14:00,30.5,84,5.9,34.7
2025-07-29T15:00,28.5,89,8.3,32.95
2025-07-29T16:00,29.5,85,5.9,33.75
2025-07-29T17:00,29.8,84,5.0,34.0
2025-07-29T18:00,29.5,79,8.7,33.45
2025-07-29T19:00,28.8,81,8.5,32.85
2025-07-29T20:00,28.3,84,8.8,32.5
2025-07-29T21:00,27.9,85,6.8,32.15
2025-07-29T22:00,27.6,87,8.0,31.950000000000003
2025-07-29T23:00,27.4,88,9.4,31.799999999999997
2025-07-30T00:00,27.1,89,9.6,31.55
2025-07-30T01:00,26.8,91,9.5,31.35
2025-07-30T02:00,26.6,91,9.6,31.150000000000002
2025-07-30T03:00,26.4,92,10.4,31.0
2025-07-30T04:00,26.3,92,9.6,30.900000000000002
2025-07-30T05:00,26.2,93,8.5,30.85
2025-07-30T06:00,26.5,95,7.1,31.25
2025-07-30T07:00,27.3,92,9.3,31.900000000000002
2025-07-30T08:00,28.0,89,10.0,32.45
2025-07-30T09:00,29.2,85,10.1,33.45
2025-07-30T10:00,30.1,81,11.9,34.15
2025-07-30T11:00,31.3,74,12.9,35.0
2025-07-30T12:00,31.5,71,12.2,35.05
2025-07-30T13:00,28.6,83,14.4,32.75
2025-07-30T14:00,29.1,84,9.8,33.300000000000004
2025-07-30T15:00,30.6,78,8.0,34.5
2025-07-30T16:00,31.1,74,6.5,34.800000000000004
2025-07-30T17:00,30.4,76,9.4,34.199999999999996
2025-07-30T18:00,28.2,87,13.8,32.55
2025-07-30T19:00,27.0,94,10.2,31.7
2025-07-30T20:00,26.7,96,8.2,31.5
2025-07-30T21:00,26.6,96,10.2,31.400000000000002
2025-07-30T22:00,26.5,96,10.8,31.3
2025-07-30T23:00,26.0,97,14.9,30.85
2025-07-31T00:00,25.7,97,10.8,30.55
2025-07-31T01:00,25.9,95,9.4,30.65
2025-07-31T02:00,25.9,97,12.2,30.75
2025-07-31T03:00,25.9,97,10.6,30.75
2025-07-31T04:00,25.7,97,10.9,30.55
2025-07-31T05:00,25.6,97,6.1,30.450000000000003
2025-07-31T06:00,25.7,95,9.7,30.45
2025-07-31T07:00,26.6,93,10.6,31.25
2025-07-31T08:00,27.2,90,10.4,31.7
2025-07-31T09:00,28.1,87,10.1,32.45
2025-07-31T10:00,29.4,83,11.8,33.55
2025-07-31T11:00,29.9,81,10.4,33.949999999999996
2025-07-31T12:00,27.7,87,11.3,32.05
2025-07-31T13:00,28.6,88,4.4,33.0
2025-07-31T14:00,30.1,84,6.0,34.300000000000004
2025-07-31T15:00,30.8,83,4.8,34.95
2025-07-31T16:00,30.4,84,3.4,34.6
2025-07-31T17:00,26.6,93,4.2,31.25
2025-07-31T18:00,27.9,90,2.7,32.4
2025-07-31T19:00,27.5,94,3.6,32.2
2025-07-31T20:00,27.2,96,1.8,32.0
2025-07-31T21:00,27.1,96,1.9,31.900000000000002
2025-07-31T22:00,26.8,96,4.5,31.6
2025-07-31T23:00,26.7,95,6.1,31.45
2025-08-01T00:00,25.9,97,9.1,30.75
2025-08-01T01:00,25.2,97,8.5,30.05
2025-08-01T02:00,25.2,97,6.8,30.05
2025-08-01T03:00,25.1,98,6.2,30.0
2025-08-01T04:00,25.0,98,5.6,29.9
2025-08-01T05:00,24.9,98,5.2,29.799999999999997
2025-08-01T06:00,25.9,94,2.8,30.599999999999998
2025-08-01T07:00,26.8,92,7.8,31.400000000000002
2025-08-01T08:00,28.0,86,5.5,32.3
2025-08-01T09:00,28.8,83,2.8,32.95
2025-08-01T10:00,29.6,81,2.0,33.65
2025-08-01T11:00,30.6,78,3.0,34.5
2025-08-01T12:00,31.3,75,5.6,35.05
2025-08-01T13:00,31.6,72,6.5,35.2
2025-08-01T14:00,31.4,74,5.0,35.1
2025-08-01T15:00,31.3,75,4.1,35.05
2025-08-01T16:00,28.3,88,10.3,32.7
2025-08-01T17:00,28.1,89,4.3,32.550000000000004
2025-08-01T18:00,28.1,89,0.9,32.550000000000004
2025-08-01T19:00,27.6,93,1.5,32.25
2025-08-01T20:00,27.4,94,0.6,32.1
2025-08-01T21:00,27.1,96,2.7,31.900000000000002
2025-08-01T22:00,26.8,97,3.5,31.650000000000002
2025-08-01T23:00,26.8,97,4.3,31.650000000000002
2025-08-02T00:00,26.7,96,4.1,31.5
2025-08-02T01:00,26.6,95,4.5,31.35
2025-08-02T02:00,26.4,95,4.6,31.15
2025-08-02T03:00,26.3,92,5.9,30.900000000000002
2025-08-02T04:00,26.2,91,5.3,30.75
2025-08-02T05:00,25.9,92,4.7,30.5
2025-08-02T06:00,27.3,89,6.5,31.75
2025-08-02T07:00,28.2,86,5.9,32.5
2025-08-02T08:00,29.1,79,5.8,33.050000000000004
2025-08-02T09:00,29.7,75,9.3,33.45
2025-08-02T10:00,30.6,71,11.2,34.15
2025-08-02T11:00,31.4,68,10.5,34.8
2025-08-02T12:00,32.2,66,10.4,35.5
2025-08-02T13:00,32.6,64,11.3,35.800000000000004
2025-08-02T14:00,32.8,63,11.7,35.949999999999996
2025-08-02T15:00,32.9,63,11.1,36.05
2025-08-02T16:00,32.3,65,11.7,35.55
2025-08-02T17:00,31.1,74,8.9,34.800000000000004
2025-08-02T18:00,30.1,79,5.7,34.050000000000004
2025-08-02T19:00,29.3,82,5.1,33.4
2025-08-02T20:00,28.8,85,4.3,33.05
2025-08-02T21:00,28.8,81,6.3,32.85
2025-08-02T22:00,28.4,80,6.1,32.4
2025-08-02T23:00,28.3,81,4.7,32.35
2025-08-03T00:00,28.1,83,5.5,32.25
2025-08-03T01:00,28.0,84,6.0,32.2
2025-08-03T02:00,27.7,85,7.2,31.95
2025-08-03T03:00,27.3,86,5.9,31.6
2025-08-03T04:00,27.3,84,8.9,31.5
2025-08-03T05:00,27.0,85,8.4,31.25
2025-08-03T06:00,26.8,94,7.9,31.5
2025-08-03T07:00,27.5,92,1.5,32.1
2025-08-03T08:00,28.7,86,4.1,33.0
2025-08-03T09:00,30.0,76,10.5,33.8
2025-08-03T10:00,31.1,70,12.7,34.6
2025-08-03T11:00,32.0,69,13.2,35.45
2025-08-03T12:00,32.4,68,11.8,35.8
2025-08-03T13:00,32.7,68,9.4,36.1
2025-08-03T14:00,32.8,68,9.5,36.199999999999996
2025-08-03T15:00,32.8,68,9.0,36.199999999999996
2025-08-03T16:00,32.2,70,9.2,35.7
2025-08-03T17:00,31.3,76,8.7,35.1
2025-08-03T18:00,29.0,88,5.1,33.4
2025-08-03T19:00,28.0,93,3.5,32.65
2025-08-03T20:00,27.3,95,5.8,32.05
2025-08-03T21:00,26.8,95,6.2,31.55
2025-08-03T22:00,26.8,95,5.1,31.55
2025-08-03T23:00,26.7,93,9.3,31.35
2025-08-04T00:00,26.6,90,8.7,31.1
2025-08-04T01:00,25.2,95,7.4,29.95
2025-08-04T02:00,25.2,96,9.4,30.0
2025-08-04T03:00,25.3,96,5.9,30.1
2025-08-04T04:00,25.1,96,3.1,29.900000000000002
2025-08-04T05:00,25.3,97,5.6,30.150000000000002
2025-08-04T06:00,28.0,82,11.5,32.1
2025-08-04T07:00,28.1,79,12.3,32.050000000000004
2025-08-04T08:00,28.6,78,10.2,32.5
2025-08-04T09:00,29.3,77,8.9,33.15
2025-08-04T10:00,29.7,75,9.8,33.45
2025-08-04T11:00,29.7,75,8.3,33.45
2025-08-04T12:00,30.1,74,10.3,33.800000000000004
2025-08-04T13:00,30.7,74,9.1,34.4
2025-08-04T14:00,31.0,74,9.8,34.7
2025-08-04T15:00,30.6,76,9.8,34.4
2025-08-04T16:00,30.9,76,7.6,34.699999999999996
2025-08-04T17:00,30.8,78,4.5,34.7
2025-08-04T18:00,27.3,87,6.5,31.650000000000002
2025-08-04T19:00,27.2,87,5.2,31.55
2025-08-04T20:00,27.4,87,6.2,31.75
2025-08-04T21:00,27.4,88,7.2,31.799999999999997
2025-08-04T22:00,27.5,88,6.4,31.9
2025-08-04T23:00,27.5,89,7.0,31.95
2025-08-05T00:00,27.4,91,6.2,31.95
2025-08-05T01:00,26.9,93,6.8,31.549999999999997
2025-08-05T02:00,26.5,93,8.2,31.15
2025-08-05T03:00,26.7,90,6.9,31.2
2025-08-05T04:00,26.8,90,6.1,31.3
2025-08-05T05:00,25.9,94,8.3,30.599999999999998
2025-08-05T06:00,27.8,81,10.8,31.85
2025-08-05T07:00,28.0,80,9.9,32.0
2025-08-05T08:00,27.9,80,9.7,31.9
2025-08-05T09:00,28.3,79,2.4,32.25
2025-08-05T10:00,28.7,81,3.6,32.75
2025-08-05T11:00,29.0,77,14.2,32.85
2025-08-05T12:00,28.4,81,12.5,32.449999999999996
2025-08-05T13:00,28.1,83,11.3,32.25
2025-08-05T14:00,28.0,86,5.4,32.3
2025-08-05T15:00,28.2,85,6.2,32.45
2025-08-05T16:00,28.6,84,6.9,32.800000000000004
2025-08-05T17:00,28.6,85,4.3,32.85
2025-08-05T18:00,27.7,89,6.1,32.15
2025-08-05T19:00,27.3,90,7.1,31.8
2025-08-05T20:00,27.2,88,7.7,31.6
2025-08-05T21:00,27.2,87,8.2,31.55
2025-08-05T22:00,27.0,88,7.6,31.4
2025-08-05T23:00,26.9,88,7.4,31.299999999999997
2025-08-06T00:00,26.7,90,7.1,31.2
2025-08-06T01:00,26.6,90,9.4,31.1
2025-08-06T02:00,26.4,90,8.7,30.9
2025-08-06T03:00,26.0,93,5.6,30.65
2025-08-06T04:00,25.7,94,1.7,30.4
2025-08-06T05:00,25.5,96,2.7,30.3
2025-08-06T06:00,27.3,83,11.8,31.450000000000003
2025-08-06T07:00,27.0,85,10.5,31.25
2025-08-06T08:00,27.4,85,6.7,31.65
2025-08-06T09:00,27.8,85,4.0,32.05
2025-08-06T10:00,28.8,79,4.4,32.75
2025-08-06T11:00,30.4,74,4.9,34.1
2025-08-06T12:00,31.4,72,4.4,35.0
2025-08-06T13:00,31.7,71,5.2,35.25
2025-08-06T14:00,32.0,71,5.5,35.55
2025-08-06T15:00,32.3,68,4.7,35.699999999999996
2025-08-06T16:00,31.9,69,7.0,35.35
2025-08-06T17:00,30.9,74,5.5,34.6
2025-08-06T18:00,28.5,84,4.3,32.7
2025-08-06T19:00,27.6,86,5.9,31.900000000000002
2025-08-06T20:00,27.1,88,4.5,31.5
2025-08-06T21:00,26.7,89,4.2,31.15
2025-08-06T22:00,26.6,90,3.7,31.1
2025-08-06T23:00,26.5,90,4.2,31.0
2025-08-07T00:00,26.5,91,2.7,31.05
2025-08-07T01:00,26.5,91,1.0,31.05
2025-08-07T02:00,26.1,93,2.5,30.75
2025-08-07T03:00,26.0,93,4.6,30.65
2025-08-07T04:00,26.1,91,6.9,30.650000000000002
2025-08-07T05:00,26.3,86,9.5,30.6
2025-08-07T06:00,27.6,82,11.5,31.700000000000003
2025-08-07T07:00,28.2,81,9.9,32.25
2025-08-07T08:00,29.2,77,11.0,33.05
2025-08-07T09:00,30.3,73,12.0,33.95
2025-08-07T10:00,31.6,69,12.6,35.050000000000004
2025-08-07T11:00,32.8,61,14.3,35.849999999999994
2025-08-07T12:00,33.2,59,14.5,36.150000000000006
2025-08-07T13:00,33.4,60,13.8,36.4
2025-08-07T14:00,33.7,59,14.1,36.650000000000006
2025-08-07T15:00,33.5,60,15.6,36.5
2025-08-07T16:00,33.0,63,14.1,36.15
2025-08-07T17:00,32.2,68,10.5,35.6
2025-08-07T18:00,30.5,70,10.0,34.0
2025-08-07T19:00,29.9,71,8.9,33.449999999999996
2025-08-07T20:00,29.0,76,6.5,32.8
2025-08-07T21:00,28.6,79,6.4,32.550000000000004
2025-08-07T22:00,28.4,79,6.9,32.35
2025-08-07T23:00,28.3,78,7.8,32.2
2025-08-08T00:00,27.7,81,6.3,31.75
2025-08-08T01:00,27.7,80,7.4,31.7
2025-08-08T02:00,27.6,79,7.3,31.55
2025-08-08T03:00,27.6,77,8.8,31.450000000000003
2025-08-08T04:00,27.2,77,9.8,31.05
2025-08-08T05:00,26.9,76,8.8,30.7
2025-08-08T06:00,28.4,71,13.0,31.95
2025-08-08T07:00,28.6,73,13.2,32.25
2025-08-08T08:00,29.4,73,11.4,33.05
2025-08-08T09:00,30.4,70,12.9,33.9
2025-08-08T10:00,31.6,66,13.1,34.9
2025-08-08T11:00,32.5,64,12.8,35.7
2025-08-08T12:00,32.4,64,11.5,35.6
2025-08-08T13:00,32.5,64,9.5,35.7
2025-08-08T14:00,32.7,63,8.3,35.85
2025-08-08T15:00,32.7,63,7.8,35.85
2025-08-08T16:00,32.4,67,6.8,35.75
2025-08-08T17:00,31.7,75,4.1,35.45
2025-08-08T18:00,30.6,77,5.4,34.45
2025-08-08T19:00,29.3,80,5.5,33.3
2025-08-08T20:00,28.9,83,4.7,33.05
2025-08-08T21:00,28.6,84,9.6,32.800000000000004
2025-08-08T22:00,27.6,90,8.5,32.1
2025-08-08T23:00,27.3,91,8.0,31.85
2025-08-09T00:00,27.2,92,5.6,31.8
2025-08-09T01:00,27.2,92,5.2,31.8
2025-08-09T02:00,27.1,91,5.2,31.650000000000002
2025-08-09T03:00,27.0,91,5.3,31.55
2025-08-09T04:00,26.9,91,7.1,31.45
2025-08-09T05:00,26.7,92,7.3,31.3
2025-08-09T06:00,27.1,90,2.0,31.6
2025-08-09T07:00,26.8,93,8.1,31.450000000000003
2025-08-09T08:00,26.5,95,3.5,31.25
2025-08-09T09:00,26.6,94,3.4,31.3
2025-08-09T10:00,27.4,86,5.6,31.7
2025-08-09T11:00,28.5,80,7.1,32.5
2025-08-09T12:00,29.2,77,5.6,33.05
2025-08-09T13:00,29.8,74,3.6,33.5
2025-08-09T14:00,30.0,73,3.3,33.65
2025-08-09T15:00,28.4,84,3.7,32.6
2025-08-09T16:00,28.4,87,2.0,32.75
2025-08-09T17:00,28.4,87,1.0,32.75
2025-08-09T18:00,27.6,87,6.7,31.950000000000003
2025-08-09T19:00,26.7,91,4.3,31.25
2025-08-09T20:00,26.4,91,6.0,30.95
2025-08-09T21:00,26.3,91,5.8,30.85
2025-08-09T22:00,26.1,93,3.2,30.75
2025-08-09T23:00,25.9,93,2.4,30.549999999999997
2025-08-10T00:00,25.9,93,1.3,30.549999999999997
2025-08-10T01:00,25.9,94,2.0,30.599999999999998
2025-08-10T02:00,25.7,94,3.9,30.4
2025-08-10T03:00,25.3,97,3.2,30.150000000000002
2025-08-10T04:00,25.2,98,2.9,30.1
2025-08-10T05:00,25.2,97,3.6,30.05
2025-08-10T06:00,25.2,97,2.5,30.05
2025-08-10T07:00,26.4,94,7.1,31.099999999999998
2025-08-10T08:00,27.0,89,5.2,31.45
2025-08-10T09:00,28.2,84,3.5,32.4
2025-08-10T10:00,29.4,80,2.6,33.4
2025-08-10T11:00,30.6,75,2.8,34.35
2025-08-10T12:00,31.4,73,4.0,35.05
2025-08-10T13:00,32.0,71,3.4,35.55
2025-08-10T14:00,32.3,70,4.9,35.8
2025-08-10T15:00,31.9,72,6.4,35.5
2025-08-10T16:00,31.8,73,6.9,35.45
2025-08-10T17:00,30.7,77,6.8,34.55
2025-08-10T18:00,30.5,82,4.0,34.6
2025-08-10T19:00,29.7,84,2.0,33.9
2025-08-10T20:00,29.2,86,1.2,33.5
2025-08-10T21:00,28.7,88,1.8,33.1
2025-08-10T22:00,28.2,90,2.5,32.7
2025-08-10T23:00,27.7,92,4.4,32.3
2025-08-11T00:00,27.5,92,5.6,32.1
2025-08-11T01:00,27.0,94,3.9,31.7
2025-08-11T02:00,26.9,94,4.5,31.599999999999998
2025-08-11T03:00,26.6,95,2.1,31.35
2025-08-11T04:00,26.4,97,2.8,31.25
2025-08-11T05:00,26.3,96,3.9,31.1
2025-08-11T06:00,28.1,85,6.6,32.35
2025-08-11T07:00,28.9,80,9.4,32.9
2025-08-11T08:00,30.0,76,8.4,33.8
2025-08-11T09:00,30.8,73,10.4,34.45
2025-08-11T10:00,31.5,71,11.1,35.05
2025-08-11T11:00,32.1,69,10.7,35.550000000000004
2025-08-11T12:00,32.7,67,10.9,36.050000000000004
2025-08-11T13:00,32.8,67,10.5,36.15
2025-08-11T14:00,31.7,70,10.6,35.2
2025-08-11T15:00,31.6,72,8.6,35.2
2025-08-11T16:00,31.2,74,4.3,34.9
2025-08-11T17:00,30.8,79,3.8,34.75
2025-08-11T18:00,30.3,81,4.1,34.35
2025-08-11T19:00,29.4,84,4.0,33.6
2025-08-11T20:00,28.7,89,2.4,33.15
2025-08-11T21:00,27.8,92,3.4,32.4
2025-08-11T22:00,27.7,92,6.6,32.3
2025-08-11T23:00,27.4,92,6.5,32.0
2025-08-12T00:00,27.3,92,6.3,31.900000000000002
2025-08-12T01:00,27.1,94,5.6,31.8
2025-08-12T02:00,27.0,94,4.3,31.7
2025-08-12T03:00,26.8,94,1.3,31.5
2025-08-12T04:00,26.3,98,3.8,31.200000000000003
2025-08-12T05:00,26.4,97,1.6,31.25
2025-08-12T06:00,27.1,92,5.5,31.700000000000003
2025-08-12T07:00,27.7,89,3.8,32.15
2025-08-12T08:00,28.2,85,4.9,32.45
2025-08-12T09:00,28.6,80,4.9,32.6
2025-08-12T10:00,29.2,77,5.3,33.05
2025-08-12T11:00,29.3,78,6.3,33.2
2025-08-12T12:00,31.0,72,8.2,34.6
2025-08-12T13:00,32.0,68,7.6,35.4
2025-08-12T14:00,32.6,66,9.1,35.9
2025-08-12T15:00,32.5,66,10.3,35.8
2025-08-12T16:00,32.2,66,11.6,35.5
2025-08-12T17:00,31.6,71,9.9,35.15
2025-08-12T18:00,30.3,79,4.2,34.25
2025-08-12T19:00,29.4,82,4.2,33.5
2025-08-12T20:00,29.1,82,4.8,33.2
2025-08-12T21:00,28.7,83,5.1,32.85
2025-08-12T22:00,28.3,85,4.5,32.55
2025-08-12T23:00,28.0,87,4.8,32.35
2025-08-13T00:00,27.7,89,3.7,32.15
2025-08-13T01:00,27.4,90,4.2,31.9
2025-08-13T02:00,27.1,91,3.9,31.650000000000002
2025-08-13T03:00,26.8,92,4.6,31.400000000000002
2025-08-13T04:00,26.6,92,4.7,31.200000000000003
2025-08-13T05:00,26.5,91,5.9,31.05
2025-08-13T06:00,28.3,88,6.7,32.7
2025-08-13T07:00,28.8,88,7.5,33.2
2025-08-13T08:00,29.9,80,9.6,33.9
2025-08-13T09:00,30.8,73,10.8,34.45
2025-08-13T10:00,31.5,70,10.6,35.0
2025-08-13T11:00,32.0,68,10.0,35.4
2025-08-13T12:00,32.4,66,10.2,35.699999999999996
2025-08-13T13:00,33.0,65,9.0,36.25
2025-08-13T14:00,33.5,62,10.0,36.6
2025-08-13T15:00,33.1,63,10.3,36.25
2025-08-13T16:00,32.5,67,8.3,35.85
2025-08-13T17:00,32.2,71,4.8,35.75
2025-08-13T18:00,31.3,79,3.9,35.25
2025-08-13T19:00,30.1,79,4.9,34.050000000000004
2025-08-13T20:00,30.0,79,1.3,33.95
2025-08-13T21:00,30.1,80,1.3,34.1
2025-08-13T22:00,29.6,79,0.3,33.550000000000004
2025-08-13T23:00,28.8,83,2.0,32.95
2025-08-14T00:00,28.1,87,5.4,32.45
2025-08-14T01:00,28.0,88,7.0,32.4
2025-08-14T02:00,27.7,90,7.6,32.2
2025-08-14T03:00,27.5,91,8.1,32.05
2025-08-14T04:00,27.1,92,8.6,31.700000000000003
2025-08-14T05:00,26.7,95,7.9,31.45
2025-08-14T06:00,26.9,95,5.9,31.65
2025-08-14T07:00,27.0,96,5.6,31.8
2025-08-14T08:00,27.5,93,5.9,32.15
2025-08-14T09:00,27.4,92,9.8,32.0
2025-08-14T10:00,27.8,89,10.4,32.25
2025-08-14T11:00,28.3,83,9.4,32.45
2025-08-14T12:00,28.6,80,9.3,32.6
2025-08-14T13:00,28.0,82,9.9,32.1
2025-08-14T14:00,27.1,92,8.0,31.700000000000003
2025-08-14T15:00,27.7,89,4.3,32.15
2025-08-14T16:00,28.3,85,4.7,32.55
2025-08-14T17:00,28.3,85,6.3,32.55
2025-08-14T18:00,27.3,90,6.1,31.8
2025-08-14T19:00,26.6,95,4.0,31.35
2025-08-14T20:00,26.4,96,5.6,31.2
2025-08-14T21:00,26.1,97,4.3,30.950000000000003
2025-08-14T22:00,25.9,97,4.1,30.75
2025-08-14T23:00,25.8,97,4.1,30.650000000000002
2025-08-15T00:00,25.8,97,4.8,30.650000000000002
2025-08-15T01:00,25.6,97,4.3,30.450000000000003
2025-08-15T02:00,25.4,97,4.8,30.25
2025-08-15T03:00,25.3,98,7.2,30.200000000000003
2025-08-15T04:00,25.2,98,6.7,30.1
2025-08-15T05:00,25.0,98,5.0,29.9
2025-08-15T06:00,26.2,94,7.3,30.9
2025-08-15T07:00,26.8,93,3.9,31.450000000000003
2025-08-15T08:00,28.1,87,1.9,32.45
2025-08-15T09:00,29.1,84,4.2,33.300000000000004
2025-08-15T10:00,29.9,83,2.9,34.05
2025-08-15T11:00,30.6,80,3.3,34.6
2025-08-15T12:00,31.2,78,4.7,35.1
2025-08-15T13:00,31.4,76,2.7,35.199999999999996
2025-08-15T14:00,29.3,82,10.0,33.4
2025-08-15T15:00,29.5,84,3.2,33.7
2025-08-15T16:00,30.0,83,0.9,34.15
2025-08-15T17:00,30.0,83,2.0,34.15
2025-08-15T18:00,29.9,80,2.4,33.9
2025-08-15T19:00,28.4,86,3.6,32.699999999999996
2025-08-15T20:00,27.6,89,4.3,32.050000000000004
2025-08-15T21:00,27.3,89,5.1,31.75
2025-08-15T22:00,27.0,90,4.9,31.5
2025-08-15T23:00,26.7,93,5.1,31.35
2025-08-16T00:00,26.5,97,5.0,31.35
2025-08-16T01:00,26.4,98,5.8,31.299999999999997
2025-08-16T02:00,26.3,99,4.5,31.25
2025-08-16T03:00,26.3,99,4.7,31.25
2025-08-16T04:00,26.1,99,4.2,31.05
2025-08-16T05:00,25.9,99,4.3,30.849999999999998
2025-08-16T06:00,27.3,97,6.0,32.15
2025-08-16T07:00,28.5,92,5.6,33.1
2025-08-16T08:00,29.5,86,6.7,33.8
2025-08-16T09:00,29.7,77,8.5,33.55
2025-08-16T10:00,29.7,82,6.2,33.8
2025-08-16T11:00,28.3,85,7.7,32.55
2025-08-16T12:00,28.8,84,4.1,33.0
2025-08-16T13:00,29.5,82,2.2,33.6
2025-08-16T14:00,30.4,78,3.7,34.3
2025-08-16T15:00,30.8,75,0.2,34.55
2025-08-16T16:00,30.8,75,3.6,34.55
2025-08-16T17:00,30.5,77,5.2,34.35
2025-08-16T18:00,28.2,92,7.1,32.8
2025-08-16T19:00,27.7,93,6.4,32.35
2025-08-16T20:00,27.6,93,5.5,32.25
2025-08-16T21:00,27.5,94,5.7,32.2
2025-08-16T22:00,27.5,93,6.7,32.15
2025-08-16T23:00,27.4,92,7.0,32.0
2025-08-17T00:00,27.3,92,7.0,31.900000000000002
2025-08-17T01:00,27.2,93,6.7,31.85
2025-08-17T02:00,27.2,93,6.5,31.85
2025-08-17T03:00,27.1,94,6.6,31.8
2025-08-17T04:00,27.1,94,6.2,31.8
2025-08-17T05:00,27.2,94,8.1,31.9
2025-08-17T06:00,26.6,91,10.1,31.150000000000002
2025-08-17T07:00,26.7,95,6.7,31.45
2025-08-17T08:00,27.7,93,7.2,32.35
2025-08-17T09:00,29.7,87,6.9,34.05
2025-08-17T10:00,30.9,82,8.8,35.0
2025-08-17T11:00,27.6,88,13.5,32.0
2025-08-17T12:00,27.2,92,7.3,31.8
2025-08-17T13:00,29.8,85,5.3,34.05
2025-08-17T14:00,31.0,78,4.9,34.9
2025-08-17T15:00,31.6,74,5.4,35.300000000000004
2025-08-17T16:00,32.0,72,6.3,35.6
2025-08-17T17:00,31.4,74,8.6,35.1
2025-08-17T18:00,28.9,89,8.4,33.35
2025-08-17T19:00,28.3,91,8.6,32.85
2025-08-17T20:00,28.0,90,6.6,32.5
2025-08-17T21:00,27.7,90,5.3,32.2
2025-08-17T22:00,27.5,90,6.3,32.0
2025-08-17T23:00,27.4,91,6.9,31.95
2025-08-18T00:00,27.4,92,7.1,32.0
2025-08-18T01:00,27.2,93,6.8,31.85
2025-08-18T02:00,27.2,93,7.7,31.85
2025-08-18T03:00,27.2,93,9.1,31.85
2025-08-18T04:00,27.1,93,8.4,31.75
2025-08-18T05:00,27.1,93,9.6,31.75
2025-08-18T06:00,27.6,89,12.5,32.050000000000004
2025-08-18T07:00,27.7,89,11.2,32.15
2025-08-18T08:00,27.7,88,17.7,32.1
2025-08-18T09:00,27.8,86,15.2,32.1
2025-08-18T10:00,29.3,81,13.4,33.35
2025-08-18T11:00,30.1,77,14.1,33.95
2025-08-18T12:00,30.8,74,13.8,34.5
2025-08-18T13:00,31.1,73,11.1,34.75
2025-08-18T14:00,31.0,75,12.0,34.75
2025-08-18T15:00,31.0,73,11.2,34.65
2025-08-18T16:00,30.7,74,10.7,34.4
2025-08-18T17:00,30.1,77,9.7,33.95
2025-08-18T18:00,29.9,81,7.2,33.949999999999996
2025-08-18T19:00,28.8,86,5.8,33.1
2025-08-18T20:00,28.3,88,6.0,32.7
2025-08-18T21:00,28.1,89,6.9,32.550000000000004
2025-08-18T22:00,27.9,90,7.5,32.4
2025-08-18T23:00,27.6,90,8.5,32.1
2025-08-19T00:00,27.3,89,8.5,31.75
2025-08-19T01:00,27.1,89,8.7,31.55
2025-08-19T02:00,27.2,88,8.3,31.6
2025-08-19T03:00,27.0,89,6.9,31.45
2025-08-19T04:00,26.8,90,6.5,31.3
2025-08-19T05:00,26.3,93,6.7,30.950000000000003
2025-08-19T06:00,27.8,92,7.7,32.4
2025-08-19T07:00,28.9,89,8.2,33.35
2025-08-19T08:00,29.9,84,9.6,34.1
2025-08-19T09:00,31.0,78,10.2,34.9
2025-08-19T10:00,31.6,74,10.2,35.300000000000004
2025-08-19T11:00,31.8,73,11.3,35.45
2025-08-19T12:00,31.1,76,6.3,34.9
2025-08-19T13:00,30.6,74,9.7,34.300000000000004
2025-08-19T14:00,31.2,74,1.8,34.9
2025-08-19T15:00,31.8,69,3.4,35.25
2025-08-19T16:00,31.9,68,5.6,35.3
2025-08-19T17:00,31.3,72,6.5,34.9
2025-08-19T18:00,29.2,85,8.8,33.45
2025-08-19T19:00,28.5,88,9.0,32.9
2025-08-19T20:00,28.3,88,9.0,32.7
2025-08-19T21:00,28.2,89,8.3,32.65
2025-08-19T22:00,28.0,89,9.0,32.45
2025-08-19T23:00,27.8,88,9.6,32.2
2025-08-20T00:00,27.5,88,9.0,31.9
2025-08-20T01:00,27.2,88,9.2,31.6
2025-08-20T02:00,27.0,89,8.2,31.45
2025-08-20T03:00,26.8,90,7.8,31.3
2025-08-20T04:00,26.6,90,7.8,31.1
2025-08-20T05:00,26.3,90,7.2,30.8
2025-08-20T06:00,28.0,89,11.3,32.45
2025-08-20T07:00,27.9,87,13.7,32.25
2025-08-20T08:00,28.5,86,10.4,32.8
2025-08-20T09:00,28.8,83,12.1,32.95
2025-08-20T10:00,29.7,79,9.7,33.65
2025-08-20T11:00,30.3,80,9.7,34.3
2025-08-20T12:00,30.8,81,9.4,34.85
2025-08-20T13:00,31.4,79,8.6,35.35
2025-08-20T14:00,31.4,80,10.5,35.4
2025-08-20T15:00,31.7,73,12.1,35.35
2025-08-20T16:00,31.8,69,12.6,35.25
2025-08-20T17:00,30.7,76,9.1,34.5
2025-08-20T18:00,30.0,81,9.6,34.05
2025-08-20T19:00,29.0,85,8.1,33.25
2025-08-20T20:00,28.7,86,10.0,33.0
2025-08-20T21:00,28.5,85,10.0,32.75
2025-08-20T22:00,28.0,87,8.1,32.35
2025-08-20T23:00,27.7,88,7.9,32.1
2025-08-21T00:00,27.5,89,8.3,31.95
2025-08-21T01:00,27.3,90,8.7,31.8
2025-08-21T02:00,27.2,91,9.9,31.75
2025-08-21T03:00,27.1,92,10.5,31.700000000000003
2025-08-21T04:00,26.7,93,7.1,31.35
2025-08-21T05:00,26.4,93,4.2,31.049999999999997
2025-08-21T06:00,26.2,93,7.9,30.85
2025-08-21T07:00,27.1,92,8.5,31.700000000000003
2025-08-21T08:00,28.6,86,9.0,32.9
2025-08-21T09:00,30.0,77,12.4,33.85
2025-08-21T10:00,30.6,73,15.3,34.25
2025-08-21T11:00,31.3,70,14.5,34.8
2025-08-21T12:00,31.8,67,12.9,35.15
2025-08-21T13:00,32.2,66,10.2,35.5
2025-08-21T14:00,32.5,66,9.0,35.8
2025-08-21T15:00,32.3,68,7.5,35.699999999999996
2025-08-21T16:00,31.8,69,6.8,35.25
2025-08-21T17:00,31.1,72,3.2,34.7
2025-08-21T18:00,30.6,81,1.9,34.65
2025-08-21T19:00,29.6,83,1.5,33.75
2025-08-21T20:00,28.8,87,2.7,33.15
2025-08-21T21:00,28.1,91,3.1,32.65
2025-08-21T22:00,27.6,93,4.0,32.25
2025-08-21T23:00,27.3,93,4.1,31.950000000000003
2025-08-22T00:00,27.3,90,7.6,31.8
2025-08-22T01:00,27.1,89,10.1,31.55
2025-08-22T02:00,26.5,90,6.8,31.0
2025-08-22T03:00,26.1,92,6.7,30.700000000000003
2025-08-22T04:00,25.8,94,6.3,30.5
2025-08-22T05:00,25.5,96,3.7,30.3
2025-08-22T06:00,26.5,90,6.1,31.0
2025-08-22T07:00,27.2,91,0.3,31.75
2025-08-22T08:00,28.7,85,1.0,32.95
2025-08-22T09:00,29.9,79,4.0,33.85
2025-08-22T10:00,30.8,74,6.1,34.5
2025-08-22T11:00,31.5,73,5.7,35.15
2025-08-22T12:00,32.0,71,5.1,35.55
2025-08-22T13:00,31.9,73,3.8,35.55
2025-08-22T14:00,31.9,74,2.1,35.6
2025-08-22T15:00,31.8,75,2.0,35.55
2025-08-22T16:00,31.7,76,3.0,35.5
2025-08-22T17:00,31.1,76,3.4,34.9
2025-08-22T18:00,29.8,84,5.5,34.0
2025-08-22T19:00,28.6,90,4.9,33.1
2025-08-22T20:00,28.2,92,4.3,32.8
2025-08-22T21:00,27.7,93,5.9,32.35
2025-08-22T22:00,27.3,94,7.0,32.0
2025-08-22T23:00,26.9,94,7.2,31.599999999999998
2025-08-23T00:00,26.7,94,6.6,31.4
2025-08-23T01:00,26.4,96,4.2,31.2
2025-08-23T02:00,26.2,97,4.5,31.05
2025-08-23T03:00,26.1,98,1.2,31.0
2025-08-23T04:00,26.1,96,2.0,30.900000000000002
2025-08-23T05:00,25.7,96,4.5,30.5
2025-08-23T06:00,26.3,96,4.0,31.1
2025-08-23T07:00,27.2,93,5.7,31.85
2025-08-23T08:00,28.3,88,6.8,32.7
2025-08-23T09:00,29.2,84,8.7,33.4
2025-08-23T10:00,30.3,79,9.3,34.25
2025-08-23T11:00,30.8,76,7.6,34.6
2025-08-23T12:00,31.2,74,7.1,34.9
2025-08-23T13:00,31.1,75,7.1,34.85
2025-08-23T14:00,29.3,81,12.3,33.35
2025-08-23T15:00,29.0,83,8.6,33.15
2025-08-23T16:00,28.7,84,8.6,32.9
2025-08-23T17:00,28.6,85,2.2,32.85
2025-08-23T18:00,27.0,90,3.3,31.5
2025-08-23T19:00,26.4,95,4.8,31.15
2025-08-23T20:00,26.3,95,8.3,31.05
2025-08-23T21:00,26.1,95,8.6,30.85
2025-08-23T22:00,26.1,96,7.5,30.900000000000002
2025-08-23T23:00,26.1,97,7.8,30.950000000000003
2025-08-24T00:00,25.9,97,5.9,30.75
2025-08-24T01:00,25.6,97,4.1,30.450000000000003
2025-08-24T02:00,25.5,96,5.6,30.3
2025-08-24T03:00,25.6,96,5.6,30.400000000000002
2025-08-24T04:00,25.5,96,5.6,30.3
2025-08-24T05:00,25.7,96,8.6,30.5
2025-08-24T06:00,26.2,90,8.6,30.7
2025-08-24T07:00,27.0,89,8.1,31.45
2025-08-24T08:00,28.3,85,12.2,32.55
2025-08-24T09:00,29.5,80,13.5,33.5
2025-08-24T10:00,30.1,78,12.0,34.0
2025-08-24T11:00,31.0,76,11.5,34.8
2025-08-24T12:00,31.1,75,11.0,34.85
2025-08-24T13:00,28.1,86,12.1,32.4
2025-08-24T14:00,29.1,83,12.5,33.25
2025-08-24T15:00,29.6,82,11.5,33.7
2025-08-24T16:00,29.0,80,14.0,33.0
2025-08-24T17:00,26.6,90,8.3,31.1
2025-08-24T18:00,28.0,88,5.3,32.4
2025-08-24T19:00,27.0,89,4.5,31.45
2025-08-24T20:00,26.7,91,5.0,31.25
2025-08-24T21:00,26.4,93,7.0,31.049999999999997
2025-08-24T22:00,26.6,91,10.7,31.150000000000002
2025-08-24T23:00,25.4,94,11.4,30.099999999999998
2025-08-25T00:00,25.3,95,12.1,30.05
2025-08-25T01:00,25.5,94,12.7,30.2
2025-08-25T02:00,25.4,92,12.7,30.0
2025-08-25T03:00,25.1,93,11.9,29.75
2025-08-25T04:00,25.2,92,14.1,29.8
2025-08-25T05:00,24.9,95,12.1,29.65
2025-08-25T06:00,26.0,93,14.3,30.65
2025-08-25T07:00,26.7,91,16.0,31.25
2025-08-25T08:00,27.4,88,18.7,31.799999999999997
2025-08-25T09:00,28.2,85,18.0,32.45
2025-08-25T10:00,28.1,79,21.1,32.050000000000004
2025-08-25T11:00,29.1,80,18.6,33.1
2025-08-25T12:00,30.7,75,17.8,34.45
2025-08-25T13:00,28.7,83,12.8,32.85
2025-08-25T14:00,29.1,79,14.5,33.050000000000004
2025-08-25T15:00,29.9,77,14.7,33.75
2025-08-25T16:00,27.2,86,13.7,31.5
2025-08-25T17:00,26.9,92,6.5,31.5
2025-08-25T18:00,27.7,84,15.9,31.9
2025-08-25T19:00,27.3,85,13.4,31.55
2025-08-25T20:00,27.0,87,15.9,31.35
2025-08-25T21:00,26.7,88,15.2,31.1
2025-08-25T22:00,26.5,89,16.5,30.95
2025-08-25T23:00,26.3,91,14.7,30.85
2025-08-26T00:00,26.1,93,15.3,30.75
2025-08-26T01:00,25.8,94,19.1,30.5
2025-08-26T02:00,24.6,98,14.8,29.5
2025-08-26T03:00,24.9,98,16.1,29.799999999999997
2025-08-26T04:00,24.9,97,15.9,29.75
2025-08-26T05:00,25.1,96,17.7,29.900000000000002
2025-08-26T06:00,25.6,95,17.4,30.35
2025-08-26T07:00,26.1,93,17.3,30.75
2025-08-26T08:00,26.6,90,20.8,31.1
2025-08-26T09:00,27.6,89,16.5,32.050000000000004
2025-08-26T10:00,29.0,83,18.6,33.15
2025-08-26T11:00,29.3,80,17.9,33.3
2025-08-26T12:00,30.0,78,17.5,33.9
2025-08-26T13:00,29.0,80,17.6,33.0
2025-08-26T14:00,29.1,81,13.8,33.15
2025-08-26T15:00,28.9,84,11.9,33.1
2025-08-26T16:00,28.8,84,8.3,33.0
2025-08-26T17:00,28.8,85,7.1,33.05
2025-08-26T18:00,27.5,89,7.0,31.95
2025-08-26T19:00,26.8,92,6.5,31.400000000000002
2025-08-26T20:00,26.6,93,7.2,31.25
2025-08-26T21:00,26.3,95,7.1,31.05
2025-08-26T22:00,26.2,95,10.1,30.95
2025-08-26T23:00,26.0,95,10.0,30.75
2025-08-27T00:00,25.8,96,9.1,30.6
2025-08-27T01:00,25.6,97,7.8,30.450000000000003
2025-08-27T02:00,25.5,97,7.6,30.35
2025-08-27T03:00,25.4,97,7.5,30.25
2025-08-27T04:00,25.2,98,4.2,30.1
2025-08-27T05:00,25.1,97,6.1,29.950000000000003
2025-08-27T06:00,26.2,98,8.8,31.1
2025-08-27T07:00,27.4,92,8.0,32.0
2025-08-27T08:00,28.3,90,6.2,32.8
2025-08-27T09:00,28.5,80,11.0,32.5
2025-08-27T10:00,29.5,82,8.2,33.6
2025-08-27T11:00,30.8,77,8.9,34.65
2025-08-27T12:00,31.4,76,8.7,35.199999999999996
2025-08-27T13:00,31.9,74,8.1,35.6
2025-08-27T14:00,32.3,72,7.8,35.9
2025-08-27T15:00,32.3,71,6.2,35.849999999999994
2025-08-27T16:00,32.1,70,5.0,35.6
2025-08-27T17:00,31.5,74,4.8,35.2
2025-08-27T18:00,29.2,89,2.7,33.65
2025-08-27T19:00,28.3,93,1.9,32.95
2025-08-27T20:00,27.9,94,1.7,32.6
2025-08-27T21:00,27.7,95,0.7,32.45
2025-08-27T22:00,27.0,98,3.1,31.9
2025-08-27T23:00,27.2,95,7.3,31.95
2025-08-28T00:00,26.8,94,6.3,31.5
2025-08-28T01:00,26.3,96,2.3,31.1
2025-08-28T02:00,26.3,95,7.6,31.05
2025-08-28T03:00,26.1,96,7.2,30.900000000000002
2025-08-28T04:00,25.7,97,3.1,30.55
2025-08-28T05:00,25.4,96,9.4,30.2
2025-08-28T06:00,26.9,94,7.9,31.599999999999998
2025-08-28T07:00,27.4,92,6.7,32.0
2025-08-28T08:00,28.5,87,7.7,32.85
2025-08-28T09:00,29.8,80,9.4,33.8
2025-08-28T10:00,30.9,76,9.4,34.699999999999996
2025-08-28T11:00,31.4,75,8.9,35.15
2025-08-28T12:00,31.8,75,8.7,35.55
2025-08-28T13:00,32.0,73,8.1,35.65
2025-08-28T14:00,32.1,75,6.8,35.85
2025-08-28T15:00,32.0,76,5.2,35.8
2025-08-28T16:00,31.2,78,3.3,35.1
2025-08-28T17:00,30.3,81,2.3,34.35
2025-08-28T18:00,28.8,87,9.1,33.15
2025-08-28T19:00,28.4,88,8.7,32.8
2025-08-28T20:00,27.8,92,5.4,32.4
2025-08-28T21:00,27.7,92,8.3,32.3
2025-08-28T22:00,26.9,93,3.2,31.549999999999997
2025-08-28T23:00,26.2,95,3.9,30.95
2025-08-29T00:00,26.2,96,6.7,31.0
2025-08-29T01:00,26.3,95,6.0,31.05
2025-08-29T02:00,25.9,95,10.8,30.65
2025-08-29T03:00,26.0,97,4.7,30.85
2025-08-29T04:00,25.6,97,3.3,30.450000000000003
2025-08-29T05:00,25.5,98,3.4,30.4
2025-08-29T06:00,27.0,95,11.3,31.75
2025-08-29T07:00,27.5,92,14.7,32.1
2025-08-29T08:00,28.2,87,14.9,32.55
2025-08-29T09:00,27.9,90,9.3,32.4
2025-08-29T10:00,28.8,87,10.5,33.15
2025-08-29T11:00,29.4,85,9.2,33.65
2025-08-29T12:00,30.4,84,8.8,34.6
2025-08-29T13:00,27.8,90,11.2,32.3
2025-08-29T14:00,28.4,86,15.1,32.699999999999996
2025-08-29T15:00,29.0,84,6.8,33.2
2025-08-29T16:00,29.0,84,11.7,33.2
2025-08-29T17:00,28.7,84,9.7,32.9
2025-08-29T18:00,28.3,83,9.4,32.45
2025-08-29T19:00,27.5,86,7.9,31.8
2025-08-29T20:00,27.1,89,7.9,31.55
2025-08-29T21:00,26.9,90,9.2,31.4
2025-08-29T22:00,26.7,91,8.4,31.25
2025-08-29T23:00,26.6,91,8.8,31.150000000000002
2025-08-30T00:00,26.6,91,9.3,31.150000000000002
2025-08-30T01:00,26.5,91,11.6,31.05
2025-08-30T02:00,26.5,91,9.7,31.05
2025-08-30T03:00,26.3,91,10.2,30.85
2025-08-30T04:00,26.1,91,11.6,30.650000000000002
2025-08-30T05:00,25.9,93,13.0,30.549999999999997
2025-08-30T06:00,26.0,91,11.9,30.55
2025-08-30T07:00,27.0,88,12.2,31.4
2025-08-30T08:00,27.9,84,15.4,32.1
2025-08-30T09:00,28.8,81,15.5,32.85
2025-08-30T10:00,29.6,76,14.7,33.4
2025-08-30T11:00,30.3,73,11.8,33.95
2025-08-30T12:00,31.1,69,9.4,34.550000000000004
2025-08-30T13:00,31.6,67,8.7,34.95
2025-08-30T14:00,32.0,65,8.3,35.25
2025-08-30T15:00,31.9,65,8.0,35.15
2025-08-30T16:00,31.5,67,7.2,34.85
2025-08-30T17:00,30.8,73,5.5,34.45
2025-08-30T18:00,29.3,80,6.2,33.3
2025-08-30T19:00,28.4,84,6.2,32.6
2025-08-30T20:00,28.0,85,6.1,32.25
2025-08-30T21:00,27.8,86,7.6,32.1
2025-08-30T22:00,27.5,88,7.9,31.9
2025-08-30T23:00,27.2,90,8.0,31.7
2025-08-31T00:00,26.9,92,6.8,31.5
2025-08-31T01:00,26.6,93,7.1,31.25
2025-08-31T02:00,26.4,94,9.9,31.099999999999998
2025-08-31T03:00,26.0,93,11.7,30.65
2025-08-31T04:00,25.2,95,9.6,29.95
2025-08-31T05:00,24.1,98,12.3,29.0
2025-08-31T06:00,25.6,95,11.3,30.35
2025-08-31T07:00,25.9,93,12.7,30.549999999999997
2025-08-31T08:00,26.2,91,12.9,30.75
2025-08-31T09:00,26.7,91,11.3,31.25
2025-08-31T10:00,27.1,92,10.8,31.700000000000003
2025-08-31T11:00,27.7,91,10.5,32.25
2025-08-31T12:00,29.1,84,9.8,33.300000000000004
2025-08-31T13:00,29.9,79,11.5,33.85
2025-08-31T14:00,27.9,84,11.1,32.1
2025-08-31T15:00,27.9,86,8.6,32.199999999999996
2025-08-31T16:00,27.7,86,10.4,32.0
2025-08-31T17:00,27.4,87,10.8,31.75
2025-08-31T18:00,26.1,93,6.0,30.75
2025-08-31T19:00,25.5,95,4.9,30.25
2025-08-31T20:00,25.6,95,7.1,30.35
2025-08-31T21:00,25.6,96,8.1,30.400000000000002
2025-08-31T22:00,25.8,96,9.6,30.6
2025-08-31T23:00,25.6,96,11.4,30.400000000000002
2025-09-01T00:00,25.4,96,10.9,30.2
2025-09-01T01:00,25.3,97,12.4,30.150000000000002
2025-09-01T02:00,24.7,97,16.0,29.55
2025-09-01T03:00,24.1,96,15.3,28.900000000000002
2025-09-01T04:00,24.2,97,13.2,29.05
2025-09-01T05:00,24.1,95,14.6,28.85
2025-09-01T06:00,24.7,95,10.7,29.45
2025-09-01T07:00,24.8,94,11.0,29.5
2025-09-01T08:00,24.3,98,14.8,29.200000000000003
2025-09-01T09:00,24.6,96,14.0,29.400000000000002
2025-09-01T10:00,25.0,95,10.6,29.75
2025-09-01T11:00,26.0,92,10.8,30.6
2025-09-01T12:00,27.2,91,9.2,31.75
2025-09-01T13:00,26.6,85,18.5,30.85
2025-09-01T14:00,26.7,91,15.6,31.25
2025-09-01T15:00,26.8,87,18.2,31.150000000000002
2025-09-01T16:00,27.4,84,17.2,31.599999999999998
2025-09-01T17:00,26.2,90,14.2,30.7
2025-09-01T18:00,25.0,92,19.5,29.6
2025-09-01T19:00,24.8,92,19.0,29.400000000000002
2025-09-01T20:00,24.7,94,17.8,29.4
2025-09-01T21:00,24.7,95,16.1,29.45
2025-09-01T22:00,24.7,95,17.9,29.45
2025-09-01T23:00,24.6,96,17.0,29.400000000000002
2025-09-02T00:00,24.8,93,18.5,29.450000000000003
2025-09-02T01:00,24.4,96,21.5,29.2
2025-09-02T02:00,24.5,95,23.3,29.25
2025-09-02T03:00,24.5,94,20.3,29.2
2025-09-02T04:00,23.8,96,19.9,28.6
2025-09-02T05:00,23.5,97,18.7,28.35
2025-09-02T06:00,23.7,95,18.8,28.45
2025-09-02T07:00,24.2,93,15.2,28.85
2025-09-02T08:00,24.2,91,15.8,28.75
2025-09-02T09:00,25.9,87,18.7,30.25
2025-09-02T10:00,26.9,84,19.6,31.099999999999998
2025-09-02T11:00,26.9,86,18.4,31.2
2025-09-02T12:00,25.5,89,15.1,29.95
2025-09-02T13:00,26.8,89,15.0,31.25
2025-09-02T14:00,26.0,86,17.6,30.3
2025-09-02T15:00,26.3,88,18.2,30.700000000000003
2025-09-02T16:00,26.3,87,18.2,30.650000000000002
2025-09-02T17:00,26.3,89,13.3,30.75
2025-09-02T18:00,24.9,94,16.3,29.599999999999998
2025-09-02T19:00,25.1,96,15.4,29.900000000000002
2025-09-02T20:00,25.1,95,14.2,29.85
2025-09-02T21:00,25.3,95,11.1,30.05
2025-09-02T22:00,25.0,95,11.5,29.75
2025-09-02T23:00,25.1,95,12.9,29.85
2025-09-03T00:00,25.0,94,12.7,29.7
2025-09-03T01:00,24.7,95,11.3,29.45
2025-09-03T02:00,24.5,96,10.1,29.3
2025-09-03T03:00,24.3,97,10.2,29.150000000000002
2025-09-03T04:00,24.3,97,9.1,29.150000000000002
2025-09-03T05:00,24.1,98,8.0,29.0
2025-09-03T06:00,24.7,96,4.8,29.5
2025-09-03T07:00,25.3,95,2.7,30.05
2025-09-03T08:00,26.3,92,5.1,30.900000000000002
2025-09-03T09:00,26.6,91,3.1,31.150000000000002
2025-09-03T10:00,27.4,89,6.2,31.849999999999998
2025-09-03T11:00,27.0,83,14.9,31.15
2025-09-03T12:00,27.3,85,10.5,31.55
2025-09-03T13:00,28.3,82,12.6,32.4
2025-09-03T14:00,28.2,83,12.0,32.35
2025-09-03T15:00,28.6,80,11.0,32.6
2025-09-03T16:00,28.4,81,10.3,32.449999999999996
2025-09-03T17:00,28.0,83,8.5,32.15
2025-09-03T18:00,25.7,94,8.3,30.4
2025-09-03T19:00,25.6,93,9.4,30.25
2025-09-03T20:00,25.5,92,8.5,30.1
2025-09-03T21:00,25.4,93,7.3,30.049999999999997
2025-09-03T22:00,25.4,94,6.9,30.099999999999998
2025-09-03T23:00,25.4,94,6.3,30.099999999999998
2025-09-04T00:00,25.3,95,6.5,30.05
2025-09-04T01:00,25.1,96,7.6,29.900000000000002
2025-09-04T02:00,25.1,96,9.4,29.900000000000002
2025-09-04T03:00,25.1,96,10.2,29.900000000000002
2025-09-04T04:00,25.0,95,11.9,29.75
2025-09-04T05:00,24.6,94,12.0,29.3
2025-09-04T06:00,24.0,94,11.4,28.7
2025-09-04T07:00,24.8,92,8.3,29.400000000000002
2025-09-04T08:00,26.0,91,5.9,30.55
2025-09-04T09:00,27.7,86,5.6,32.0
2025-09-04T10:00,29.2,81,6.4,33.25
2025-09-04T11:00,30.4,75,5.7,34.15
2025-09-04T12:00,31.3,71,4.5,34.85
2025-09-04T13:00,31.3,69,5.0,34.75
2025-09-04T14:00,31.2,71,10.4,34.75
2025-09-04T15:00,28.1,85,11.0,32.35
2025-09-04T16:00,28.2,85,5.5,32.45
2025-09-04T17:00,28.2,86,3.6,32.5
2025-09-04T18:00,27.4,86,6.8,31.7
2025-09-04T19:00,26.5,90,5.3,31.0
2025-09-04T20:00,26.1,92,6.1,30.700000000000003
2025-09-04T21:00,25.8,94,5.1,30.5
2025-09-04T22:00,25.5,95,5.2,30.25
2025-09-04T23:00,25.4,94,4.1,30.099999999999998
2025-09-05T00:00,25.3,94,4.6,30.0
2025-09-05T01:00,25.2,95,5.8,29.95
2025-09-05T02:00,24.9,96,5.2,29.7
2025-09-05T03:00,25.1,95,4.8,29.85
2025-09-05T04:00,25.2,94,5.7,29.9
2025-09-05T05:00,25.2,95,7.0,29.95
2025-09-05T06:00,26.7,85,11.1,30.95
2025-09-05T07:00,27.3,83,12.1,31.450000000000003
2025-09-05T08:00,28.5,79,14.7,32.45
2025-09-05T09:00,29.4,76,17.5,33.199999999999996
2025-09-05T10:00,30.3,73,18.7,33.95
2025-09-05T11:00,30.9,73,17.9,34.55
2025-09-05T12:00,31.2,74,16.9,34.9
2025-09-05T13:00,30.6,75,19.4,34.35
2025-09-05T14:00,31.1,76,12.9,34.9
2025-09-05T15:00,31.0,74,13.7,34.7
2025-09-05T16:00,29.3,81,14.3,33.35
2025-09-05T17:00,28.1,88,8.0,32.5
2025-09-05T18:00,27.0,91,10.8,31.55
2025-09-05T19:00,26.7,92,8.6,31.3
2025-09-05T20:00,26.6,93,8.5,31.25
2025-09-05T21:00,26.5,93,10.1,31.15
2025-09-05T22:00,26.5,92,9.6,31.1
2025-09-05T23:00,26.3,92,11.0,30.900000000000002
2025-09-06T00:00,26.3,91,12.4,30.85
2025-09-06T01:00,25.6,94,7.5,30.3
2025-09-06T02:00,25.2,95,11.2,29.95
2025-09-06T03:00,25.2,94,10.3,29.9
2025-09-06T04:00,25.2,96,6.2,30.0
2025-09-06T05:00,25.0,97,5.2,29.85
2025-09-06T06:00,26.3,92,7.6,30.900000000000002
2025-09-06T07:00,27.2,90,8.1,31.7
2025-09-06T08:00,28.4,85,10.9,32.65
2025-09-06T09:00,29.6,78,14.7,33.5
2025-09-06T10:00,30.6,73,14.7,34.25
2025-09-06T11:00,31.2,72,14.0,34.8
2025-09-06T12:00,31.7,72,13.7,35.3
2025-09-06T13:00,31.8,73,13.2,35.45
2025-09-06T14:00,29.9,79,16.1,33.85
2025-09-06T15:00,30.3,77,12.1,34.15
2025-09-06T16:00,29.0,80,13.6,33.0
2025-09-06T17:00,28.9,82,6.9,33.0
2025-09-06T18:00,28.5,85,9.3,32.75
2025-09-06T19:00,27.6,89,9.7,32.050000000000004
2025-09-06T20:00,27.2,93,9.5,31.85
2025-09-06T21:00,26.8,93,9.9,31.450000000000003
2025-09-06T22:00,26.5,92,11.0,31.1
2025-09-06T23:00,26.4,91,12.2,30.95
2025-09-07T00:00,26.3,92,12.2,30.900000000000002
2025-09-07T01:00,26.4,93,12.8,31.049999999999997
2025-09-07T02:00,26.0,94,10.8,30.7
2025-09-07T03:00,25.6,94,8.4,30.3
2025-09-07T04:00,25.1,96,6.2,29.900000000000002
2025-09-07T05:00,24.8,97,3.9,29.650000000000002
2025-09-07T06:00,25.7,95,9.6,30.45
2025-09-07T07:00,26.7,93,10.1,31.35
2025-09-07T08:00,28.2,88,11.0,32.6
2025-09-07T09:00,29.6,82,11.3,33.7
2025-09-07T10:00,30.9,73,12.1,34.55
2025-09-07T11:00,31.6,69,13.0,35.050000000000004
2025-09-07T12:00,31.8,70,12.9,35.3
2025-09-07T13:00,31.9,71,11.1,35.449999999999996
2025-09-07T14:00,32.2,71,8.4,35.75
2025-09-07T15:00,28.3,85,12.5,32.55
2025-09-07T16:00,29.1,83,5.4,33.25
2025-09-07T17:00,29.4,83,2.2,33.55
2025-09-07T18:00,27.6,89,5.0,32.050000000000004
2025-09-07T19:00,26.8,93,3.5,31.450000000000003
2025-09-07T20:00,26.4,95,4.1,31.15
2025-09-07T21:00,26.2,96,5.4,31.0
2025-09-07T22:00,25.9,96,5.6,30.7
2025-09-07T23:00,25.6,96,4.9,30.400000000000002
2025-09-08T00:00,25.4,96,4.9,30.2
2025-09-08T01:00,25.1,96,4.1,29.900000000000002
2025-09-08T02:00,24.9,96,3.2,29.7
2025-09-08T03:00,24.7,97,3.0,29.55
2025-09-08T04:00,24.5,98,3.0,29.4
2025-09-08T05:00,24.5,98,4.1,29.4
2025-09-08T06:00,24.9,95,5.2,29.65
2025-09-08T07:00,26.1,93,5.4,30.75
2025-09-08T08:00,27.9,88,6.0,32.3
2025-09-08T09:00,29.4,80,5.6,33.4
2025-09-08T10:00,30.3,76,4.7,34.1
2025-09-08T11:00,30.9,75,3.6,34.65
2025-09-08T12:00,31.5,73,3.6,35.15
2025-09-08T13:00,31.7,72,4.1,35.3
2025-09-08T14:00,31.8,71,3.5,35.35
2025-09-08T15:00,32.0,69,2.6,35.45
2025-09-08T16:00,29.0,81,6.0,33.05
2025-09-08T17:00,28.6,86,5.1,32.9
2025-09-08T18:00,28.1,87,3.6,32.45
2025-09-08T19:00,27.3,91,4.1,31.85
2025-09-08T20:00,27.0,93,5.3,31.65
2025-09-08T21:00,26.7,94,4.3,31.4
2025-09-08T22:00,26.3,95,3.6,31.05
2025-09-08T23:00,25.9,97,3.9,30.75
2025-09-09T00:00,25.9,97,5.5,30.75
2025-09-09T01:00,25.8,96,4.8,30.6
2025-09-09T02:00,25.5,97,4.3,30.35
2025-09-09T03:00,25.3,97,3.6,30.150000000000002
2025-09-09T04:00,25.1,96,4.2,29.900000000000002
2025-09-09T05:00,25.3,94,6.3,30.0
2025-09-09T06:00,26.9,88,9.2,31.299999999999997
2025-09-09T07:00,27.7,86,8.6,32.0
2025-09-09T08:00,28.9,82,9.8,33.0
2025-09-09T09:00,30.3,76,10.5,34.1
2025-09-09T10:00,31.0,71,10.6,34.55
2025-09-09T11:00,31.3,69,10.6,34.75
2025-09-09T12:00,31.7,69,10.7,35.15
2025-09-09T13:00,31.9,69,11.4,35.35
2025-09-09T14:00,32.0,68,12.5,35.4
2025-09-09T15:00,31.8,69,13.1,35.25
2025-09-09T16:00,31.3,70,13.7,34.8
2025-09-09T17:00,30.6,75,10.7,34.35
2025-09-09T18:00,29.7,77,7.3,33.55
2025-09-09T19:00,28.9,80,9.2,32.9
2025-09-09T20:00,28.6,81,10.6,32.65
2025-09-09T21:00,28.3,80,10.0,32.3
2025-09-09T22:00,27.9,80,9.3,31.9
2025-09-09T23:00,27.5,80,9.2,31.5
2025-09-10T00:00,27.1,80,9.1,31.1
2025-09-10T01:00,26.8,81,9.2,30.85
2025-09-10T02:00,26.4,83,8.4,30.549999999999997
2025-09-10T03:00,26.1,84,8.6,30.3
2025-09-10T04:00,25.9,85,10.4,30.15
2025-09-10T05:00,25.8,86,11.9,30.1
2025-09-10T06:00,27.4,89,14.2,31.849999999999998
2025-09-10T07:00,28.2,87,12.0,32.55
2025-09-10T08:00,29.3,84,14.2,33.5
2025-09-10T09:00,30.5,76,18.4,34.3
2025-09-10T10:00,31.2,70,20.0,34.7
2025-09-10T11:00,31.8,67,19.6,35.15
2025-09-10T12:00,31.9,66,19.5,35.199999999999996
2025-09-10T13:00,32.0,65,19.6,35.25
2025-09-10T14:00,32.1,65,20.2,35.35
2025-09-10T15:00,32.0,64,18.9,35.2
2025-09-10T16:00,31.6,66,17.0,34.9
2025-09-10T17:00,30.6,70,15.3,34.1
2025-09-10T18:00,29.6,70,14.2,33.1
2025-09-10T19:00,28.9,72,13.8,32.5
2025-09-10T20:00,28.4,74,13.7,32.1
2025-09-10T21:00,28.0,75,12.9,31.75
2025-09-10T22:00,27.4,76,11.8,31.2
2025-09-10T23:00,26.8,79,10.4,30.75
2025-09-11T00:00,26.4,80,10.1,30.4
2025-09-11T01:00,26.0,81,9.9,30.05
2025-09-11T02:00,25.7,82,10.2,29.8
2025-09-11T03:00,25.4,83,10.9,29.549999999999997
2025-09-11T04:00,25.2,83,10.6,29.35
2025-09-11T05:00,25.1,83,11.2,29.25
2025-09-11T06:00,26.6,78,14.8,30.5
2025-09-11T07:00,27.1,79,14.9,31.05
2025-09-11T08:00,28.2,77,14.4,32.05
2025-09-11T09:00,29.4,74,16.5,33.1
2025-09-11T10:00,30.5,70,18.3,34.0
2025-09-11T11:00,31.0,66,18.9,34.3
2025-09-11T12:00,31.4,65,17.0,34.65
2025-09-11T13:00,31.7,62,16.1,34.8
2025-09-11T14:00,31.8,62,16.7,34.9
2025-09-11T15:00,31.6,61,17.0,34.65
2025-09-11T16:00,30.9,66,14.9,34.199999999999996
2025-09-11T17:00,29.9,71,11.5,33.449999999999996
2025-09-11T18:00,28.6,74,10.0,32.300000000000004
2025-09-11T19:00,27.6,79,7.2,31.55
2025-09-11T20:00,27.2,80,7.7,31.2
2025-09-11T21:00,26.4,83,6.0,30.549999999999997
2025-09-11T22:00,25.9,85,4.9,30.15
2025-09-11T23:00,25.3,88,4.9,29.700000000000003
2025-09-12T00:00,24.9,90,5.0,29.4
2025-09-12T01:00,24.8,90,4.2,29.3
2025-09-12T02:00,24.4,92,4.3,29.0
2025-09-12T03:00,24.2,93,5.1,28.85
2025-09-12T04:00,24.1,93,5.8,28.75
2025-09-12T05:00,24.0,92,7.3,28.6
2025-09-12T06:00,25.5,82,11.7,29.6
2025-09-12T07:00,26.4,82,10.1,30.5
2025-09-12T08:00,27.7,78,11.0,31.6
2025-09-12T09:00,29.1,74,12.4,32.800000000000004
2025-09-12T10:00,30.3,70,13.7,33.8
2025-09-12T11:00,31.0,66,14.8,34.3
2025-09-12T12:00,31.5,63,13.3,34.65
2025-09-12T13:00,31.6,62,12.0,34.7
2025-09-12T14:00,31.6,63,13.0,34.75
2025-09-12T15:00,31.4,63,13.2,34.55
2025-09-12T16:00,30.9,66,11.4,34.199999999999996
2025-09-12T17:00,30.0,71,9.8,33.55
2025-09-12T18:00,28.4,79,5.2,32.35
2025-09-12T19:00,27.7,82,5.4,31.8
2025-09-12T20:00,27.3,84,4.7,31.5
2025-09-12T21:00,27.1,85,2.7,31.35
2025-09-12T22:00,26.6,87,2.9,30.950000000000003
2025-09-12T23:00,26.2,88,3.3,30.6
2025-09-13T00:00,26.3,89,3.5,30.75
2025-09-13T01:00,26.3,88,3.1,30.700000000000003
2025-09-13T02:00,25.9,89,4.6,30.349999999999998
2025-09-13T03:00,25.6,90,4.3,30.1
2025-09-13T04:00,25.4,91,4.1,29.95
2025-09-13T05:00,24.9,93,4.4,29.549999999999997
2025-09-13T06:00,26.5,90,5.3,31.0
2025-09-13T07:00,27.4,87,4.7,31.75
2025-09-13T08:00,28.2,84,4.7,32.4
2025-09-13T09:00,29.8,77,4.7,33.65
2025-09-13T10:00,31.3,64,7.3,34.5
2025-09-13T11:00,31.7,61,9.0,34.75
2025-09-13T12:00,32.0,61,8.7,35.05
2025-09-13T13:00,32.2,59,9.3,35.150000000000006
2025-09-13T14:00,32.1,60,10.7,35.1
2025-09-13T15:00,32.0,61,10.2,35.05
2025-09-13T16:00,31.2,65,10.7,34.45
2025-09-13T17:00,30.4,72,7.1,34.0
2025-09-13T18:00,28.6,77,5.3,32.45
2025-09-13T19:00,28.1,79,3.2,32.050000000000004
2025-09-13T20:00,27.9,78,1.8,31.799999999999997
2025-09-13T21:00,27.6,79,1.0,31.55
2025-09-13T22:00,26.7,82,2.8,30.8
2025-09-13T23:00,26.2,85,5.4,30.45
2025-09-14T00:00,25.8,88,4.4,30.200000000000003
2025-09-14T01:00,25.4,90,3.9,29.9
2025-09-14T02:00,25.1,92,3.1,29.700000000000003
2025-09-14T03:00,25.0,92,3.5,29.6
2025-09-14T04:00,25.0,91,4.0,29.55
2025-09-14T05:00,25.1,90,4.0,29.6
2025-09-14T06:00,26.9,85,5.5,31.15
2025-09-14T07:00,27.8,81,6.8,31.85
2025-09-14T08:00,28.3,81,6.3,32.35
2025-09-14T09:00,29.6,78,5.2,33.5
2025-09-14T10:00,31.0,72,6.8,34.6
2025-09-14T11:00,31.6,70,8.8,35.1
2025-09-14T12:00,32.1,69,8.8,35.550000000000004
2025-09-14T13:00,32.1,65,9.2,35.35
2025-09-14T14:00,32.3,63,9.8,35.449999999999996
2025-09-14T15:00,32.0,64,11.7,35.2
2025-09-14T16:00,31.6,65,10.6,34.85
2025-09-14T17:00,30.9,71,7.3,34.449999999999996
2025-09-14T18:00,29.2,77,5.7,33.05
2025-09-14T19:00,28.6,82,3.1,32.7
2025-09-14T20:00,28.3,82,0.9,32.4
2025-09-14T21:00,27.6,84,2.4,31.8
2025-09-14T22:00,27.0,86,3.8,31.3
2025-09-14T23:00,26.7,86,6.0,31.0
2025-09-15T00:00,26.4,88,6.5,30.799999999999997
2025-09-15T01:00,26.2,90,6.1,30.7
2025-09-15T02:00,26.1,91,5.6,30.650000000000002
2025-09-15T03:00,25.9,91,4.4,30.45
2025-09-15T04:00,26.1,88,1.5,30.5
2025-09-15T05:00,25.4,92,3.2,30.0
2025-09-15T06:00,27.8,81,8.5,31.85
2025-09-15T07:00,28.5,83,9.1,32.65
2025-09-15T08:00,29.7,78,8.1,33.6
2025-09-15T09:00,31.0,68,8.6,34.4
2025-09-15T10:00,32.1,59,10.8,35.050000000000004
2025-09-15T11:00,32.7,55,11.1,35.45
2025-09-15T12:00,33.0,54,11.8,35.7
2025-09-15T13:00,32.9,55,13.2,35.65
2025-09-15T14:00,32.8,56,14.3,35.599999999999994
2025-09-15T15:00,32.4,58,14.7,35.3
2025-09-15T16:00,31.9,63,12.4,35.05
2025-09-15T17:00,30.7,69,9.3,34.15
2025-09-15T18:00,29.4,72,8.7,33.0
2025-09-15T19:00,28.6,75,5.6,32.35
2025-09-15T20:00,28.6,77,3.2,32.45
2025-09-15T21:00,28.4,77,1.2,32.25
2025-09-15T22:00,27.7,80,2.1,31.7
2025-09-15T23:00,27.0,83,5.7,31.15
2025-09-16T00:00,26.8,85,4.8,31.05
2025-09-16T01:00,26.6,85,6.4,30.85
2025-09-16T02:00,26.1,87,5.5,30.450000000000003
2025-09-16T03:00,25.8,88,8.5,30.200000000000003
2025-09-16T04:00,25.6,92,8.5,30.200000000000003
2025-09-16T05:00,25.2,95,8.3,29.95
2025-09-16T06:00,26.2,90,3.6,30.7
2025-09-16T07:00,27.1,88,2.5,31.5
2025-09-16T08:00,28.7,80,5.6,32.7
2025-09-16T09:00,30.2,73,6.5,33.85
2025-09-16T10:00,31.3,68,2.3,34.7
2025-09-16T11:00,31.9,64,2.1,35.1
2025-09-16T12:00,32.0,63,4.1,35.15
2025-09-16T13:00,31.9,64,6.2,35.1
2025-09-16T14:00,32.4,60,6.4,35.4
2025-09-16T15:00,31.8,62,9.0,34.9
2025-09-16T16:00,31.7,63,7.5,34.85
2025-09-16T17:00,30.3,74,6.3,34.0
2025-09-16T18:00,28.9,76,5.9,32.699999999999996
2025-09-16T19:00,27.2,82,10.4,31.3
2025-09-16T20:00,26.4,83,7.2,30.549999999999997
2025-09-16T21:00,26.0,86,6.9,30.3
2025-09-16T22:00,25.8,87,8.5,30.150000000000002
2025-09-16T23:00,25.6,90,7.8,30.1
2025-09-17T00:00,25.4,91,6.8,29.95
2025-09-17T01:00,25.1,91,6.9,29.650000000000002
2025-09-17T02:00,24.8,92,4.6,29.400000000000002
2025-09-17T03:00,24.5,93,3.4,29.15
2025-09-17T04:00,24.3,97,12.4,29.150000000000002
2025-09-17T05:00,24.3,97,7.2,29.150000000000002
2025-09-17T06:00,24.7,94,6.0,29.4
2025-09-17T07:00,25.6,92,2.4,30.200000000000003
2025-09-17T08:00,27.3,86,0.6,31.6
2025-09-17T09:00,29.0,80,0.5,33.0
2025-09-17T10:00,30.5,74,2.8,34.2
2025-09-17T11:00,31.3,69,4.1,34.75
2025-09-17T12:00,31.7,67,4.9,35.05
2025-09-17T13:00,31.8,68,5.1,35.2
2025-09-17T14:00,31.9,68,4.9,35.3
2025-09-17T15:00,31.8,68,5.6,35.2
2025-09-17T16:00,31.9,64,7.1,35.1
2025-09-17T17:00,31.0,72,5.3,34.6
2025-09-17T18:00,28.4,85,3.5,32.65
2025-09-17T19:00,27.6,90,1.3,32.1
2025-09-17T20:00,26.9,89,13.2,31.349999999999998
2025-09-17T21:00,26.1,92,7.6,30.700000000000003
2025-09-17T22:00,25.8,93,6.8,30.450000000000003
2025-09-17T23:00,25.4,95,6.8,30.15
2025-09-18T00:00,25.0,96,10.0,29.8
2025-09-18T01:00,24.6,93,8.5,29.25
2025-09-18T02:00,24.3,94,4.5,29.0
2025-09-18T03:00,23.8,96,10.2,28.6
2025-09-18T04:00,23.7,96,4.8,28.5
2025-09-18T05:00,23.7,97,4.8,28.55
2025-09-18T06:00,25.3,96,4.8,30.1
2025-09-18T07:00,26.2,93,5.8,30.85
2025-09-18T08:00,27.4,90,4.1,31.9
2025-09-18T09:00,29.0,83,3.5,33.15
2025-09-18T10:00,30.3,77,4.3,34.15
2025-09-18T11:00,31.1,73,4.9,34.75
2025-09-18T12:00,31.7,70,6.0,35.2
2025-09-18T13:00,31.7,70,3.8,35.2
2025-09-18T14:00,31.4,72,3.6,35.0
2025-09-18T15:00,30.1,74,7.6,33.800000000000004
2025-09-18T16:00,26.4,89,5.9,30.849999999999998
2025-09-18T17:00,26.6,90,1.0,31.1
2025-09-18T18:00,28.1,83,3.7,32.25
2025-09-18T19:00,27.3,86,3.5,31.6
2025-09-18T20:00,26.8,88,3.1,31.200000000000003
2025-09-18T21:00,26.2,91,4.1,30.75
2025-09-18T22:00,25.8,93,4.3,30.450000000000003
2025-09-18T23:00,25.6,94,4.7,30.3
2025-09-19T00:00,25.3,96,4.4,30.1
2025-09-19T01:00,25.0,97,4.1,29.85
2025-09-19T02:00,25.0,98,4.6,29.9
2025-09-19T03:00,24.9,97,5.3,29.75
2025-09-19T04:00,24.6,97,4.2,29.450000000000003
2025-09-19T05:00,24.4,98,3.8,29.299999999999997
2025-09-19T06:00,25.8,97,3.3,30.650000000000002
2025-09-19T07:00,26.9,93,3.6,31.549999999999997
2025-09-19T08:00,28.4,86,2.1,32.699999999999996
2025-09-19T09:00,30.1,76,2.0,33.9
2025-09-19T10:00,29.0,74,13.0,32.7
2025-09-19T11:00,29.4,76,6.9,33.199999999999996
2025-09-19T12:00,30.5,73,5.8,34.15
2025-09-19T13:00,31.4,67,6.0,34.75
2025-09-19T14:00,31.8,62,9.0,34.9
2025-09-19T15:00,31.8,60,10.4,34.8
2025-09-19T16:00,31.4,63,9.4,34.55
2025-09-19T17:00,30.4,72,6.2,34.0
2025-09-19T18:00,29.0,76,5.9,32.8
2025-09-19T19:00,28.1,79,6.6,32.050000000000004
2025-09-19T20:00,27.5,79,6.6,31.45
2025-09-19T21:00,26.9,81,5.1,30.95
2025-09-19T22:00,26.4,82,4.2,30.5
2025-09-19T23:00,25.8,85,4.8,30.05
2025-09-20T00:00,25.5,86,4.1,29.8
2025-09-20T01:00,25.1,88,3.7,29.5
2025-09-20T02:00,24.6,90,4.0,29.1
2025-09-20T03:00,24.3,91,4.0,28.85
2025-09-20T04:00,24.3,91,5.2,28.85
2025-09-20T05:00,24.4,88,5.7,28.799999999999997
2025-09-20T06:00,26.4,85,8.1,30.65
2025-09-20T07:00,27.6,84,9.3,31.8
2025-09-20T08:00,29.2,79,8.8,33.15
2025-09-20T09:00,30.8,69,12.8,34.25
2025-09-20T10:00,31.7,61,15.7,34.75
2025-09-20T11:00,32.2,58,16.1,35.1
2025-09-20T12:00,32.4,57,15.8,35.25
2025-09-20T13:00,32.5,57,16.0,35.35
2025-09-20T14:00,32.8,56,15.5,35.599999999999994
2025-09-20T15:00,32.5,56,16.6,35.3
2025-09-20T16:00,31.9,60,13.5,34.9
2025-09-20T17:00,30.7,65,9.0,33.95
2025-09-20T18:00,28.8,70,7.5,32.3
2025-09-20T19:00,27.6,75,6.7,31.35
2025-09-20T20:00,27.2,75,7.9,30.95
2025-09-20T21:00,26.7,75,7.3,30.45
2025-09-20T22:00,26.2,77,7.1,30.05
2025-09-20T23:00,25.8,78,6.9,29.700000000000003
2025-09-21T00:00,25.3,79,6.7,29.25
2025-09-21T01:00,24.9,80,6.9,28.9
2025-09-21T02:00,24.7,80,7.5,28.7
2025-09-21T03:00,24.1,83,6.4,28.25
2025-09-21T04:00,23.6,85,6.1,27.85
2025-09-21T05:00,23.4,85,6.1,27.65
2025-09-21T06:00,25.0,86,6.4,29.3
2025-09-21T07:00,26.3,84,7.7,30.5
2025-09-21T08:00,28.1,79,7.2,32.050000000000004
2025-09-21T09:00,30.2,73,10.3,33.85
2025-09-21T10:00,31.6,62,14.9,34.7
2025-09-21T11:00,32.3,57,16.3,35.15
2025-09-21T12:00,32.6,56,16.2,35.4
2025-09-21T13:00,32.8,55,16.6,35.55
2025-09-21T14:00,32.7,56,16.0,35.5
2025-09-21T15:00,32.5,57,15.2,35.35
2025-09-21T16:00,31.9,62,12.4,35.0
2025-09-21T17:00,30.8,66,9.2,34.1
2025-09-21T18:00,28.7,72,6.2,32.3
2025-09-21T19:00,27.9,75,6.4,31.65
2025-09-21T20:00,27.4,77,6.8,31.25
2025-09-21T21:00,27.2,77,7.1,31.05
2025-09-21T22:00,26.5,79,6.8,30.45
2025-09-21T23:00,26.0,81,6.4,30.05
2025-09-22T00:00,25.3,82,6.1,29.400000000000002
2025-09-22T01:00,24.8,82,5.1,28.900000000000002
2025-09-22T02:00,24.6,83,6.5,28.75
2025-09-22T03:00,24.9,81,3.2,28.95
2025-09-22T04:00,24.2,84,4.5,28.4
2025-09-22T05:00,23.7,86,5.6,28.0
2025-09-22T06:00,25.8,85,6.8,30.05
2025-09-22T07:00,26.9,83,8.5,31.049999999999997
2025-09-22T08:00,28.7,76,7.7,32.5
2025-09-22T09:00,30.6,70,8.8,34.1
2025-09-22T10:00,32.1,61,12.7,35.15
2025-09-22T11:00,32.9,54,15.6,35.6
2025-09-22T12:00,33.4,51,16.1,35.949999999999996
2025-09-22T13:00,33.6,50,15.9,36.1
2025-09-22T14:00,33.6,50,15.6,36.1
2025-09-22T15:00,33.2,52,14.4,35.800000000000004
2025-09-22T16:00,32.4,59,11.9,35.35
2025-09-22T17:00,31.1,64,8.6,34.300000000000004
2025-09-22T18:00,30.1,62,10.4,33.2
2025-09-22T19:00,29.4,63,10.7,32.55
2025-09-22T20:00,28.7,65,10.6,31.95
2025-09-22T21:00,28.3,64,11.7,31.5
2025-09-22T22:00,27.8,64,11.2,31.0
2025-09-22T23:00,27.0,67,9.6,30.35
2025-09-23T00:00,26.4,70,7.8,29.9
2025-09-23T01:00,25.6,73,6.9,29.25
2025-09-23T02:00,24.9,75,6.6,28.65
2025-09-23T03:00,24.6,76,6.9,28.400000000000002
2025-09-23T04:00,24.5,76,7.2,28.3
2025-09-23T05:00,24.3,76,7.4,28.1
2025-09-23T06:00,25.0,83,8.7,29.15
2025-09-23T07:00,26.3,81,11.1,30.35
2025-09-23T08:00,28.1,76,10.8,31.900000000000002
2025-09-23T09:00,30.0,69,12.4,33.45
2025-09-23T10:00,31.6,62,14.1,34.7
2025-09-23T11:00,32.6,58,16.1,35.5
2025-09-23T12:00,33.3,52,17.9,35.9
2025-09-23T13:00,33.5,49,18.6,35.95
2025-09-23T14:00,33.4,49,17.8,35.85
2025-09-23T15:00,33.1,51,16.5,35.65
2025-09-23T16:00,32.4,56,13.3,35.199999999999996
2025-09-23T17:00,30.9,62,8.5,34.0
2025-09-23T18:00,29.5,59,10.2,32.45
2025-09-23T19:00,28.7,62,9.9,31.8
2025-09-23T20:00,28.1,62,9.5,31.200000000000003
2025-09-23T21:00,27.7,62,9.5,30.8
2025-09-23T22:00,27.4,61,9.4,30.45
2025-09-23T23:00,27.1,61,9.6,30.150000000000002
2025-09-24T00:00,26.7,61,9.4,29.75
2025-09-24T01:00,26.0,64,8.0,29.2
2025-09-24T02:00,25.2,68,8.7,28.6
2025-09-24T03:00,24.6,71,7.7,28.150000000000002
2025-09-24T04:00,24.2,74,8.1,27.9
2025-09-24T05:00,23.7,77,7.3,27.55
2025-09-24T06:00,24.9,80,10.4,28.9
2025-09-24T07:00,25.9,79,10.8,29.849999999999998
2025-09-24T08:00,27.5,74,10.4,31.2
2025-09-24T09:00,29.3,67,12.4,32.65
2025-09-24T10:00,30.9,62,14.9,34.0
2025-09-24T11:00,32.0,57,16.8,34.85
2025-09-24T12:00,32.8,52,17.3,35.4
2025-09-24T13:00,33.1,50,17.9,35.6
2025-09-24T14:00,33.0,49,17.3,35.45
2025-09-24T15:00,32.6,51,15.7,35.15
2025-09-24T16:00,31.8,57,12.5,34.65
2025-09-24T17:00,30.2,63,8.0,33.35
2025-09-24T18:00,28.3,71,6.3,31.85
2025-09-24T19:00,27.7,73,5.4,31.35
2025-09-24T20:00,26.9,77,5.0,30.75
2025-09-24T21:00,26.0,81,6.2,30.05
2025-09-24T22:00,25.7,82,6.9,29.8
2025-09-24T23:00,26.0,76,9.1,29.8
2025-09-25T00:00,25.9,72,8.1,29.5
2025-09-25T01:00,24.9,77,6.5,28.75
2025-09-25T02:00,24.0,84,5.9,28.2
2025-09-25T03:00,23.5,86,5.6,27.8
2025-09-25T04:00,23.2,87,6.0,27.55
2025-09-25T05:00,23.3,87,7.0,27.650000000000002
2025-09-25T06:00,24.7,84,8.8,28.9
2025-09-25T07:00,25.9,82,9.5,30.0
2025-09-25T08:00,27.5,76,9.1,31.3
2025-09-25T09:00,29.4,70,11.1,32.9
2025-09-25T10:00,31.2,62,13.5,34.3
2025-09-25T11:00,32.3,54,14.3,35.0
2025-09-25T12:00,32.8,51,14.1,35.349999999999994
2025-09-25T13:00,33.1,50,14.1,35.6
2025-09-25T14:00,33.1,51,14.7,35.65
2025-09-25T15:00,32.8,52,14.6,35.4
2025-09-25T16:00,32.0,57,12.3,34.85
2025-09-25T17:00,30.5,64,8.1,33.7
2025-09-25T18:00,28.8,69,6.9,32.25
2025-09-25T19:00,27.8,72,6.5,31.400000000000002
2025-09-25T20:00,27.1,74,7.0,30.8
2025-09-25T21:00,26.6,76,7.4,30.400000000000002
2025-09-25T22:00,25.9,78,8.1,29.799999999999997
2025-09-25T23:00,25.4,78,7.8,29.299999999999997
2025-09-26T00:00,25.1,75,7.5,28.85
2025-09-26T01:00,24.5,76,6.9,28.3
2025-09-26T02:00,23.9,78,6.3,27.799999999999997
2025-09-26T03:00,23.3,81,5.9,27.35
2025-09-26T04:00,23.0,83,6.3,27.15
2025-09-26T05:00,22.7,85,6.2,26.95
2025-09-26T06:00,24.2,89,7.6,28.65
2025-09-26T07:00,25.9,84,9.1,30.099999999999998
2025-09-26T08:00,28.1,77,9.3,31.950000000000003
2025-09-26T09:00,30.2,69,10.8,33.65
2025-09-26T10:00,31.8,61,15.0,34.85
2025-09-26T11:00,32.7,55,16.5,35.45
2025-09-26T12:00,33.3,52,15.0,35.9
2025-09-26T13:00,33.6,51,14.9,36.15
2025-09-26T14:00,33.5,52,14.9,36.1
2025-09-26T15:00,33.2,53,14.6,35.85
2025-09-26T16:00,32.4,59,12.5,35.35
2025-09-26T17:00,31.1,65,8.5,34.35
2025-09-26T18:00,30.2,66,8.7,33.5
2025-09-26T19:00,29.3,69,8.2,32.75
2025-09-26T20:00,28.4,71,7.7,31.95
2025-09-26T21:00,27.6,74,7.0,31.3
2025-09-26T22:00,26.9,75,7.1,30.65
2025-09-26T23:00,26.3,77,7.0,30.150000000000002
2025-09-27T00:00,25.5,81,6.0,29.55
2025-09-27T01:00,24.9,84,5.8,29.099999999999998
2025-09-27T02:00,24.5,86,5.8,28.8
2025-09-27T03:00,24.2,87,6.1,28.55
2025-09-27T04:00,23.9,88,6.1,28.299999999999997
2025-09-27T05:00,23.5,90,6.0,28.0
2025-09-27T06:00,24.9,91,4.7,29.45
2025-09-27T07:00,26.6,85,4.1,30.85
2025-09-27T08:00,28.6,81,2.4,32.65
2025-09-27T09:00,30.8,72,3.2,34.4
2025-09-27T10:00,32.1,64,3.1,35.300000000000004
2025-09-27T11:00,33.0,59,2.8,35.95
2025-09-27T12:00,33.7,55,2.8,36.45
2025-09-27T13:00,34.1,53,3.3,36.75
2025-09-27T14:00,34.3,53,4.6,36.949999999999996
2025-09-27T15:00,34.3,52,4.9,36.9
2025-09-27T16:00,33.6,56,4.4,36.4
2025-09-27T17:00,32.4,69,1.5,35.85
2025-09-27T18:00,30.5,72,6.0,34.1
2025-09-27T19:00,29.4,77,5.4,33.25
2025-09-27T20:00,28.9,78,4.8,32.8
2025-09-27T21:00,28.3,81,5.0,32.35
2025-09-27T22:00,27.9,85,5.2,32.15
2025-09-27T23:00,27.5,87,5.3,31.85
2025-09-28T00:00,27.0,88,5.1,31.4
2025-09-28T01:00,26.5,89,4.9,30.95
2025-09-28T02:00,26.2,90,5.1,30.7
2025-09-28T03:00,26.1,90,6.1,30.6
2025-09-28T04:00,26.3,89,6.9,30.75
2025-09-28T05:00,26.2,88,5.9,30.6
2025-09-28T06:00,27.8,83,9.0,31.950000000000003
2025-09-28T07:00,28.7,81,9.5,32.75
2025-09-28T08:00,29.5,76,10.7,33.3
2025-09-28T09:00,30.9,71,9.9,34.449999999999996
2025-09-28T10:00,32.2,65,12.2,35.45
2025-09-28T11:00,33.2,58,13.4,36.1
2025-09-28T12:00,33.7,56,12.5,36.5
2025-09-28T13:00,33.9,56,10.5,36.699999999999996
2025-09-28T14:00,34.1,55,9.2,36.85
2025-09-28T15:00,33.9,55,8.2,36.65
2025-09-28T16:00,33.4,58,6.9,36.3
2025-09-28T17:00,32.1,73,3.1,35.75
2025-09-28T18:00,30.6,71,6.0,34.15
2025-09-28T19:00,29.9,73,6.4,33.55
2025-09-28T20:00,29.5,74,7.3,33.2
2025-09-28T21:00,29.1,75,7.0,32.85
2025-09-28T22:00,28.6,77,7.2,32.45
2025-09-28T23:00,28.0,80,7.0,32.0
2025-09-29T00:00,27.5,83,6.6,31.65
2025-09-29T01:00,27.0,86,6.1,31.3
2025-09-29T02:00,26.7,87,6.4,31.05
2025-09-29T03:00,26.4,90,5.9,30.9
2025-09-29T04:00,26.2,91,7.5,30.75
2025-09-29T05:00,25.9,93,9.7,30.549999999999997
2025-09-29T06:00,26.1,88,6.6,30.5
2025-09-29T07:00,27.1,86,7.2,31.400000000000002
2025-09-29T08:00,29.0,80,7.8,33.0
2025-09-29T09:00,30.7,73,8.0,34.35
2025-09-29T10:00,31.8,64,9.1,35.0
2025-09-29T11:00,32.7,59,8.2,35.650000000000006
2025-09-29T12:00,33.3,56,8.0,36.099999999999994
2025-09-29T13:00,33.5,55,6.4,36.25
2025-09-29T14:00,33.5,54,4.6,36.2
2025-09-29T15:00,33.5,55,3.6,36.25
2025-09-29T16:00,33.2,56,3.5,36.0
2025-09-29T17:00,31.9,70,2.8,35.4
2025-09-29T18:00,31.1,67,0.9,34.45
2025-09-29T19:00,29.9,72,2.5,33.5
2025-09-29T20:00,28.8,76,3.6,32.6
2025-09-29T21:00,28.1,80,2.2,32.1
2025-09-29T22:00,27.4,82,3.3,31.5
2025-09-29T23:00,27.2,82,5.4,31.3
2025-09-30T00:00,26.9,83,4.9,31.049999999999997
2025-09-30T01:00,26.7,85,3.5,30.95
2025-09-30T02:00,26.6,85,0.4,30.85
2025-09-30T03:00,25.8,88,6.4,30.200000000000003
2025-09-30T04:00,24.4,92,9.4,29.0
2025-09-30T05:00,24.4,95,9.4,29.15
2025-09-30T06:00,25.0,90,1.5,29.5
2025-09-30T07:00,25.8,90,1.6,30.3
2025-09-30T08:00,27.6,84,3.2,31.8
2025-09-30T09:00,29.9,74,1.5,33.6
2025-09-30T10:00,31.2,67,4.1,34.55
2025-09-30T11:00,32.3,61,3.6,35.349999999999994
2025-09-30T12:00,32.8,57,4.1,35.65
2025-09-30T13:00,32.5,58,2.3,35.4
2025-09-30T14:00,32.5,57,0.6,35.35
2025-09-30T15:00,32.2,57,1.6,35.050000000000004
2025-09-30T16:00,31.8,59,2.5,34.75
2025-09-30T17:00,31.3,68,0.6,34.7
2025-09-30T18:00,30.1,69,1.4,33.550000000000004
2025-09-30T19:00,29.7,72,1.5,33.3
2025-09-30T20:00,28.8,75,2.6,32.55
2025-09-30T21:00,27.8,80,5.2,31.8
2025-09-30T22:00,27.7,81,5.7,31.75
2025-09-30T23:00,27.4,82,6.2,31.5
2025-10-01T00:00,27.0,84,5.5,31.2
2025-10-01T01:00,26.6,86,4.5,30.900000000000002
2025-10-01T02:00,26.1,88,4.4,30.5
2025-10-01T03:00,25.7,89,4.8,30.15
2025-10-01T04:00,25.6,89,3.2,30.05
2025-10-01T05:00,23.7,96,2.6,28.5
2025-10-01T06:00,23.8,97,1.5,28.650000000000002
2025-10-01T07:00,24.9,94,0.9,29.599999999999998
2025-10-01T08:00,26.3,90,0.8,30.8
2025-10-01T09:00,28.0,81,6.8,32.05
2025-10-01T10:00,29.1,76,5.7,32.9
2025-10-01T11:00,29.8,75,4.4,33.55
2025-10-01T12:00,30.7,69,2.9,34.15
2025-10-01T13:00,31.3,65,3.1,34.55
2025-10-01T14:00,31.3,64,3.0,34.5
2025-10-01T15:00,31.1,63,2.4,34.25
2025-10-01T16:00,26.8,82,12.4,30.900000000000002
2025-10-01T17:00,28.7,77,6.6,32.55
2025-10-01T18:00,27.6,81,7.1,31.650000000000002
2025-10-01T19:00,27.1,84,2.8,31.3
2025-10-01T20:00,26.8,85,2.4,31.05
2025-10-01T21:00,26.4,88,3.7,30.799999999999997
2025-10-01T22:00,26.1,90,6.5,30.6
2025-10-01T23:00,26.2,90,11.0,30.7
2025-10-02T00:00,26.0,88,9.4,30.4
2025-10-02T01:00,25.3,90,5.0,29.8
2025-10-02T02:00,24.9,91,4.2,29.45
2025-10-02T03:00,24.4,91,8.7,28.95
2025-10-02T04:00,22.9,92,20.5,27.5
2025-10-02T05:00,23.8,94,2.5,28.5
2025-10-02T06:00,24.3,93,3.3,28.950000000000003
2025-10-02T07:00,25.3,90,3.2,29.8
2025-10-02T08:00,26.8,82,3.3,30.900000000000002
2025-10-02T09:00,28.5,76,4.8,32.3
2025-10-02T10:00,30.0,69,7.4,33.45
2025-10-02T11:00,30.3,69,8.3,33.75
2025-10-02T12:00,28.6,70,10.3,32.1
2025-10-02T13:00,29.9,67,5.0,33.25
2025-10-02T14:00,30.4,67,3.8,33.75
2025-10-02T15:00,30.7,66,4.6,34.0
2025-10-02T16:00,30.3,63,4.4,33.45
2025-10-02T17:00,29.0,78,5.1,32.9
2025-10-02T18:00,27.8,80,4.7,31.8
2025-10-02T19:00,27.1,85,0.5,31.35
2025-10-02T20:00,26.2,88,3.8,30.6
2025-10-02T21:00,26.0,90,6.0,30.5
2025-10-02T22:00,25.9,90,7.6,30.4
2025-10-02T23:00,25.5,95,4.9,30.25
2025-10-03T00:00,25.0,89,10.3,29.45
2025-10-03T01:00,24.4,93,4.9,29.049999999999997
2025-10-03T02:00,23.9,95,6.1,28.65
2025-10-03T03:00,23.7,96,5.8,28.5
2025-10-03T04:00,23.4,97,5.7,28.25
2025-10-03T05:00,23.8,98,5.3,28.700000000000003
2025-10-03T06:00,24.0,96,4.5,28.8
2025-10-03T07:00,25.2,92,4.3,29.8
2025-10-03T08:00,26.9,84,4.2,31.099999999999998
2025-10-03T09:00,28.4,74,6.0,32.1
2025-10-03T10:00,29.5,66,7.6,32.8
2025-10-03T11:00,30.1,65,7.3,33.35
2025-10-03T12:00,30.9,63,6.0,34.05
2025-10-03T13:00,31.3,62,4.2,34.4
2025-10-03T14:00,31.3,61,4.0,34.35
2025-10-03T15:00,31.3,59,4.7,34.25
2025-10-03T16:00,31.0,60,5.7,34.0
2025-10-03T17:00,30.3,74,2.1,34.0
2025-10-03T18:00,28.8,74,2.3,32.5
2025-10-03T19:00,27.7,79,2.8,31.65
2025-10-03T20:00,26.8,82,2.6,30.900000000000002
2025-10-03T21:00,26.0,86,3.2,30.3
2025-10-03T22:00,25.6,87,2.3,29.950000000000003
2025-10-03T23:00,25.7,89,4.6,30.15
2025-10-04T00:00,25.8,87,5.4,30.150000000000002
2025-10-04T01:00,25.4,90,7.6,29.9
2025-10-04T02:00,25.1,91,3.3,29.650000000000002
2025-10-04T03:00,24.7,92,2.5,29.3
2025-10-04T04:00,24.1,95,3.5,28.85
2025-10-04T05:00,23.8,94,3.4,28.5
2025-10-04T06:00,24.0,93,4.2,28.65
2025-10-04T07:00,25.3,88,5.0,29.700000000000003
2025-10-04T08:00,27.4,79,4.1,31.349999999999998
2025-10-04T09:00,29.4,68,6.7,32.8
2025-10-04T10:00,30.7,60,11.0,33.7
2025-10-04T11:00,31.5,58,11.3,34.4
2025-10-04T12:00,31.7,56,13.5,34.5
2025-10-04T13:00,32.0,55,13.9,34.75
2025-10-04T14:00,32.0,55,14.4,34.75
2025-10-04T15:00,31.8,55,13.1,34.55
2025-10-04T16:00,31.4,58,10.6,34.3
2025-10-04T17:00,29.5,65,7.1,32.75
2025-10-04T18:00,27.8,70,6.7,31.3
2025-10-04T19:00,27.6,69,8.1,31.05
2025-10-04T20:00,27.5,69,9.2,30.95
2025-10-04T21:00,27.0,72,9.6,30.6
2025-10-04T22:00,26.2,74,9.1,29.9
2025-10-04T23:00,25.8,72,9.7,29.400000000000002
2025-10-05T00:00,25.7,69,10.4,29.15
2025-10-05T01:00,25.2,69,10.2,28.65
2025-10-05T02:00,24.5,71,9.0,28.05
2025-10-05T03:00,23.6,75,7.3,27.35
2025-10-05T04:00,22.8,80,5.7,26.8
2025-10-05T05:00,23.8,89,6.9,28.25
2025-10-05T06:00,24.5,86,9.1,28.8
2025-10-05T07:00,25.7,84,9.9,29.9
2025-10-05T08:00,27.5,78,7.6,31.4
2025-10-05T09:00,29.2,71,10.6,32.75
2025-10-05T10:00,30.3,63,13.6,33.45
2025-10-05T11:00,29.9,65,7.9,33.15
2025-10-05T12:00,31.0,60,5.6,34.0
2025-10-05T13:00,31.6,55,5.9,34.35
2025-10-05T14:00,31.9,52,6.9,34.5
2025-10-05T15:00,31.9,50,7.6,34.4
2025-10-05T16:00,31.1,58,7.0,34.0
2025-10-05T17:00,29.1,67,6.2,32.45
2025-10-05T18:00,27.4,68,7.1,30.799999999999997
2025-10-05T19:00,26.9,66,7.5,30.2
2025-10-05T20:00,26.1,69,6.3,29.55
2025-10-05T21:00,25.8,70,4.7,29.3
2025-10-05T22:00,25.8,70,2.0,29.3
2025-10-05T23:00,25.5,74,9.5,29.2
2025-10-06T00:00,21.9,92,12.3,26.5
2025-10-06T01:00,22.4,92,12.9,27.0
2025-10-06T02:00,21.8,92,6.7,26.400000000000002
2025-10-06T03:00,21.6,94,4.2,26.3
2025-10-06T04:00,21.5,93,3.3,26.15
2025-10-06T05:00,22.0,93,5.6,26.65
2025-10-06T06:00,22.3,91,4.2,26.85
2025-10-06T07:00,23.8,84,2.7,28.0
2025-10-06T08:00,25.2,78,3.9,29.1
2025-10-06T09:00,25.9,76,3.9,29.7
2025-10-06T10:00,26.3,75,2.0,30.05
2025-10-06T11:00,28.2,69,4.3,31.65
2025-10-06T12:00,23.2,90,8.2,27.7
2025-10-06T13:00,23.4,90,8.4,27.9
2025-10-06T14:00,23.3,92,10.3,27.900000000000002
2025-10-06T15:00,23.4,92,8.6,28.0
2025-10-06T16:00,23.0,94,9.8,27.7
2025-10-06T17:00,22.8,94,11.0,27.5
2025-10-06T18:00,22.1,96,10.2,26.900000000000002
2025-10-06T19:00,22.0,96,10.5,26.8
2025-10-06T20:00,21.9,95,10.6,26.65
2025-10-06T21:00,21.7,95,9.5,26.45
2025-10-06T22:00,21.5,95,9.4,26.25
2025-10-06T23:00,22.4,95,6.3,27.15
2025-10-07T00:00,22.2,96,5.9,27.0
2025-10-07T01:00,22.1,96,1.9,26.900000000000002
2025-10-07T02:00,21.3,98,0.9,26.200000000000003
2025-10-07T03:00,21.6,97,1.4,26.450000000000003
2025-10-07T04:00,21.8,97,4.4,26.650000000000002
2025-10-07T05:00,21.7,97,4.6,26.55
2025-10-07T06:00,21.5,98,4.4,26.4
2025-10-07T07:00,22.4,95,3.4,27.15
2025-10-07T08:00,23.4,89,6.0,27.849999999999998
2025-10-07T09:00,24.6,83,8.4,28.75
2025-10-07T10:00,26.1,76,9.3,29.900000000000002
2025-10-07T11:00,26.9,69,8.6,30.349999999999998
2025-10-07T12:00,27.7,65,7.2,30.95
2025-10-07T13:00,28.3,64,7.2,31.5
2025-10-07T14:00,27.4,67,9.5,30.75
2025-10-07T15:00,24.8,78,13.6,28.700000000000003
2025-10-07T16:00,24.8,76,11.8,28.6
2025-10-07T17:00,22.2,87,16.6,26.55
2025-10-07T18:00,21.2,90,4.5,25.7
2025-10-07T19:00,21.1,91,4.7,25.650000000000002
2025-10-07T20:00,20.9,95,7.5,25.65
2025-10-07T21:00,20.5,96,5.8,25.3
2025-10-07T22:00,20.1,97,5.0,24.950000000000003
2025-10-07T23:00,20.4,96,3.4,25.2
2025-10-08T00:00,19.9,97,2.2,24.75
2025-10-08T01:00,19.4,99,1.8,24.349999999999998
2025-10-08T02:00,19.1,99,4.5,24.05
2025-10-08T03:00,18.9,100,4.2,23.9
2025-10-08T04:00,19.2,99,5.0,24.15
2025-10-08T05:00,19.9,99,3.0,24.849999999999998
2025-10-08T06:00,20.6,99,3.1,25.55
2025-10-08T07:00,21.1,96,8.0,25.900000000000002
2025-10-08T08:00,21.7,92,8.8,26.3
2025-10-08T09:00,22.7,88,6.4,27.1
2025-10-08T10:00,24.1,80,2.6,28.1
2025-10-08T11:00,25.2,75,1.7,28.95
2025-10-08T12:00,26.1,71,3.2,29.650000000000002
2025-10-08T13:00,26.6,68,5.8,30.0
2025-10-08T14:00,26.6,66,7.4,29.900000000000002
2025-10-08T15:00,24.1,76,13.1,27.900000000000002
2025-10-08T16:00,24.2,76,8.2,28.0
2025-10-08T17:00,22.5,81,8.0,26.55
2025-10-08T18:00,21.8,86,7.5,26.1
2025-10-08T19:00,21.1,89,5.6,25.55
2025-10-08T20:00,20.8,90,5.9,25.3
2025-10-08T21:00,20.2,92,5.2,24.8
2025-10-08T22:00,19.8,93,5.2,24.450000000000003
2025-10-08T23:00,20.9,97,5.4,25.75
2025-10-09T00:00,21.0,96,5.3,25.8
2025-10-09T01:00,20.8,97,5.9,25.650000000000002
2025-10-09T02:00,20.1,98,3.5,25.0
2025-10-09T03:00,19.7,98,4.9,24.6
2025-10-09T04:00,19.5,99,4.5,24.45
2025-10-09T05:00,19.7,99,5.2,24.65
2025-10-09T06:00,20.0,98,5.1,24.9
2025-10-09T07:00,21.4,93,8.5,26.049999999999997
2025-10-09T08:00,23.1,85,10.7,27.35
2025-10-09T09:00,24.1,81,10.6,28.150000000000002
2025-10-09T10:00,25.6,74,6.3,29.3
2025-10-09T11:00,27.1,67,10.1,30.450000000000003
2025-10-09T12:00,27.9,56,11.2,30.7
2025-10-09T13:00,28.4,49,11.6,30.849999999999998
2025-10-09T14:00,28.4,48,11.1,30.799999999999997
2025-10-09T15:00,28.1,49,11.3,30.55
2025-10-09T16:00,27.2,56,9.4,30.0
2025-10-09T17:00,25.6,66,6.1,28.900000000000002
2025-10-09T18:00,23.7,71,6.7,27.25
2025-10-09T19:00,23.3,70,9.2,26.8
2025-10-09T20:00,22.8,69,9.6,26.25
2025-10-09T21:00,22.2,71,10.2,25.75
2025-10-09T22:00,21.7,72,10.1,25.3
2025-10-09T23:00,21.5,79,9.3,25.45
2025-10-10T00:00,21.3,79,8.9,25.25
2025-10-10T01:00,20.7,81,8.7,24.75
2025-10-10T02:00,20.0,84,7.7,24.2
2025-10-10T03:00,19.4,87,6.6,23.75
2025-10-10T04:00,18.9,89,6.4,23.349999999999998
2025-10-10T05:00,19.0,92,6.3,23.6
2025-10-10T06:00,19.2,90,6.1,23.7
2025-10-10T07:00,20.5,86,7.5,24.8
2025-10-10T08:00,22.5,79,5.7,26.45
2025-10-10T09:00,24.4,72,6.0,28.0
2025-10-10T10:00,26.1,66,5.8,29.400000000000002
2025-10-10T11:00,27.4,55,6.7,30.15
2025-10-10T12:00,28.1,50,6.9,30.6
2025-10-10T13:00,28.4,48,7.1,30.799999999999997
2025-10-10T14:00,28.4,48,7.5,30.799999999999997
2025-10-10T15:00,28.2,48,8.4,30.6
2025-10-10T16:00,27.3,55,7.6,30.05
2025-10-10T17:00,25.0,63,6.9,28.15
2025-10-10T18:00,23.2,64,7.4,26.4
2025-10-10T19:00,22.1,68,6.9,25.5
2025-10-10T20:00,21.5,72,5.1,25.1
2025-10-10T21:00,21.1,73,3.9,24.75
2025-10-10T22:00,20.6,75,4.0,24.35
2025-10-10T23:00,20.0,83,4.6,24.15
2025-10-11T00:00,19.8,85,4.2,24.05
2025-10-11T01:00,19.3,87,4.5,23.650000000000002
2025-10-11T02:00,18.9,87,5.2,23.25
2025-10-11T03:00,18.7,87,5.2,23.05
2025-10-11T04:00,18.4,87,5.5,22.75
2025-10-11T05:00,18.8,92,5.2,23.400000000000002
2025-10-11T06:00,19.1,92,5.0,23.700000000000003
2025-10-11T07:00,20.8,87,6.8,25.150000000000002
2025-10-11T08:00,22.9,80,5.8,26.9
2025-10-11T09:00,24.9,71,6.8,28.45
2025-10-11T10:00,26.6,61,8.6,29.650000000000002
2025-10-11T11:00,27.4,55,10.1,30.15
2025-10-11T12:00,28.1,52,9.7,30.700000000000003
2025-10-11T13:00,28.5,49,9.3,30.95
2025-10-11T14:00,28.7,47,8.6,31.05
2025-10-11T15:00,28.4,48,8.5,30.799999999999997
2025-10-11T16:00,27.6,56,6.5,30.400000000000002
2025-10-11T17:00,26.6,67,3.3,29.950000000000003
2025-10-11T18:00,24.4,69,5.1,27.849999999999998
2025-10-11T19:00,23.3,73,5.4,26.950000000000003
2025-10-11T20:00,22.5,76,6.0,26.3
2025-10-11T21:00,22.2,76,7.3,26.0
2025-10-11T22:00,21.5,78,7.1,25.4
2025-10-11T23:00,21.9,79,7.8,25.849999999999998
2025-10-12T00:00,21.9,77,7.1,25.75
2025-10-12T01:00,20.6,82,5.8,24.700000000000003
2025-10-12T02:00,19.8,85,6.1,24.05
2025-10-12T03:00,19.3,85,6.4,23.55
2025-10-12T04:00,18.8,85,6.2,23.05
2025-10-12T05:00,19.3,91,6.5,23.85
2025-10-12T06:00,19.5,91,6.0,24.05
2025-10-12T07:00,21.1,86,8.0,25.400000000000002
2025-10-12T08:00,23.3,79,5.1,27.25
2025-10-12T09:00,25.4,72,5.3,29.0
2025-10-12T10:00,27.2,65,6.5,30.45
2025-10-12T11:00,28.8,53,10.2,31.450000000000003
2025-10-12T12:00,29.5,50,11.4,32.0
2025-10-12T13:00,29.7,49,12.5,32.15
2025-10-12T14:00,29.8,48,12.7,32.2
2025-10-12T15:00,29.5,49,12.2,31.95
2025-10-12T16:00,28.6,56,8.0,31.400000000000002
2025-10-12T17:00,26.2,64,7.3,29.4
2025-10-12T18:00,24.8,66,7.8,28.1
2025-10-12T19:00,23.4,71,6.8,26.95
2025-10-12T20:00,22.5,74,6.6,26.2
2025-10-12T21:00,21.8,77,6.8,25.650000000000002
2025-10-12T22:00,21.4,77,7.3,25.25
2025-10-12T23:00,20.9,81,6.9,24.95
2025-10-13T00:00,20.8,81,6.4,24.85
2025-10-13T01:00,20.3,82,6.6,24.400000000000002
2025-10-13T02:00,19.7,83,6.4,23.85
2025-10-13T03:00,19.2,84,5.5,23.4
2025-10-13T04:00,18.8,85,4.6,23.05
2025-10-13T05:00,18.7,92,4.6,23.3
2025-10-13T06:00,18.8,92,3.9,23.400000000000002
2025-10-13T07:00,20.5,87,5.0,24.85
2025-10-13T08:00,22.9,79,2.7,26.849999999999998
2025-10-13T09:00,25.2,70,2.9,28.7
2025-10-13T10:00,27.0,64,3.2,30.2
2025-10-13T11:00,28.8,51,4.7,31.35
2025-10-13T12:00,29.6,46,5.4,31.900000000000002
2025-10-13T13:00,29.9,45,5.9,32.15
2025-10-13T14:00,29.9,44,5.6,32.1
2025-10-13T15:00,29.6,45,5.1,31.85
2025-10-13T16:00,28.7,55,4.1,31.45
2025-10-13T17:00,26.1,62,6.1,29.200000000000003
2025-10-13T18:00,24.4,59,6.6,27.349999999999998
2025-10-13T19:00,24.3,58,4.2,27.200000000000003
2025-10-13T20:00,24.0,59,2.9,26.95
2025-10-13T21:00,22.9,63,5.1,26.049999999999997
2025-10-13T22:00,22.1,67,4.4,25.450000000000003
2025-10-13T23:00,21.4,75,4.9,25.15
2025-10-14T00:00,21.0,79,6.4,24.95
2025-10-14T01:00,20.4,81,6.0,24.45
2025-10-14T02:00,19.9,82,6.1,24.0
2025-10-14T03:00,19.3,84,6.0,23.5
2025-10-14T04:00,18.7,88,5.1,23.1
2025-10-14T05:00,19.0,93,6.0,23.65
2025-10-14T06:00,19.3,93,5.1,23.950000000000003
2025-10-14T07:00,21.0,88,6.2,25.4
2025-10-14T08:00,23.6,80,2.8,27.6
2025-10-14T09:00,26.1,69,2.8,29.55
2025-10-14T10:00,28.2,52,4.9,30.8
2025-10-14T11:00,29.1,43,7.4,31.25
2025-10-14T12:00,29.6,41,7.1,31.650000000000002
2025-10-14T13:00,29.8,40,6.7,31.8
2025-10-14T14:00,29.8,40,5.6,31.8
2025-10-14T15:00,29.5,42,5.1,31.6
2025-10-14T16:00,28.5,56,3.2,31.3
2025-10-14T17:00,26.5,62,2.7,29.6
2025-10-14T18:00,24.8,62,2.0,27.900000000000002
2025-10-14T19:00,23.7,64,1.5,26.9
2025-10-14T20:00,22.2,68,2.1,25.6
2025-10-14T21:00,21.1,72,3.3,24.700000000000003
2025-10-14T22:00,20.4,73,4.0,24.049999999999997
2025-10-14T23:00,19.9,81,4.4,23.95
2025-10-15T00:00,19.6,81,3.0,23.650000000000002
2025-10-15T01:00,19.3,82,1.7,23.400000000000002
2025-10-15T02:00,18.7,84,2.2,22.9
2025-10-15T03:00,18.4,84,2.6,22.599999999999998
2025-10-15T04:00,18.1,83,2.7,22.25
2025-10-15T05:00,18.1,90,4.4,22.6
2025-10-15T06:00,18.0,90,3.6,22.5
2025-10-15T07:00,19.6,86,5.4,23.900000000000002
2025-10-15T08:00,22.7,78,0.5,26.6
2025-10-15T09:00,25.3,69,3.4,28.75
2025-10-15T10:00,27.4,59,2.9,30.349999999999998
2025-10-15T11:00,29.3,39,6.4,31.25
2025-10-15T12:00,29.7,37,7.8,31.55
2025-10-15T13:00,29.9,37,8.0,31.75
2025-10-15T14:00,29.8,36,7.3,31.6
2025-10-15T15:00,29.5,38,6.4,31.4
2025-10-15T16:00,28.3,53,4.2,30.950000000000003
2025-10-15T17:00,26.2,59,3.0,29.15
2025-10-15T18:00,23.9,63,3.3,27.049999999999997
2025-10-15T19:00,22.9,64,2.9,26.099999999999998
2025-10-15T20:00,22.3,62,1.9,25.400000000000002
2025-10-15T21:00,21.4,64,2.2,24.599999999999998
2025-10-15T22:00,20.4,68,2.3,23.799999999999997
2025-10-15T23:00,20.0,72,2.5,23.6
2025-10-16T00:00,19.4,73,3.1,23.049999999999997
2025-10-16T01:00,18.9,74,3.1,22.599999999999998
2025-10-16T02:00,18.2,78,4.7,22.1
2025-10-16T03:00,17.9,79,6.7,21.849999999999998
2025-10-16T04:00,17.6,80,6.9,21.6
2025-10-16T05:00,17.5,88,6.5,21.9
2025-10-16T06:00,17.7,87,5.5,22.05
2025-10-16T07:00,19.7,79,6.9,23.65
2025-10-16T08:00,22.5,72,5.2,26.1
2025-10-16T09:00,25.1,65,4.3,28.35
2025-10-16T10:00,27.3,59,4.3,30.25
2025-10-16T11:00,29.0,47,7.0,31.35
2025-10-16T12:00,29.6,46,7.3,31.900000000000002
2025-10-16T13:00,29.8,46,7.0,32.1
2025-10-16T14:00,29.8,45,6.1,32.05
2025-10-16T15:00,29.6,46,5.8,31.900000000000002
2025-10-16T16:00,28.6,58,3.8,31.5
2025-10-16T17:00,26.1,62,3.8,29.200000000000003
2025-10-16T18:00,24.5,63,2.9,27.65
2025-10-16T19:00,23.5,66,3.2,26.8
2025-10-16T20:00,22.3,70,4.8,25.8
2025-10-16T21:00,21.6,69,4.5,25.05
2025-10-16T22:00,21.2,69,4.2,24.65
2025-10-16T23:00,20.7,74,4.4,24.4
2025-10-17T00:00,20.0,76,3.7,23.8
2025-10-17T01:00,18.9,81,5.1,22.95
2025-10-17T02:00,18.3,84,5.5,22.5
2025-10-17T03:00,18.1,84,4.9,22.3
2025-10-17T04:00,17.8,86,5.9,22.1
2025-10-17T05:00,18.2,87,6.3,22.55
2025-10-17T06:00,18.5,85,5.8,22.75
2025-10-17T07:00,20.2,79,7.3,24.15
2025-10-17T08:00,22.6,75,4.3,26.35
2025-10-17T09:00,25.1,71,3.5,28.650000000000002
2025-10-17T10:00,27.3,65,3.1,30.55
2025-10-17T11:00,29.2,53,5.5,31.85
2025-10-17T12:00,29.9,49,6.1,32.35
2025-10-17T13:00,30.2,48,6.3,32.6
2025-10-17T14:00,30.3,47,6.1,32.65
2025-10-17T15:00,30.1,48,5.9,32.5
2025-10-17T16:00,29.1,60,3.7,32.1
2025-10-17T17:00,26.6,65,5.1,29.85
2025-10-17T18:00,25.0,63,4.9,28.15
2025-10-17T19:00,24.2,64,5.8,27.4
2025-10-17T20:00,23.0,68,6.9,26.4
2025-10-17T21:00,22.1,72,6.4,25.700000000000003
2025-10-17T22:00,21.6,74,5.4,25.3
2025-10-17T23:00,20.9,80,5.2,24.9
2025-10-18T00:00,20.4,82,6.2,24.5
2025-10-18T01:00,20.1,83,6.0,24.25
2025-10-18T02:00,19.7,85,5.9,23.95
2025-10-18T03:00,19.4,87,4.8,23.75
2025-10-18T04:00,19.1,87,5.1,23.450000000000003
2025-10-18T05:00,19.3,89,4.6,23.75
2025-10-18T06:00,19.4,89,4.8,23.849999999999998
2025-10-18T07:00,21.1,83,6.9,25.25
2025-10-18T08:00,23.4,77,3.2,27.25
2025-10-18T09:00,25.6,70,3.2,29.1
2025-10-18T10:00,27.6,64,3.1,30.8
2025-10-18T11:00,29.5,52,3.7,32.1
2025-10-18T12:00,30.3,48,3.7,32.7
2025-10-18T13:00,30.6,46,3.0,32.9
2025-10-18T14:00,30.7,44,2.4,32.9
2025-10-18T15:00,30.5,44,2.6,32.7
2025-10-18T16:00,29.6,55,1.8,32.35
2025-10-18T17:00,27.1,66,3.5,30.400000000000002
2025-10-18T18:00,25.6,66,2.8,28.900000000000002
2025-10-18T19:00,24.8,68,1.8,28.200000000000003
2025-10-18T20:00,23.9,71,1.3,27.45
2025-10-18T21:00,22.4,76,3.9,26.2
2025-10-18T22:00,22.2,75,3.5,25.95
2025-10-18T23:00,21.2,80,4.8,25.2
2025-10-19T00:00,20.7,81,3.7,24.75
2025-10-19T01:00,20.3,82,3.1,24.400000000000002
2025-10-19T02:00,19.5,83,3.9,23.65
2025-10-19T03:00,19.1,83,4.0,23.25
2025-10-19T04:00,19.0,81,1.9,23.05
2025-10-19T05:00,19.3,87,2.3,23.650000000000002
2025-10-19T06:00,19.6,84,1.3,23.8
2025-10-19T07:00,20.9,81,2.3,24.95
2025-10-19T08:00,23.7,75,1.4,27.45
2025-10-19T09:00,26.6,64,1.0,29.8
2025-10-19T10:00,28.5,56,1.1,31.3
2025-10-19T11:00,30.0,50,3.1,32.5
2025-10-19T12:00,30.7,48,4.5,33.1
2025-10-19T13:00,30.9,46,5.4,33.199999999999996
2025-10-19T14:00,30.7,46,4.6,33.0
2025-10-19T15:00,30.5,46,4.5,32.8
2025-10-19T16:00,29.3,61,3.1,32.35
2025-10-19T17:00,26.9,66,4.1,30.2
2025-10-19T18:00,25.0,69,4.3,28.45
2025-10-19T19:00,23.4,73,5.5,27.049999999999997
2025-10-19T20:00,22.5,75,5.2,26.25
2025-10-19T21:00,21.9,75,5.4,25.65
2025-10-19T22:00,21.5,76,5.9,25.3
2025-10-19T23:00,21.3,79,4.1,25.25
2025-10-20T00:00,20.7,80,3.3,24.7
2025-10-20T01:00,20.3,80,2.3,24.3
2025-10-20T02:00,20.3,78,1.3,24.200000000000003
2025-10-20T03:00,19.3,83,2.9,23.450000000000003
2025-10-20T04:00,18.8,85,3.6,23.05
2025-10-20T05:00,18.9,90,3.1,23.4
2025-10-20T06:00,19.1,88,0.9,23.5
2025-10-20T07:00,20.2,86,3.3,24.5
2025-10-20T08:00,22.9,76,1.3,26.7
2025-10-20T09:00,25.5,66,1.6,28.8
2025-10-20T10:00,27.5,59,1.1,30.45
2025-10-20T11:00,29.4,53,1.9,32.05
2025-10-20T12:00,30.5,43,2.9,32.65
2025-10-20T13:00,30.7,42,3.3,32.8
2025-10-20T14:00,30.6,42,4.3,32.7
2025-10-20T15:00,30.3,44,5.3,32.5
2025-10-20T16:00,28.9,54,6.9,31.599999999999998
2025-10-20T17:00,27.6,59,1.2,30.55
2025-10-20T18:00,25.9,62,2.5,29.0
2025-10-20T19:00,24.1,69,6.7,27.55
2025-10-20T20:00,23.1,72,6.3,26.700000000000003
2025-10-20T21:00,22.4,76,5.4,26.2
2025-10-20T22:00,21.6,81,5.2,25.650000000000002
2025-10-20T23:00,20.9,87,5.1,25.25
2025-10-21T00:00,20.7,87,4.7,25.05
2025-10-21T01:00,20.4,87,5.1,24.75
2025-10-21T02:00,20.1,87,4.3,24.450000000000003
2025-10-21T03:00,19.7,88,5.3,24.1
2025-10-21T04:00,19.7,88,5.8,24.1
2025-10-21T05:00,20.8,84,7.3,25.0
2025-10-21T06:00,21.8,81,5.7,25.85
2025-10-21T07:00,23.0,80,8.0,27.0
2025-10-21T08:00,24.6,78,5.6,28.5
2025-10-21T09:00,26.7,71,5.0,30.25
2025-10-21T10:00,28.5,59,6.0,31.45
2025-10-21T11:00,27.7,56,12.2,30.5
2025-10-21T12:00,29.0,49,5.7,31.45
2025-10-21T13:00,29.6,44,4.5,31.8
2025-10-21T14:00,29.7,42,5.2,31.8
2025-10-21T15:00,29.1,45,7.1,31.35
2025-10-21T16:00,28.1,55,5.0,30.85
2025-10-21T17:00,27.1,64,3.8,30.3
2025-10-21T18:00,24.5,72,4.9,28.1
2025-10-21T19:00,23.7,76,5.9,27.5
2025-10-21T20:00,23.4,76,1.1,27.2
2025-10-21T21:00,22.2,81,5.4,26.25
2025-10-21T22:00,21.4,85,4.7,25.65
2025-10-21T23:00,22.0,89,4.5,26.45
2025-10-22T00:00,21.3,93,5.2,25.950000000000003
2025-10-22T01:00,21.2,94,6.3,25.9
2025-10-22T02:00,21.0,93,5.2,25.65
2025-10-22T03:00,21.0,91,3.4,25.55
2025-10-22T04:00,20.3,94,2.6,25.0
2025-10-22T05:00,19.7,99,1.8,24.65
2025-10-22T06:00,19.2,100,3.1,24.2
2025-10-22T07:00,19.9,99,4.5,24.849999999999998
2025-10-22T08:00,22.7,94,4.6,27.4
2025-10-22T09:00,26.1,79,5.2,30.05
2025-10-22T10:00,28.1,68,6.5,31.5
2025-10-22T11:00,29.6,58,8.0,32.5
2025-10-22T12:00,30.2,51,7.3,32.75
2025-10-22T13:00,30.6,45,8.2,32.85
2025-10-22T14:00,30.3,45,10.0,32.55
2025-10-22T15:00,30.0,45,9.8,32.25
2025-10-22T16:00,28.8,52,7.7,31.400000000000002
2025-10-22T17:00,26.2,55,7.6,28.95
2025-10-22T18:00,25.2,56,8.4,28.0
2025-10-22T19:00,23.8,59,7.1,26.75
2025-10-22T20:00,23.0,61,6.2,26.05
2025-10-22T21:00,22.0,64,7.5,25.2
2025-10-22T22:00,21.8,62,8.3,24.900000000000002
2025-10-22T23:00,21.1,70,7.4,24.6
2025-10-23T00:00,20.3,71,6.9,23.85
2025-10-23T01:00,19.6,73,6.3,23.25
2025-10-23T02:00,19.0,75,6.3,22.75
2025-10-23T03:00,18.4,76,6.2,22.2
2025-10-23T04:00,17.8,78,6.0,21.700000000000003
2025-10-23T05:00,18.3,83,7.1,22.450000000000003
2025-10-23T06:00,18.1,80,6.9,22.1
2025-10-23T07:00,19.7,76,8.2,23.5
2025-10-23T08:00,22.1,72,6.2,25.700000000000003
2025-10-23T09:00,24.7,66,5.4,28.0
2025-10-23T10:00,26.9,61,4.9,29.95
2025-10-23T11:00,28.9,56,7.0,31.7
2025-10-23T12:00,30.0,45,8.6,32.25
2025-10-23T13:00,30.4,37,9.2,32.25
2025-10-23T14:00,30.3,36,9.3,32.1
2025-10-23T15:00,29.7,39,8.8,31.65
2025-10-23T16:00,28.0,48,6.8,30.4
2025-10-23T17:00,24.9,52,7.7,27.5
2025-10-23T18:00,23.7,51,8.2,26.25
2025-10-23T19:00,22.6,57,7.9,25.450000000000003
2025-10-23T20:00,21.5,62,7.0,24.6
2025-10-23T21:00,21.0,61,6.5,24.05
2025-10-23T22:00,20.0,65,5.2,23.25
2025-10-23T23:00,19.1,77,5.4,22.950000000000003
2025-10-24T00:00,18.9,75,4.7,22.65
2025-10-24T01:00,18.5,75,5.4,22.25
2025-10-24T02:00,18.0,77,5.8,21.85
2025-10-24T03:00,17.4,80,5.9,21.4
2025-10-24T04:00,16.9,82,6.1,21.0
2025-10-24T05:00,17.1,91,6.1,21.650000000000002
2025-10-24T06:00,16.7,92,4.9,21.3
2025-10-24T07:00,18.1,87,3.8,22.450000000000003
2025-10-24T08:00,21.0,79,0.7,24.95
2025-10-24T09:00,23.9,68,1.0,27.299999999999997
2025-10-24T10:00,26.4,59,1.3,29.349999999999998
2025-10-24T11:00,28.5,49,1.4,30.95
2025-10-24T12:00,29.8,35,2.3,31.55
2025-10-24T13:00,29.9,34,3.3,31.599999999999998
2025-10-24T14:00,29.8,34,3.7,31.5
2025-10-24T15:00,29.4,37,4.5,31.25
2025-10-24T16:00,28.0,57,3.1,30.85
2025-10-24T17:00,26.4,51,0.2,28.95
2025-10-24T18:00,24.5,54,0.4,27.2
2025-10-24T19:00,23.0,56,0.7,25.8
2025-10-24T20:00,21.9,59,0.9,24.849999999999998
2025-10-24T21:00,21.0,62,1.0,24.1
2025-10-24T22:00,20.5,63,0.9,23.65
2025-10-24T23:00,20.2,64,2.7,23.4
2025-10-25T00:00,19.7,66,1.2,23.0
2025-10-25T01:00,18.8,70,0.5,22.3
2025-10-25T02:00,18.0,74,1.4,21.7
2025-10-25T03:00,17.7,76,2.4,21.5
2025-10-25T04:00,17.3,77,3.4,21.150000000000002
2025-10-25T05:00,17.2,87,4.0,21.55
2025-10-25T06:00,17.8,84,1.1,22.0
2025-10-25T07:00,19.1,81,3.9,23.150000000000002
2025-10-25T08:00,22.1,74,3.2,25.8
2025-10-25T09:00,25.1,63,3.0,28.25
2025-10-25T10:00,27.1,55,3.1,29.85
2025-10-25T11:00,28.7,40,1.6,30.7
2025-10-25T12:00,29.2,39,1.5,31.15
2025-10-25T13:00,29.3,38,2.6,31.2
2025-10-25T14:00,29.2,38,4.4,31.099999999999998
2025-10-25T15:00,28.8,39,5.8,30.75
2025-10-25T16:00,27.3,54,4.7,30.0
2025-10-25T17:00,24.4,60,4.6,27.4
2025-10-25T18:00,22.2,64,5.6,25.4
2025-10-25T19:00,21.3,65,3.4,24.55
2025-10-25T20:00,20.4,67,2.1,23.75
2025-10-25T21:00,19.6,70,1.9,23.1
2025-10-25T22:00,19.9,63,1.3,23.049999999999997
2025-10-25T23:00,20.0,64,0.5,23.2
2025-10-26T00:00,20.1,60,0.6,23.1
2025-10-26T01:00,19.4,61,1.3,22.45
2025-10-26T02:00,17.8,68,3.2,21.200000000000003
2025-10-26T03:00,16.6,74,4.8,20.3
2025-10-26T04:00,15.7,82,4.8,19.8
2025-10-26T05:00,15.5,85,4.1,19.75
2025-10-26T06:00,15.4,85,3.6,19.65
2025-10-26T07:00,17.0,82,6.8,21.1
2025-10-26T08:00,20.3,72,4.5,23.900000000000002
2025-10-26T09:00,23.5,65,3.2,26.75
2025-10-26T10:00,25.9,56,3.2,28.7
2025-10-26T11:00,27.5,49,3.0,29.95
2025-10-26T12:00,28.5,42,0.9,30.6
2025-10-26T13:00,29.0,38,1.3,30.9
2025-10-26T14:00,29.1,37,1.9,30.950000000000003
2025-10-26T15:00,28.8,38,2.9,30.7
2025-10-26T16:00,27.1,58,4.0,30.0
2025-10-26T17:00,24.6,62,3.8,27.700000000000003
2025-10-26T18:00,22.4,69,5.8,25.849999999999998
2025-10-26T19:00,21.2,70,6.7,24.7
2025-10-26T20:00,21.2,65,3.4,24.45
2025-10-26T21:00,20.7,65,1.0,23.95
2025-10-26T22:00,19.7,71,2.6,23.25
2025-10-26T23:00,19.3,73,2.9,22.950000000000003
2025-10-27T00:00,18.4,79,4.9,22.349999999999998
2025-10-27T01:00,18.0,82,3.1,22.1
2025-10-27T02:00,17.5,84,2.7,21.7
2025-10-27T03:00,17.0,87,3.1,21.35
2025-10-27T04:00,16.7,88,2.8,21.1
2025-10-27T05:00,16.4,89,3.6,20.849999999999998
2025-10-27T06:00,15.9,91,5.1,20.45
2025-10-27T07:00,18.0,84,7.5,22.2
2025-10-27T08:00,21.1,76,4.8,24.900000000000002
2025-10-27T09:00,24.1,69,2.7,27.55
2025-10-27T10:00,26.5,58,3.5,29.4
2025-10-27T11:00,28.0,51,5.8,30.55
2025-10-27T12:00,28.5,47,5.2,30.85
2025-10-27T13:00,28.5,46,5.6,30.8
2025-10-27T14:00,28.3,45,6.3,30.55
2025-10-27T15:00,25.4,58,15.5,28.299999999999997
2025-10-27T16:00,23.0,58,9.5,25.9
2025-10-27T17:00,24.9,61,11.5,27.95
2025-10-27T18:00,23.7,62,12.1,26.8
2025-10-27T19:00,22.8,75,11.2,26.55
2025-10-27T20:00,22.3,72,9.9,25.900000000000002
2025-10-27T21:00,21.4,73,7.2,25.049999999999997
2025-10-27T22:00,20.7,76,5.2,24.5
2025-10-27T23:00,20.9,78,4.9,24.799999999999997
2025-10-28T00:00,20.5,82,4.6,24.6
2025-10-28T01:00,20.0,84,4.9,24.2
2025-10-28T02:00,19.7,86,4.2,24.0
2025-10-28T03:00,19.3,88,2.5,23.700000000000003
2025-10-28T04:00,19.0,89,5.2,23.45
2025-10-28T05:00,19.2,91,4.2,23.75
2025-10-28T06:00,19.5,89,4.5,23.95
2025-10-28T07:00,20.0,87,4.7,24.35
2025-10-28T08:00,21.2,84,4.4,25.4
2025-10-28T09:00,22.3,80,3.3,26.3
2025-10-28T10:00,23.6,75,0.6,27.35
2025-10-28T11:00,25.4,65,2.2,28.65
2025-10-28T12:00,25.5,64,0.8,28.7
2025-10-28T13:00,25.9,60,3.8,28.9
2025-10-28T14:00,26.3,59,3.4,29.25
2025-10-28T15:00,26.3,59,3.3,29.25
2025-10-28T16:00,25.7,65,3.5,28.95
2025-10-28T17:00,23.7,78,5.7,27.6
2025-10-28T18:00,22.5,84,6.7,26.7
2025-10-28T19:00,21.5,88,5.4,25.9
2025-10-28T20:00,20.9,91,5.1,25.45
2025-10-28T21:00,20.3,94,5.2,25.0
2025-10-28T22:00,20.0,95,3.4,24.75
2025-10-28T23:00,19.7,95,4.6,24.45
2025-10-29T00:00,19.6,95,3.9,24.35
2025-10-29T01:00,19.5,95,2.7,24.25
2025-10-29T02:00,19.4,95,3.1,24.15
2025-10-29T03:00,19.2,95,3.6,23.95
2025-10-29T04:00,19.1,96,5.5,23.900000000000002
2025-10-29T05:00,18.8,99,4.0,23.75
2025-10-29T06:00,18.6,99,4.8,23.55
2025-10-29T07:00,19.2,97,5.4,24.05
2025-10-29T08:00,21.1,91,4.6,25.650000000000002
2025-10-29T09:00,23.5,80,6.8,27.5
2025-10-29T10:00,25.4,70,9.7,28.9
2025-10-29T11:00,26.4,65,9.9,29.65
2025-10-29T12:00,27.4,60,8.2,30.4
2025-10-29T13:00,27.8,57,7.7,30.650000000000002
2025-10-29T14:00,27.9,56,7.1,30.7
2025-10-29T15:00,27.9,54,6.9,30.599999999999998
2025-10-29T16:00,26.9,64,4.0,30.099999999999998
2025-10-29T17:00,25.5,69,1.9,28.95
2025-10-29T18:00,24.1,72,1.9,27.700000000000003
2025-10-29T19:00,23.0,77,2.9,26.85
2025-10-29T20:00,22.2,82,3.3,26.3
2025-10-29T21:00,21.8,83,2.2,25.950000000000003
2025-10-29T22:00,21.3,85,3.5,25.55
2025-10-29T23:00,20.8,90,3.6,25.3
2025-10-30T00:00,20.5,91,4.8,25.05
2025-10-30T01:00,19.9,92,5.2,24.5
2025-10-30T02:00,20.0,91,5.4,24.55
2025-10-30T03:00,20.4,88,6.5,24.799999999999997
2025-10-30T04:00,20.8,86,6.3,25.1
2025-10-30T05:00,21.1,90,4.9,25.6
2025-10-30T06:00,20.8,93,5.0,25.450000000000003
2025-10-30T07:00,21.7,89,3.2,26.15
2025-10-30T08:00,22.1,89,0.8,26.55
2025-10-30T09:00,23.6,83,2.2,27.75
2025-10-30T10:00,24.6,80,1.4,28.6
2025-10-30T11:00,26.6,73,3.8,30.25
2025-10-30T12:00,26.8,73,3.2,30.450000000000003
2025-10-30T13:00,26.6,73,5.0,30.25
2025-10-30T14:00,26.5,71,4.2,30.05
2025-10-30T15:00,25.7,76,3.2,29.5
2025-10-30T16:00,24.9,83,2.7,29.049999999999997
2025-10-30T17:00,23.9,86,3.9,28.2
2025-10-30T18:00,23.3,90,4.2,27.8
2025-10-30T19:00,22.2,96,3.0,27.0
2025-10-30T20:00,21.9,98,4.2,26.799999999999997
2025-10-30T21:00,22.1,98,5.0,27.0
2025-10-30T22:00,22.0,98,4.6,26.9
2025-10-30T23:00,22.2,97,7.4,27.05
2025-10-31T00:00,21.9,98,3.2,26.799999999999997
2025-10-31T01:00,21.7,98,1.9,26.6
2025-10-31T02:00,21.5,98,3.8,26.4
2025-10-31T03:00,21.4,98,3.6,26.299999999999997
2025-10-31T04:00,21.4,98,0.8,26.299999999999997
2025-10-31T05:00,21.0,96,4.3,25.8
2025-10-31T06:00,20.8,97,3.4,25.650000000000002
2025-10-31T07:00,21.6,95,4.4,26.35
2025-10-31T08:00,23.0,90,8.1,27.5
2025-10-31T09:00,24.6,81,9.3,28.650000000000002
2025-10-31T10:00,26.1,72,8.6,29.700000000000003
2025-10-31T11:00,27.2,68,6.4,30.6
2025-10-31T12:00,28.0,66,6.3,31.3
2025-10-31T13:00,28.5,63,7.3,31.65
2025-10-31T14:00,28.5,61,7.3,31.55
2025-10-31T15:00,28.3,60,7.8,31.3
2025-10-31T16:00,27.6,64,6.8,30.8
2025-10-31T17:00,25.7,75,4.6,29.45
2025-10-31T18:00,24.6,77,6.1,28.450000000000003
2025-10-31T19:00,23.9,79,6.3,27.849999999999998
2025-10-31T20:00,23.2,81,6.5,27.25
2025-10-31T21:00,22.6,84,6.6,26.8
2025-10-31T22:00,22.2,86,6.7,26.5
2025-10-31T23:00,21.7,88,6.9,26.1
2025-11-01T00:00,21.3,89,5.7,25.75
2025-11-01T01:00,20.3,92,5.5,24.900000000000002
2025-11-01T02:00,19.7,94,6.2,24.4
2025-11-01T03:00,19.6,94,6.7,24.3
2025-11-01T04:00,19.5,93,7.0,24.15
2025-11-01T05:00,19.0,95,6.4,23.75
2025-11-01T06:00,19.1,93,6.3,23.75
2025-11-01T07:00,20.2,87,8.7,24.55
2025-11-01T08:00,22.6,80,7.1,26.6
2025-11-01T09:00,25.3,67,6.3,28.650000000000002
2025-11-01T10:00,27.2,58,7.1,30.1
2025-11-01T11:00,28.5,53,10.5,31.15
2025-11-01T12:00,29.3,42,12.8,31.400000000000002
2025-11-01T13:00,29.4,39,13.3,31.349999999999998
2025-11-01T14:00,29.3,38,13.0,31.2
2025-11-01T15:00,28.7,42,10.2,30.8
2025-11-01T16:00,26.9,52,6.6,29.5
2025-11-01T17:00,24.2,57,7.7,27.05
2025-11-01T18:00,23.7,55,9.0,26.45
2025-11-01T19:00,23.3,53,9.9,25.950000000000003
2025-11-01T20:00,22.8,54,9.3,25.5
2025-11-01T21:00,21.9,58,8.1,24.799999999999997
2025-11-01T22:00,21.4,60,8.4,24.4
2025-11-01T23:00,21.7,62,10.0,24.8
2025-11-02T00:00,21.3,63,8.9,24.450000000000003
2025-11-02T01:00,19.9,69,7.4,23.349999999999998
2025-11-02T02:00,19.1,73,7.7,22.75
2025-11-02T03:00,18.9,74,8.4,22.599999999999998
2025-11-02T04:00,18.7,75,8.2,22.45
2025-11-02T05:00,18.7,81,8.2,22.75
2025-11-02T06:00,18.4,82,6.9,22.5
2025-11-02T07:00,19.4,80,8.2,23.4
2025-11-02T08:00,21.5,75,7.0,25.25
2025-11-02T09:00,23.8,68,7.6,27.200000000000003
2025-11-02T10:00,26.0,61,8.9,29.05
2025-11-02T11:00,27.7,52,14.4,30.3
2025-11-02T12:00,28.4,44,17.1,30.599999999999998
2025-11-02T13:00,28.7,43,16.8,30.849999999999998
2025-11-02T14:00,28.7,42,16.5,30.8
2025-11-02T15:00,28.3,44,14.2,30.5
2025-11-02T16:00,26.8,49,11.3,29.25
2025-11-02T17:00,24.5,55,9.6,27.25
2025-11-02T18:00,23.4,56,9.7,26.2
2025-11-02T19:00,22.7,58,10.3,25.6
2025-11-02T20:00,21.8,59,10.0,24.75
2025-11-02T21:00,21.1,61,10.0,24.150000000000002
2025-11-02T22:00,20.5,61,10.4,23.55
2025-11-02T23:00,20.2,65,10.7,23.45
2025-11-03T00:00,19.9,64,10.7,23.099999999999998
2025-11-03T01:00,19.8,63,11.2,22.950000000000003
2025-11-03T02:00,19.4,63,11.1,22.549999999999997
2025-11-03T03:00,18.9,64,10.8,22.099999999999998
2025-11-03T04:00,18.1,67,10.0,21.450000000000003
2025-11-03T05:00,17.4,76,9.8,21.2
2025-11-03T06:00,17.3,76,9.4,21.1
2025-11-03T07:00,18.2,74,9.7,21.9
2025-11-03T08:00,20.3,70,8.6,23.8
2025-11-03T09:00,22.8,61,7.6,25.85
2025-11-03T10:00,25.1,54,8.5,27.8
2025-11-03T11:00,27.3,48,9.1,29.700000000000003
2025-11-03T12:00,28.5,43,11.1,30.65
2025-11-03T13:00,29.2,41,13.1,31.25
2025-11-03T14:00,29.4,38,13.9,31.299999999999997
2025-11-03T15:00,28.8,41,12.2,30.85
2025-11-03T16:00,26.9,47,10.0,29.25
2025-11-03T17:00,23.8,52,9.0,26.400000000000002
2025-11-03T18:00,22.8,53,9.0,25.450000000000003
2025-11-03T19:00,21.4,58,8.0,24.299999999999997
2025-11-03T20:00,21.0,58,7.8,23.9
2025-11-03T21:00,20.6,57,7.6,23.450000000000003
2025-11-03T22:00,19.9,60,5.3,22.9
2025-11-03T23:00,19.4,67,3.6,22.75
2025-11-04T00:00,18.6,70,1.4,22.1
2025-11-04T01:00,18.1,72,0.4,21.700000000000003
2025-11-04T02:00,17.3,75,1.1,21.05
2025-11-04T03:00,16.5,79,2.6,20.45
2025-11-04T04:00,16.9,79,5.2,20.849999999999998
2025-11-04T05:00,17.1,86,5.8,21.400000000000002
2025-11-04T06:00,18.3,80,5.9,22.3
2025-11-04T07:00,19.2,77,7.6,23.05
2025-11-04T08:00,21.3,72,6.2,24.900000000000002
2025-11-04T09:00,23.4,63,5.8,26.549999999999997
2025-11-04T10:00,25.5,56,6.9,28.3
2025-11-04T11:00,27.4,48,7.4,29.799999999999997
2025-11-04T12:00,28.1,44,9.6,30.3
2025-11-04T13:00,28.0,45,13.9,30.25
2025-11-04T14:00,27.7,48,13.0,30.1
2025-11-04T15:00,27.5,49,10.2,29.95
2025-11-04T16:00,25.9,57,6.2,28.75
2025-11-04T17:00,23.7,64,7.2,26.9
2025-11-04T18:00,22.6,69,8.7,26.05
2025-11-04T19:00,21.2,77,7.3,25.05
2025-11-04T20:00,21.1,80,9.0,25.1
2025-11-04T21:00,20.1,87,6.3,24.450000000000003
2025-11-04T22:00,19.3,90,5.6,23.8
2025-11-04T23:00,20.7,86,4.5,25.0
2025-11-05T00:00,20.2,88,1.3,24.6
2025-11-05T01:00,20.0,91,9.1,24.55
2025-11-05T02:00,19.2,87,10.6,23.55
2025-11-05T03:00,18.1,89,4.9,22.55
2025-11-05T04:00,18.0,88,7.9,22.4
2025-11-05T05:00,18.2,97,1.2,23.05
2025-11-05T06:00,17.9,100,0.2,22.9
2025-11-05T07:00,18.4,99,4.0,23.349999999999998
2025-11-05T08:00,20.6,92,2.3,25.200000000000003
2025-11-05T09:00,23.3,82,4.0,27.400000000000002
2025-11-05T10:00,25.3,72,3.8,28.900000000000002
2025-11-05T11:00,27.4,65,5.6,30.65
2025-11-05T12:00,28.3,57,8.1,31.150000000000002
2025-11-05T13:00,28.3,53,9.4,30.950000000000003
2025-11-05T14:00,27.7,52,12.1,30.3
2025-11-05T15:00,27.3,50,10.7,29.8
2025-11-05T16:00,26.1,59,5.1,29.05
2025-11-05T17:00,24.9,67,2.0,28.25
2025-11-05T18:00,23.0,65,8.5,26.25
2025-11-05T19:00,22.3,57,11.9,25.150000000000002
2025-11-05T20:00,21.5,56,11.1,24.3
2025-11-05T21:00,20.4,58,10.3,23.299999999999997
2025-11-05T22:00,19.8,59,11.1,22.75
2025-11-05T23:00,19.6,66,11.9,22.900000000000002
2025-11-06T00:00,19.0,65,12.5,22.25
2025-11-06T01:00,18.3,62,13.0,21.400000000000002
2025-11-06T02:00,17.4,57,12.8,20.25
2025-11-06T03:00,16.3,53,12.6,18.950000000000003
2025-11-06T04:00,15.4,56,12.1,18.2
2025-11-06T05:00,14.8,71,11.3,18.35
2025-11-06T06:00,14.4,73,10.6,18.05
2025-11-06T07:00,15.0,71,11.6,18.55
2025-11-06T08:00,17.1,68,10.6,20.5
2025-11-06T09:00,19.4,61,9.3,22.45
2025-11-06T10:00,21.6,55,9.9,24.35
2025-11-06T11:00,24.0,46,13.0,26.3
2025-11-06T12:00,24.9,40,12.8,26.9
2025-11-06T13:00,25.4,39,12.7,27.349999999999998
2025-11-06T14:00,25.4,38,12.7,27.299999999999997
2025-11-06T15:00,25.0,41,12.3,27.05
2025-11-06T16:00,23.3,48,8.4,25.700000000000003
2025-11-06T17:00,20.5,53,9.1,23.15
2025-11-06T18:00,19.7,54,9.6,22.4
2025-11-06T19:00,18.9,56,9.7,21.7
2025-11-06T20:00,18.4,57,10.3,21.25
2025-11-06T21:00,18.0,57,11.3,20.85
2025-11-06T22:00,17.3,58,11.0,20.200000000000003
2025-11-06T23:00,17.0,60,11.5,20.0
2025-11-07T00:00,16.2,61,10.4,19.25
2025-11-07T01:00,15.5,63,9.8,18.65
2025-11-07T02:00,15.0,65,9.8,18.25
2025-11-07T03:00,14.4,66,9.5,17.7
2025-11-07T04:00,14.0,68,9.5,17.4
2025-11-07T05:00,14.1,73,10.0,17.75
2025-11-07T06:00,13.9,72,9.6,17.5
2025-11-07T07:00,14.6,70,10.7,18.1
2025-11-07T08:00,16.6,66,9.9,19.900000000000002
2025-11-07T09:00,18.9,59,9.5,21.849999999999998
2025-11-07T10:00,21.1,53,9.4,23.75
2025-11-07T11:00,24.0,48,10.3,26.4
2025-11-07T12:00,25.4,44,10.9,27.599999999999998
2025-11-07T13:00,26.1,39,11.9,28.05
2025-11-07T14:00,26.2,37,12.1,28.05
2025-11-07T15:00,25.7,40,10.4,27.7
2025-11-07T16:00,23.7,48,7.6,26.1
2025-11-07T17:00,21.3,49,10.4,23.75
2025-11-07T18:00,20.4,50,10.5,22.9
2025-11-07T19:00,19.0,53,10.4,21.65
2025-11-07T20:00,18.1,55,10.1,20.85
2025-11-07T21:00,17.3,56,9.7,20.1
2025-11-07T22:00,16.5,57,9.1,19.35
2025-11-07T23:00,16.0,62,9.3,19.1
2025-11-08T00:00,15.2,65,9.1,18.45
2025-11-08T01:00,14.7,66,9.5,18.0
2025-11-08T02:00,14.4,67,9.7,17.75
2025-11-08T03:00,13.9,67,9.4,17.25
2025-11-08T04:00,13.5,66,9.0,16.8
2025-11-08T05:00,13.0,70,8.4,16.5
2025-11-08T06:00,12.3,73,7.0,15.950000000000001
2025-11-08T07:00,13.3,71,6.9,16.85
2025-11-08T08:00,15.9,66,7.1,19.2
2025-11-08T09:00,18.6,58,5.8,21.5
2025-11-08T10:00,21.1,50,6.5,23.6
2025-11-08T11:00,23.8,37,9.6,25.650000000000002
2025-11-08T12:00,24.6,34,10.0,26.3
2025-11-08T13:00,25.0,33,10.0,26.65
2025-11-08T14:00,25.0,32,9.8,26.6
2025-11-08T15:00,24.4,36,8.6,26.2
2025-11-08T16:00,22.3,52,5.4,24.900000000000002
2025-11-08T17:00,19.1,52,7.9,21.700000000000003
2025-11-08T18:00,18.0,53,8.1,20.65
2025-11-08T19:00,17.0,57,8.2,19.85
2025-11-08T20:00,16.4,60,8.6,19.4
2025-11-08T21:00,15.9,61,8.6,18.95
2025-11-08T22:00,15.3,63,8.4,18.450000000000003
2025-11-08T23:00,14.5,69,8.0,17.95
2025-11-09T00:00,14.0,71,9.0,17.55
2025-11-09T01:00,13.7,71,8.8,17.25
2025-11-09T02:00,13.3,71,8.3,16.85
2025-11-09T03:00,12.7,72,7.8,16.3
2025-11-09T04:00,12.3,73,7.7,15.950000000000001
2025-11-09T05:00,12.1,77,8.0,15.95
2025-11-09T06:00,11.8,78,7.6,15.700000000000001
2025-11-09T07:00,13.0,74,8.6,16.7
2025-11-09T08:00,15.7,69,8.6,19.15
2025-11-09T09:00,18.6,62,6.3,21.700000000000003
2025-11-09T10:00,21.3,55,7.2,24.05
2025-11-09T11:00,24.0,43,11.2,26.15
2025-11-09T12:00,24.9,38,12.1,26.799999999999997
2025-11-09T13:00,25.3,37,11.6,27.150000000000002
2025-11-09T14:00,25.3,37,11.2,27.150000000000002
2025-11-09T15:00,24.9,40,9.8,26.9
2025-11-09T16:00,22.8,53,5.9,25.450000000000003
2025-11-09T17:00,19.7,56,8.0,22.5
2025-11-09T18:00,19.0,55,8.5,21.75
2025-11-09T19:00,18.1,57,8.9,20.950000000000003
2025-11-09T20:00,17.2,59,8.7,20.15
2025-11-09T21:00,16.4,61,8.7,19.45
2025-11-09T22:00,15.6,63,8.6,18.75
2025-11-09T23:00,14.9,66,8.9,18.2
2025-11-10T00:00,13.9,70,8.4,17.4
2025-11-10T01:00,13.4,72,8.1,17.0
2025-11-10T02:00,12.8,74,7.6,16.5
2025-11-10T03:00,12.1,76,7.2,15.9
2025-11-10T04:00,11.5,78,7.0,15.4
2025-11-10T05:00,11.2,84,6.8,15.399999999999999
2025-11-10T06:00,11.1,83,6.2,15.25
2025-11-10T07:00,12.5,77,5.6,16.35
2025-11-10T08:00,15.3,70,6.3,18.8
2025-11-10T09:00,18.4,62,5.3,21.5
2025-11-10T10:00,21.1,54,6.0,23.8
2025-11-10T11:00,23.7,46,7.5,26.0
2025-11-10T12:00,24.9,37,10.2,26.75
2025-11-10T13:00,25.3,35,10.7,27.05
2025-11-10T14:00,25.3,34,10.6,27.0
2025-11-10T15:00,24.8,37,8.6,26.650000000000002
2025-11-10T16:00,22.6,53,5.5,25.25
2025-11-10T17:00,19.9,51,5.7,22.45
2025-11-10T18:00,18.5,53,6.5,21.15
2025-11-10T19:00,17.2,55,7.0,19.95
2025-11-10T20:00,16.1,58,6.9,19.0
2025-11-10T21:00,15.4,60,7.0,18.4
2025-11-10T22:00,14.5,63,7.6,17.65
2025-11-10T23:00,13.7,71,7.3,17.25
2025-11-11T00:00,12.7,74,7.1,16.4
2025-11-11T01:00,12.3,76,7.9,16.1
2025-11-11T02:00,12.0,77,7.5,15.85
2025-11-11T03:00,11.8,76,7.5,15.600000000000001
2025-11-11T04:00,11.4,78,7.2,15.3
2025-11-11T05:00,11.2,85,7.1,15.45
2025-11-11T06:00,11.1,85,6.8,15.35
2025-11-11T07:00,12.5,79,7.4,16.45
2025-11-11T08:00,15.4,70,8.3,18.9
2025-11-11T09:00,18.6,63,6.6,21.75
2025-11-11T10:00,21.5,55,7.2,24.25
2025-11-11T11:00,24.2,46,10.0,26.5
2025-11-11T12:00,25.3,38,12.8,27.2
2025-11-11T13:00,25.6,36,12.6,27.400000000000002
2025-11-11T14:00,25.7,35,12.3,27.45
2025-11-11T15:00,25.1,39,10.5,27.05
2025-11-11T16:00,22.8,49,7.2,25.25
2025-11-11T17:00,19.5,53,8.8,22.15
2025-11-11T18:00,18.7,52,8.9,21.3
2025-11-11T19:00,18.0,53,9.4,20.65
2025-11-11T20:00,17.2,57,9.2,20.05
2025-11-11T21:00,16.6,60,9.6,19.6
2025-11-11T22:00,15.9,63,9.7,19.05
2025-11-11T23:00,15.1,69,9.7,18.55
2025-11-12T00:00,14.1,72,9.0,17.7
2025-11-12T01:00,13.6,72,8.6,17.2
2025-11-12T02:00,13.1,72,8.4,16.7
2025-11-12T03:00,12.8,72,8.2,16.400000000000002
2025-11-12T04:00,12.3,74,7.9,16.0
2025-11-12T05:00,11.9,78,7.7,15.8
2025-11-12T06:00,11.9,78,8.2,15.8
2025-11-12T07:00,13.0,75,9.3,16.75
2025-11-12T08:00,15.5,70,10.1,19.0
2025-11-12T09:00,18.3,63,7.8,21.450000000000003
2025-11-12T10:00,21.0,55,9.0,23.75
2025-11-12T11:00,23.7,47,11.8,26.05
2025-11-12T12:00,25.0,41,14.1,27.05
2025-11-12T13:00,25.6,37,15.7,27.450000000000003
2025-11-12T14:00,25.6,36,15.1,27.400000000000002
2025-11-12T15:00,25.0,39,12.0,26.95
2025-11-12T16:00,22.8,48,7.8,25.200000000000003
2025-11-12T17:00,19.4,54,8.5,22.099999999999998
2025-11-12T18:00,18.5,55,8.5,21.25
2025-11-12T19:00,17.2,59,8.5,20.15
2025-11-12T20:00,16.4,63,8.1,19.549999999999997
2025-11-12T21:00,15.7,65,8.0,18.95
2025-11-12T22:00,15.2,66,8.1,18.5
2025-11-12T23:00,14.8,69,8.5,18.25
2025-11-13T00:00,14.0,70,8.5,17.5
2025-11-13T01:00,13.1,74,6.8,16.8
2025-11-13T02:00,12.5,77,7.0,16.35
2025-11-13T03:00,11.9,80,7.2,15.9
2025-11-13T04:00,11.5,82,7.2,15.600000000000001
2025-11-13T05:00,11.1,88,7.4,15.5
2025-11-13T06:00,10.8,88,6.9,15.200000000000001
2025-11-13T07:00,11.7,84,7.8,15.899999999999999
2025-11-13T08:00,14.4,75,7.7,18.15
2025-11-13T09:00,17.4,66,5.7,20.7
2025-11-13T10:00,20.3,57,6.7,23.150000000000002
2025-11-13T11:00,23.1,48,9.0,25.5
2025-11-13T12:00,24.2,40,12.5,26.2
2025-11-13T13:00,24.8,37,12.0,26.650000000000002
2025-11-13T14:00,24.9,36,11.5,26.7
2025-11-13T15:00,24.4,39,9.5,26.349999999999998
2025-11-13T16:00,22.1,53,6.0,24.75
2025-11-13T17:00,18.7,56,8.1,21.5
2025-11-13T18:00,17.6,56,8.4,20.400000000000002
2025-11-13T19:00,16.6,59,8.4,19.55
2025-11-13T20:00,15.5,63,8.3,18.65
2025-11-13T21:00,15.1,64,8.6,18.3
2025-11-13T22:00,14.6,65,8.7,17.85
2025-11-13T23:00,14.2,70,9.2,17.7
2025-11-14T00:00,13.1,75,8.1,16.85
2025-11-14T01:00,12.3,78,7.4,16.200000000000003
2025-11-14T02:00,11.7,81,7.3,15.75
2025-11-14T03:00,11.1,83,7.0,15.25
2025-11-14T04:00,10.8,84,6.9,15.0
2025-11-14T05:00,10.7,87,6.3,15.05
2025-11-14T06:00,10.6,87,6.0,14.95
2025-11-14T07:00,11.8,83,5.9,15.950000000000001
2025-11-14T08:00,14.6,74,6.1,18.3
2025-11-14T09:00,17.4,66,4.5,20.7
2025-11-14T10:00,20.1,56,5.4,22.900000000000002
2025-11-14T11:00,22.6,48,7.7,25.0
2025-11-14T12:00,23.9,40,10.1,25.9
2025-11-14T13:00,24.4,37,10.8,26.25
2025-11-14T14:00,24.6,35,10.7,26.35
2025-11-14T15:00,24.2,38,8.9,26.099999999999998
2025-11-14T16:00,21.8,54,5.6,24.5
2025-11-14T17:00,18.9,55,6.1,21.65
2025-11-14T18:00,17.6,58,7.4,20.5
2025-11-14T19:00,16.5,60,7.5,19.5
2025-11-14T20:00,15.7,62,7.5,18.8
2025-11-14T21:00,15.1,64,7.6,18.3
2025-11-14T22:00,14.4,67,7.6,17.75
2025-11-14T23:00,13.5,73,7.6,17.15
2025-11-15T00:00,12.5,77,7.6,16.35
2025-11-15T01:00,11.9,79,7.4,15.850000000000001
2025-11-15T02:00,11.3,82,7.1,15.400000000000002
2025-11-15T03:00,10.8,83,6.7,14.950000000000001
2025-11-15T04:00,10.4,85,6.6,14.65
2025-11-15T05:00,10.3,88,5.7,14.700000000000001
2025-11-15T06:00,10.1,88,5.7,14.5
2025-11-15T07:00,11.4,85,6.5,15.65
2025-11-15T08:00,14.4,74,7.6,18.1
2025-11-15T09:00,17.4,65,6.0,20.65
2025-11-15T10:00,20.1,55,6.6,22.85
2025-11-15T11:00,22.8,47,7.6,25.150000000000002
2025-11-15T12:00,24.1,39,8.9,26.05
2025-11-15T13:00,24.7,37,10.3,26.55
2025-11-15T14:00,24.9,37,10.6,26.75
2025-11-15T15:00,24.6,40,8.8,26.6
2025-11-15T16:00,22.6,58,4.2,25.5
2025-11-15T17:00,19.7,58,2.2,22.6
2025-11-15T18:00,18.1,65,1.5,21.35
2025-11-15T19:00,16.7,69,2.7,20.15
2025-11-15T20:00,15.5,71,4.8,19.05
2025-11-15T21:00,14.3,72,7.2,17.900000000000002
2025-11-15T22:00,13.8,74,7.8,17.5
2025-11-15T23:00,13.0,78,7.3,16.9
2025-11-16T00:00,11.8,83,6.7,15.950000000000001
2025-11-16T01:00,11.2,85,6.8,15.45
2025-11-16T02:00,10.8,85,6.9,15.05
2025-11-16T03:00,10.5,84,6.4,14.7
2025-11-16T04:00,10.2,85,6.6,14.45
2025-11-16T05:00,10.0,87,6.8,14.350000000000001
2025-11-16T06:00,9.8,88,6.6,14.200000000000001
2025-11-16T07:00,11.2,84,7.7,15.399999999999999
2025-11-16T08:00,14.3,74,9.2,18.0
2025-11-16T09:00,17.6,65,7.1,20.85
2025-11-16T10:00,20.4,58,8.9,23.299999999999997
2025-11-16T11:00,22.8,49,11.0,25.25
2025-11-16T12:00,24.1,43,12.8,26.25
2025-11-16T13:00,24.7,41,13.2,26.75
2025-11-16T14:00,24.8,38,13.2,26.7
2025-11-16T15:00,24.4,40,10.7,26.4
2025-11-16T16:00,21.9,57,5.7,24.75
2025-11-16T17:00,18.5,64,6.0,21.7
2025-11-16T18:00,17.0,71,6.1,20.55
2025-11-16T19:00,15.7,72,7.2,19.3
2025-11-16T20:00,15.0,68,7.7,18.4
2025-11-16T21:00,14.5,65,8.0,17.75
2025-11-16T22:00,13.7,68,7.5,17.1
2025-11-16T23:00,12.4,78,6.5,16.3
2025-11-17T00:00,11.3,82,6.8,15.400000000000002
2025-11-17T01:00,10.9,83,6.5,15.05
2025-11-17T02:00,10.5,84,6.6,14.7
2025-11-17T03:00,10.2,84,6.1,14.399999999999999
2025-11-17T04:00,9.8,85,5.8,14.05
2025-11-17T05:00,9.9,87,4.5,14.25
2025-11-17T06:00,9.9,87,6.0,14.25
2025-11-17T07:00,11.2,81,5.8,15.25
2025-11-17T08:00,14.2,70,6.8,17.7
2025-11-17T09:00,17.1,63,5.1,20.25
2025-11-17T10:00,19.8,55,4.7,22.55
2025-11-17T11:00,22.3,47,4.7,24.650000000000002
2025-11-17T12:00,23.6,41,5.7,25.650000000000002
2025-11-17T13:00,24.1,39,6.2,26.05
2025-11-17T14:00,24.1,38,5.5,26.0
2025-11-17T15:00,23.7,41,4.6,25.75
2025-11-17T16:00,22.0,62,1.5,25.1
2025-11-17T17:00,19.0,59,1.1,21.95
2025-11-17T18:00,17.3,66,2.7,20.6
2025-11-17T19:00,15.5,77,4.9,19.35
2025-11-17T20:00,14.8,80,4.4,18.8
2025-11-17T21:00,14.7,78,2.5,18.6
2025-11-17T22:00,14.2,79,1.5,18.15
2025-11-17T23:00,13.4,84,0.5,17.6
2025-11-18T00:00,12.5,87,1.2,16.85
2025-11-18T01:00,11.9,90,2.1,16.4
2025-11-18T02:00,11.5,90,1.9,16.0
2025-11-18T03:00,11.0,91,2.5,15.55
2025-11-18T04:00,10.6,92,2.8,15.2
2025-11-18T05:00,10.3,93,2.3,14.950000000000001
2025-11-18T06:00,10.1,94,2.1,14.8
2025-11-18T07:00,10.9,94,2.9,15.600000000000001
2025-11-18T08:00,14.1,85,3.8,18.35
2025-11-18T09:00,17.7,73,3.4,21.35
2025-11-18T10:00,20.3,61,3.9,23.35
2025-11-18T11:00,22.7,53,5.5,25.35
2025-11-18T12:00,23.8,46,7.2,26.1
2025-11-18T13:00,24.2,45,7.7,26.45
2025-11-18T14:00,24.2,46,7.8,26.5
2025-11-18T15:00,23.8,49,7.4,26.25
2025-11-18T16:00,21.9,67,4.5,25.25
2025-11-18T17:00,18.8,75,5.6,22.55
2025-11-18T18:00,17.5,82,5.2,21.6
2025-11-18T19:00,16.8,83,2.5,20.950000000000003
2025-11-18T20:00,16.2,84,1.0,20.4
2025-11-18T21:00,15.4,87,0.3,19.75
2025-11-18T22:00,14.7,90,0.0,19.2
2025-11-18T23:00,13.6,94,1.5,18.3
2025-11-19T00:00,12.8,96,3.5,17.6
2025-11-19T01:00,12.7,95,3.2,17.45
2025-11-19T02:00,12.1,95,4.5,16.85
2025-11-19T03:00,11.7,96,4.4,16.5
2025-11-19T04:00,11.4,97,3.3,16.25
2025-11-19T05:00,11.1,97,1.8,15.95
2025-11-19T06:00,10.9,98,0.9,15.8
2025-11-19T07:00,11.3,99,1.0,16.25
2025-11-19T08:00,14.1,92,0.3,18.7
2025-11-19T09:00,17.7,80,0.7,21.7
2025-11-19T10:00,20.8,68,1.7,24.200000000000003
2025-11-19T11:00,23.3,56,5.2,26.1
2025-11-19T12:00,24.3,51,6.5,26.85
2025-11-19T13:00,24.7,49,5.8,27.15
2025-11-19T14:00,24.7,49,4.9,27.15
2025-11-19T15:00,24.3,50,4.2,26.8
2025-11-19T16:00,22.5,69,3.7,25.95
2025-11-19T17:00,19.6,73,3.5,23.25
2025-11-19T18:00,18.3,78,3.6,22.200000000000003
2025-11-19T19:00,16.8,85,4.9,21.05
2025-11-19T20:00,15.9,88,5.1,20.3
2025-11-19T21:00,15.4,88,3.8,19.8
2025-11-19T22:00,15.1,88,1.1,19.5
2025-11-19T23:00,14.6,91,0.8,19.15
2025-11-20T00:00,13.9,93,1.1,18.55
2025-11-20T01:00,13.7,93,0.9,18.35
2025-11-20T02:00,13.4,93,0.9,18.05
2025-11-20T03:00,12.9,95,0.9,17.65
2025-11-20T04:00,12.5,97,0.6,17.35
2025-11-20T05:00,12.1,100,0.8,17.1
2025-11-20T06:00,11.8,100,1.9,16.8
2025-11-20T07:00,12.5,99,3.2,17.45
2025-11-20T08:00,15.4,90,3.2,19.9
2025-11-20T09:00,18.5,80,0.9,22.5
2025-11-20T10:00,21.2,70,0.4,24.7
2025-11-20T11:00,23.4,59,2.9,26.349999999999998
2025-11-20T12:00,24.7,50,4.9,27.2
2025-11-20T13:00,25.1,47,4.1,27.450000000000003
2025-11-20T14:00,25.1,47,2.9,27.450000000000003
2025-11-20T15:00,24.8,47,2.4,27.150000000000002
2025-11-20T16:00,23.5,63,1.5,26.65
2025-11-20T17:00,21.0,62,1.6,24.1
2025-11-20T18:00,19.3,71,2.9,22.85
2025-11-20T19:00,17.5,82,4.3,21.6
2025-11-20T20:00,16.2,89,5.1,20.65
2025-11-20T21:00,15.6,89,4.0,20.05
2025-11-20T22:00,15.4,89,1.8,19.85
2025-11-20T23:00,14.9,90,1.5,19.4
2025-11-21T00:00,13.7,94,3.4,18.4
2025-11-21T01:00,13.3,95,3.1,18.05
2025-11-21T02:00,13.0,96,2.5,17.8
2025-11-21T03:00,12.7,96,2.8,17.5
2025-11-21T04:00,12.7,96,1.9,17.5
2025-11-21T05:00,12.2,98,3.2,17.1
2025-11-21T06:00,11.9,98,4.2,16.8
2025-11-21T07:00,12.7,98,3.3,17.6
2025-11-21T08:00,15.7,89,2.6,20.15
2025-11-21T09:00,18.9,77,0.8,22.75
2025-11-21T10:00,21.4,65,1.5,24.65
2025-11-21T11:00,23.4,57,3.8,26.25
2025-11-21T12:00,24.5,49,4.7,26.95
2025-11-21T13:00,24.9,46,2.7,27.2
2025-11-21T14:00,24.9,46,1.9,27.2
2025-11-21T15:00,24.5,47,2.5,26.85
2025-11-21T16:00,22.8,63,3.9,25.950000000000003
2025-11-21T17:00,19.6,70,6.2,23.1
2025-11-21T18:00,18.0,76,6.0,21.8
2025-11-21T19:00,16.9,81,4.7,20.95
2025-11-21T20:00,16.0,85,5.3,20.25
2025-11-21T21:00,15.5,87,6.2,19.85
2025-11-21T22:00,15.3,84,5.3,19.5
2025-11-21T23:00,15.1,85,4.7,19.35
2025-11-22T00:00,14.2,87,2.9,18.55
2025-11-22T01:00,13.8,88,1.1,18.200000000000003
2025-11-22T02:00,13.1,91,1.3,17.65
2025-11-22T03:00,12.4,93,1.9,17.05
2025-11-22T04:00,12.0,94,2.8,16.7
2025-11-22T05:00,12.0,96,3.4,16.8
2025-11-22T06:00,12.1,94,4.9,16.8
2025-11-22T07:00,13.0,93,4.9,17.65
2025-11-22T08:00,16.2,83,5.8,20.35
2025-11-22T09:00,19.3,74,3.2,23.0
2025-11-22T10:00,21.8,64,4.3,25.0
2025-11-22T11:00,24.0,46,7.4,26.3
2025-11-22T12:00,24.8,39,8.4,26.75
2025-11-22T13:00,25.0,38,9.2,26.9
2025-11-22T14:00,24.9,38,9.2,26.799999999999997
2025-11-22T15:00,24.3,41,7.7,26.35
2025-11-22T16:00,22.3,59,3.9,25.25
2025-11-22T17:00,19.8,58,2.0,22.700000000000003
2025-11-22T18:00,18.4,65,1.3,21.65
2025-11-22T19:00,17.1,71,1.5,20.650000000000002
2025-11-22T20:00,16.0,76,1.8,19.8
2025-11-22T21:00,14.9,80,2.2,18.9
2025-11-22T22:00,14.4,81,1.4,18.45
2025-11-22T23:00,14.0,82,1.5,18.1
2025-11-23T00:00,12.7,87,4.2,17.05
2025-11-23T01:00,12.5,87,2.9,16.85
2025-11-23T02:00,12.2,88,1.2,16.6
2025-11-23T03:00,11.7,89,1.6,16.15
2025-11-23T04:00,11.1,91,2.6,15.649999999999999
2025-11-23T05:00,11.3,94,1.0,16.0
2025-11-23T06:00,11.2,93,1.8,15.85
2025-11-23T07:00,11.5,94,2.9,16.2
2025-11-23T08:00,14.5,84,4.2,18.7
2025-11-23T09:00,18.0,71,2.1,21.55
2025-11-23T10:00,20.8,61,1.5,23.85
2025-11-23T11:00,22.8,53,2.3,25.450000000000003
2025-11-23T12:00,24.0,45,4.2,26.25
2025-11-23T13:00,24.5,40,6.6,26.5
2025-11-23T14:00,24.5,40,7.3,26.5
2025-11-23T15:00,24.0,42,8.2,26.1
2025-11-23T16:00,21.6,57,6.5,24.450000000000003
2025-11-23T17:00,18.2,68,6.9,21.6
2025-11-23T18:00,16.5,77,6.7,20.35
2025-11-23T19:00,15.3,82,5.9,19.400000000000002
2025-11-23T20:00,14.3,85,5.1,18.55
2025-11-23T21:00,13.5,87,4.8,17.85
2025-11-23T22:00,13.1,87,3.5,17.45
2025-11-23T23:00,12.6,89,4.7,17.05
2025-11-24T00:00,12.0,89,3.2,16.45
2025-11-24T01:00,11.5,90,3.6,16.0
2025-11-24T02:00,10.9,92,4.9,15.5
2025-11-24T03:00,10.5,93,5.7,15.15
2025-11-24T04:00,10.4,92,5.5,15.0
2025-11-24T05:00,10.0,97,4.5,14.850000000000001
2025-11-24T06:00,10.0,96,3.9,14.8
2025-11-24T07:00,10.6,95,4.4,15.35
2025-11-24T08:00,13.4,85,4.7,17.65
2025-11-24T09:00,16.7,76,2.7,20.5
2025-11-24T10:00,19.6,64,2.2,22.8
2025-11-24T11:00,22.0,54,3.9,24.7
2025-11-24T12:00,23.1,46,5.3,25.400000000000002
2025-11-24T13:00,23.5,43,6.5,25.65
2025-11-24T14:00,23.5,42,7.4,25.6
2025-11-24T15:00,23.0,43,7.9,25.15
2025-11-24T16:00,20.9,59,5.2,23.849999999999998
2025-11-24T17:00,17.7,64,6.2,20.9
2025-11-24T18:00,16.4,69,5.4,19.849999999999998
2025-11-24T19:00,14.9,76,5.3,18.7
2025-11-24T20:00,13.8,81,4.6,17.85
2025-11-24T21:00,12.9,83,4.5,17.05
2025-11-24T22:00,12.1,84,5.5,16.3
2025-11-24T23:00,11.9,83,3.9,16.05
2025-11-25T00:00,11.0,84,5.6,15.2
2025-11-25T01:00,10.4,86,6.2,14.7
2025-11-25T02:00,10.0,87,4.9,14.350000000000001
2025-11-25T03:00,9.5,89,4.9,13.95
2025-11-25T04:00,9.0,91,5.1,13.55
2025-11-25T05:00,8.8,94,5.1,13.5
2025-11-25T06:00,8.6,94,5.6,13.3
2025-11-25T07:00,9.5,93,6.0,14.15
2025-11-25T08:00,12.2,82,5.8,16.3
2025-11-25T09:00,15.5,72,4.1,19.1
2025-11-25T10:00,18.4,64,4.8,21.599999999999998
2025-11-25T11:00,21.0,56,7.1,23.8
2025-11-25T12:00,22.4,47,10.1,24.75
2025-11-25T13:00,22.8,44,10.4,25.0
2025-11-25T14:00,22.8,44,10.0,25.0
2025-11-25T15:00,22.4,44,9.8,24.599999999999998
2025-11-25T16:00,20.3,57,5.9,23.150000000000002
2025-11-25T17:00,17.0,63,7.0,20.15
2025-11-25T18:00,15.7,67,7.5,19.05
2025-11-25T19:00,14.5,70,7.7,18.0
2025-11-25T20:00,13.6,73,7.6,17.25
2025-11-25T21:00,12.9,76,7.5,16.7
2025-11-25T22:00,12.2,79,7.2,16.15
2025-11-25T23:00,11.6,83,7.0,15.75
2025-11-26T00:00,10.9,86,7.2,15.2
2025-11-26T01:00,10.4,88,6.9,14.8
2025-11-26T02:00,9.8,89,6.5,14.25
2025-11-26T03:00,9.5,89,5.6,13.95
2025-11-26T04:00,9.2,90,4.4,13.7
2025-11-26T05:00,9.2,93,3.1,13.85
2025-11-26T06:00,9.1,93,2.7,13.75
2025-11-26T07:00,9.5,93,3.3,14.15
2025-11-26T08:00,12.3,84,4.3,16.5
2025-11-26T09:00,15.5,73,3.0,19.15
2025-11-26T10:00,18.2,63,2.9,21.35
2025-11-26T11:00,20.4,54,4.5,23.099999999999998
2025-11-26T12:00,21.5,47,5.3,23.85
2025-11-26T13:00,21.9,44,5.8,24.099999999999998
2025-11-26T14:00,22.0,43,5.4,24.15
2025-11-26T15:00,21.7,44,6.1,23.9
2025-11-26T16:00,19.7,63,4.4,22.85
2025-11-26T17:00,17.0,62,3.8,20.1
2025-11-26T18:00,15.6,70,3.5,19.1
2025-11-26T19:00,14.0,80,3.9,18.0
2025-11-26T20:00,13.1,83,3.9,17.25
2025-11-26T21:00,12.8,81,2.1,16.85
2025-11-26T22:00,12.3,82,0.9,16.400000000000002
2025-11-26T23:00,11.8,86,0.2,16.1
2025-11-27T00:00,11.2,88,0.5,15.6
2025-11-27T01:00,10.7,89,0.4,15.149999999999999
2025-11-27T02:00,10.0,92,0.8,14.600000000000001
2025-11-27T03:00,9.5,93,1.7,14.15
2025-11-27T04:00,9.0,93,2.5,13.65
2025-11-27T05:00,8.7,93,3.2,13.35
2025-11-27T06:00,8.7,92,2.7,13.3
2025-11-27T07:00,9.2,92,3.1,13.8
2025-11-27T08:00,12.5,82,5.5,16.6
2025-11-27T09:00,16.3,73,2.4,19.950000000000003
2025-11-27T10:00,19.1,63,3.0,22.25
2025-11-27T11:00,20.8,52,3.2,23.400000000000002
2025-11-27T12:00,22.0,47,3.3,24.35
2025-11-27T13:00,22.5,44,2.6,24.7
2025-11-27T14:00,22.6,43,2.7,24.75
2025-11-27T15:00,22.3,45,3.3,24.55
2025-11-27T16:00,20.3,66,3.2,23.6
2025-11-27T17:00,17.0,72,4.9,20.6
2025-11-27T18:00,15.3,81,6.3,19.35
2025-11-27T19:00,14.0,84,6.5,18.2
2025-11-27T20:00,13.3,84,6.1,17.5
2025-11-27T21:00,12.5,85,5.6,16.75
2025-11-27T22:00,11.7,86,6.4,16.0
2025-11-27T23:00,11.0,88,6.6,15.4
2025-11-28T00:00,10.3,85,6.2,14.55
2025-11-28T01:00,9.9,86,6.1,14.2
2025-11-28T02:00,9.6,89,5.8,14.05
2025-11-28T03:00,9.3,92,5.6,13.900000000000002
2025-11-28T04:00,9.0,94,6.2,13.7
2025-11-28T05:00,8.8,96,6.0,13.600000000000001
2025-11-28T06:00,8.5,96,5.4,13.3
2025-11-28T07:00,9.0,96,5.1,13.8
2025-11-28T08:00,11.8,86,6.5,16.1
2025-11-28T09:00,15.3,77,5.0,19.150000000000002
2025-11-28T10:00,18.3,65,5.1,21.55
2025-11-28T11:00,21.0,54,6.4,23.7
2025-11-28T12:00,22.5,48,7.1,24.9
2025-11-28T13:00,23.1,45,8.0,25.35
2025-11-28T14:00,23.3,45,8.8,25.55
2025-11-28T15:00,23.0,48,8.7,25.4
2025-11-28T16:00,20.8,62,5.6,23.900000000000002
2025-11-28T17:00,17.6,69,5.2,21.05
2025-11-28T18:00,16.6,73,7.1,20.25
2025-11-28T19:00,15.7,76,7.5,19.5
2025-11-28T20:00,14.8,80,7.7,18.8
2025-11-28T21:00,14.3,80,8.0,18.3
2025-11-28T22:00,13.9,79,7.6,17.85
2025-11-28T23:00,13.1,83,7.1,17.25
2025-11-29T00:00,12.6,83,7.8,16.75
2025-11-29T01:00,12.4,82,8.4,16.5
2025-11-29T02:00,11.9,84,8.0,16.1
2025-11-29T03:00,11.5,85,8.1,15.75
2025-11-29T04:00,11.4,85,8.6,15.65
2025-11-29T05:00,11.2,86,9.9,15.5
2025-11-29T06:00,11.3,85,9.4,15.55
2025-11-29T07:00,11.7,83,8.7,15.85
2025-11-29T08:00,14.0,76,9.5,17.8
2025-11-29T09:00,16.6,68,7.6,20.0
2025-11-29T10:00,19.1,60,8.6,22.1
2025-11-29T11:00,21.6,54,8.5,24.3
2025-11-29T12:00,23.3,49,10.2,25.75
2025-11-29T13:00,24.2,47,11.4,26.55
2025-11-29T14:00,24.4,43,13.6,26.549999999999997
2025-11-29T15:00,23.9,44,12.2,26.099999999999998
2025-11-29T16:00,21.8,54,6.6,24.5
2025-11-29T17:00,18.4,61,7.6,21.45
2025-11-29T18:00,17.3,61,8.1,20.35
2025-11-29T19:00,16.3,64,8.1,19.5
2025-11-29T20:00,15.4,67,8.5,18.75
2025-11-29T21:00,14.6,68,8.4,18.0
2025-11-29T22:00,13.8,69,8.6,17.25
2025-11-29T23:00,12.9,72,8.6,16.5
2025-11-30T00:00,12.1,73,8.7,15.75
2025-11-30T01:00,11.6,71,8.8,15.15
2025-11-30T02:00,11.0,70,8.4,14.5
2025-11-30T03:00,10.3,71,7.9,13.850000000000001
2025-11-30T04:00,9.5,74,7.3,13.2
2025-11-30T05:00,9.5,82,7.4,13.600000000000001
2025-11-30T06:00,9.1,84,6.9,13.3
2025-11-30T07:00,9.8,81,7.7,13.850000000000001
2025-11-30T08:00,12.2,74,10.4,15.899999999999999
2025-11-30T09:00,14.9,64,9.2,18.1
2025-11-30T10:00,17.5,55,9.4,20.25
2025-11-30T11:00,20.3,46,10.0,22.6
2025-11-30T12:00,21.9,40,11.6,23.9
2025-11-30T13:00,22.7,36,14.1,24.5
2025-11-30T14:00,22.6,35,14.7,24.35
2025-11-30T15:00,22.0,39,12.2,23.95
2025-11-30T16:00,20.0,47,7.7,22.35
2025-11-30T17:00,16.2,55,8.1,18.95
2025-11-30T18:00,15.2,57,8.4,18.05
2025-11-30T19:00,14.2,59,8.4,17.15
2025-11-30T20:00,13.4,60,8.7,16.4
2025-11-30T21:00,12.7,59,8.5,15.649999999999999
2025-11-30T22:00,11.9,61,8.4,14.950000000000001
2025-11-30T23:00,10.8,66,7.7,14.100000000000001
2025-12-01T00:00,9.7,69,7.5,13.149999999999999
2025-12-01T01:00,8.9,74,7.1,12.600000000000001
2025-12-01T02:00,8.4,77,7.1,12.25
2025-12-01T03:00,7.8,80,6.4,11.8
2025-12-01T04:00,7.5,81,5.3,11.55
2025-12-01T05:00,7.1,88,4.1,11.5
2025-12-01T06:00,6.7,89,2.6,11.15
2025-12-01T07:00,7.1,90,0.7,11.6
2025-12-01T08:00,9.6,83,2.8,13.75
2025-12-01T09:00,13.3,70,2.7,16.8
2025-12-01T10:00,16.4,58,2.6,19.299999999999997
2025-12-01T11:00,19.5,48,3.3,21.9
2025-12-01T12:00,21.2,40,4.2,23.2
2025-12-01T13:00,21.9,38,5.4,23.799999999999997
2025-12-01T14:00,22.1,38,6.4,24.0
2025-12-01T15:00,21.5,41,6.4,23.55
2025-12-01T16:00,19.1,61,4.4,22.150000000000002
2025-12-01T17:00,15.7,63,5.7,18.85
2025-12-01T18:00,14.3,70,6.2,17.8
2025-12-01T19:00,13.3,75,5.2,17.05
2025-12-01T20:00,12.8,75,3.5,16.55
2025-12-01T21:00,12.6,73,2.2,16.25
2025-12-01T22:00,11.9,76,1.6,15.700000000000001
2025-12-01T23:00,11.1,80,2.3,15.1
2025-12-02T00:00,10.2,84,3.2,14.399999999999999
2025-12-02T01:00,9.7,85,3.1,13.95
2025-12-02T02:00,9.4,86,3.4,13.7
2025-12-02T03:00,9.1,88,5.8,13.5
2025-12-02T04:00,9.2,87,6.5,13.55
2025-12-02T05:00,8.6,92,4.5,13.2
2025-12-02T06:00,8.9,92,4.1,13.5
2025-12-02T07:00,9.5,91,2.9,14.05
2025-12-02T08:00,12.3,81,2.4,16.35
2025-12-02T09:00,16.2,70,0.5,19.7
2025-12-02T10:00,19.2,55,1.5,21.95
2025-12-02T11:00,21.5,50,2.8,24.0
2025-12-02T12:00,22.9,49,2.4,25.349999999999998
2025-12-02T13:00,23.5,50,1.5,26.0
2025-12-02T14:00,23.6,51,3.3,26.150000000000002
2025-12-02T15:00,23.1,52,7.2,25.700000000000003
2025-12-02T16:00,21.2,60,8.2,24.2
2025-12-02T17:00,17.3,71,7.1,20.85
2025-12-02T18:00,16.2,71,8.1,19.75
2025-12-02T19:00,14.8,71,7.5,18.35
2025-12-02T20:00,13.9,74,7.1,17.6
2025-12-02T21:00,13.0,77,6.2,16.85
2025-12-02T22:00,12.0,81,6.6,16.05
2025-12-02T23:00,11.3,85,6.8,15.55
2025-12-03T00:00,10.2,87,7.1,14.55
2025-12-03T01:00,9.6,85,6.9,13.85
2025-12-03T02:00,8.8,85,6.4,13.05
2025-12-03T03:00,8.3,87,5.6,12.650000000000002
2025-12-03T04:00,7.8,88,5.6,12.2
2025-12-03T05:00,7.7,91,6.6,12.25
2025-12-03T06:00,7.3,91,6.0,11.85
2025-12-03T07:00,7.6,92,5.7,12.2
2025-12-03T08:00,10.4,81,7.2,14.45
2025-12-03T09:00,13.6,73,4.9,17.25
2025-12-03T10:00,16.8,62,6.4,19.900000000000002
2025-12-03T11:00,19.4,50,10.3,21.9
2025-12-03T12:00,20.6,43,10.6,22.75
2025-12-03T13:00,21.2,41,10.6,23.25
2025-12-03T14:00,21.3,40,11.2,23.3
2025-12-03T15:00,20.8,41,11.3,22.85
2025-12-03T16:00,18.8,51,7.0,21.35
2025-12-03T17:00,15.1,62,8.0,18.2
2025-12-03T18:00,14.5,64,8.2,17.7
2025-12-03T19:00,13.5,69,8.1,16.95
2025-12-03T20:00,12.8,72,8.4,16.400000000000002
2025-12-03T21:00,12.2,72,8.4,15.799999999999999
2025-12-03T22:00,11.4,74,7.9,15.100000000000001
2025-12-03T23:00,10.6,77,8.1,14.45
2025-12-04T00:00,9.4,82,7.5,13.5
2025-12-04T01:00,8.9,84,7.4,13.100000000000001
2025-12-04T02:00,8.7,85,8.1,12.95
2025-12-04T03:00,8.4,87,8.1,12.75
2025-12-04T04:00,8.1,88,8.0,12.5
2025-12-04T05:00,7.9,89,8.5,12.350000000000001
2025-12-04T06:00,7.7,89,8.4,12.15
2025-12-04T07:00,8.1,87,10.1,12.45
2025-12-04T08:00,10.3,79,11.5,14.25
2025-12-04T09:00,13.1,70,7.5,16.6
2025-12-04T10:00,15.9,62,8.7,19.0
2025-12-04T11:00,18.6,55,11.4,21.35
2025-12-04T12:00,20.1,48,12.3,22.5
2025-12-04T13:00,20.8,44,13.0,23.0
2025-12-04T14:00,21.0,42,13.1,23.1
2025-12-04T15:00,20.6,42,12.2,22.700000000000003
2025-12-04T16:00,18.6,50,8.1,21.1
2025-12-04T17:00,14.7,61,7.7,17.75
2025-12-04T18:00,13.7,64,7.2,16.9
2025-12-04T19:00,12.6,68,6.5,16.0
2025-12-04T20:00,11.6,72,7.3,15.2
2025-12-04T21:00,11.0,73,7.8,14.65
2025-12-04T22:00,10.4,73,8.0,14.05
2025-12-04T23:00,9.4,79,7.4,13.350000000000001
2025-12-05T00:00,8.5,81,7.5,12.55
2025-12-05T01:00,8.0,82,7.7,12.100000000000001
2025-12-05T02:00,7.5,83,7.1,11.65
2025-12-05T03:00,6.9,84,6.2,11.100000000000001
2025-12-05T04:00,6.5,85,5.6,10.75
2025-12-05T05:00,6.5,88,4.7,10.9
2025-12-05T06:00,6.2,89,4.3,10.65
2025-12-05T07:00,6.5,90,5.2,11.0
2025-12-05T08:00,9.6,78,6.3,13.5
2025-12-05T09:00,12.9,69,3.8,16.35
2025-12-05T10:00,15.8,59,5.0,18.75
2025-12-05T11:00,18.6,52,6.7,21.200000000000003
2025-12-05T12:00,19.9,46,7.8,22.2
2025-12-05T13:00,20.5,45,7.9,22.75
2025-12-05T14:00,20.7,45,8.2,22.95
2025-12-05T15:00,20.4,47,8.7,22.75
2025-12-05T16:00,18.4,60,5.7,21.4
2025-12-05T17:00,15.5,65,8.5,18.75
2025-12-05T18:00,14.4,69,7.8,17.85
2025-12-05T19:00,13.2,75,8.0,16.95
2025-12-05T20:00,12.3,80,7.8,16.3
2025-12-05T21:00,11.6,82,7.9,15.7
2025-12-05T22:00,11.2,80,8.0,15.2
2025-12-05T23:00,10.8,80,8.5,14.8
2025-12-06T00:00,9.9,82,8.1,14.0
2025-12-06T01:00,9.3,84,7.9,13.5
2025-12-06T02:00,9.0,83,8.0,13.15
2025-12-06T03:00,8.9,83,9.3,13.05
2025-12-06T04:00,9.0,82,10.2,13.100000000000001
2025-12-06T05:00,8.6,87,10.4,12.95
2025-12-06T06:00,8.4,88,9.9,12.8
2025-12-06T07:00,8.8,85,10.9,13.05
2025-12-06T08:00,11.0,77,12.9,14.85
2025-12-06T09:00,13.7,66,10.3,17.0
2025-12-06T10:00,16.3,57,11.2,19.150000000000002
2025-12-06T11:00,19.1,51,12.3,21.650000000000002
2025-12-06T12:00,21.0,46,12.5,23.3
2025-12-06T13:00,22.3,40,13.9,24.3
2025-12-06T14:00,22.7,39,14.1,24.65
2025-12-06T15:00,22.4,40,13.9,24.4
2025-12-06T16:00,20.5,45,11.8,22.75
2025-12-06T17:00,17.5,53,10.3,20.15
2025-12-06T18:00,17.0,55,10.9,19.75
2025-12-06T19:00,15.9,59,10.8,18.85
2025-12-06T20:00,15.1,60,10.7,18.1
2025-12-06T21:00,14.0,63,9.7,17.15
2025-12-06T22:00,13.1,66,8.7,16.4
2025-12-06T23:00,12.6,70,8.7,16.1
2025-12-07T00:00,11.6,74,8.3,15.3
2025-12-07T01:00,11.1,75,8.5,14.85
2025-12-07T02:00,10.8,76,9.0,14.600000000000001
2025-12-07T03:00,10.6,76,9.7,14.4
2025-12-07T04:00,10.4,77,9.6,14.25
2025-12-07T05:00,9.4,84,9.2,13.600000000000001
2025-12-07T06:00,9.1,86,8.5,13.399999999999999
2025-12-07T07:00,9.4,85,9.6,13.65
2025-12-07T08:00,11.7,76,11.7,15.5
2025-12-07T09:00,14.4,68,8.9,17.8
2025-12-07T10:00,17.1,59,10.4,20.05
2025-12-07T11:00,19.9,51,11.1,22.45
2025-12-07T12:00,21.8,46,11.8,24.1
2025-12-07T13:00,22.9,42,13.0,25.0
2025-12-07T14:00,23.2,41,12.6,25.25
2025-12-07T15:00,22.7,44,12.1,24.9
2025-12-07T16:00,20.9,51,10.6,23.45
2025-12-07T17:00,17.8,60,9.5,20.8
2025-12-07T18:00,17.1,64,9.6,20.3
2025-12-07T19:00,16.2,68,10.5,19.6
2025-12-07T20:00,15.3,69,10.0,18.75
2025-12-07T21:00,14.6,70,9.7,18.1
2025-12-07T22:00,14.0,71,9.4,17.55
2025-12-07T23:00,13.3,74,9.6,17.0
2025-12-08T00:00,12.8,74,10.5,16.5
2025-12-08T01:00,12.7,72,11.3,16.3
2025-12-08T02:00,12.3,72,10.9,15.9
2025-12-08T03:00,12.0,73,10.6,15.65
2025-12-08T04:00,11.7,74,10.5,15.399999999999999
2025-12-08T05:00,10.7,81,9.0,14.75
2025-12-08T06:00,10.1,85,8.8,14.35
2025-12-08T07:00,10.3,85,9.7,14.55
2025-12-08T08:00,12.6,76,12.0,16.4
2025-12-08T09:00,15.4,67,9.7,18.75
2025-12-08T10:00,18.1,59,10.6,21.05
2025-12-08T11:00,20.9,51,11.2,23.45
2025-12-08T12:00,22.7,47,11.7,25.05
2025-12-08T13:00,23.7,41,13.0,25.75
2025-12-08T14:00,23.9,39,14.8,25.849999999999998
2025-12-08T15:00,23.3,42,14.7,25.400000000000002
2025-12-08T16:00,21.3,46,12.5,23.6
2025-12-08T17:00,18.3,54,10.7,21.0
2025-12-08T18:00,17.4,57,11.3,20.25
2025-12-08T19:00,16.4,61,10.8,19.45
2025-12-08T20:00,15.6,63,11.1,18.75
2025-12-08T21:00,15.0,64,11.8,18.2
2025-12-08T22:00,14.4,63,12.8,17.55
2025-12-08T23:00,13.9,63,13.2,17.05
2025-12-09T00:00,13.4,63,13.1,16.55
2025-12-09T01:00,12.9,65,12.7,16.15
2025-12-09T02:00,12.4,68,12.9,15.8
2025-12-09T03:00,12.1,71,13.0,15.65
2025-12-09T04:00,11.8,73,12.9,15.450000000000001
2025-12-09T05:00,11.2,77,12.7,15.049999999999999
2025-12-09T06:00,11.0,77,12.5,14.85
2025-12-09T07:00,11.1,76,12.8,14.9
2025-12-09T08:00,12.8,71,13.9,16.35
2025-12-09T09:00,15.1,64,11.2,18.3
2025-12-09T10:00,17.4,58,11.2,20.299999999999997
2025-12-09T11:00,20.1,52,12.1,22.700000000000003
2025-12-09T12:00,22.0,47,13.2,24.35
2025-12-09T13:00,23.1,42,14.2,25.200000000000003
2025-12-09T14:00,23.3,40,14.2,25.3
2025-12-09T15:00,22.7,43,13.6,24.849999999999998
2025-12-09T16:00,21.0,48,11.9,23.4
2025-12-09T17:00,17.6,58,9.4,20.5
2025-12-09T18:00,17.0,60,9.6,20.0
2025-12-09T19:00,15.9,65,9.1,19.15
2025-12-09T20:00,15.4,67,10.0,18.75
2025-12-09T21:00,15.0,67,10.9,18.35
2025-12-09T22:00,14.6,67,11.2,17.95
2025-12-09T23:00,13.6,71,10.9,17.15
2025-12-10T00:00,12.7,75,10.7,16.45
2025-12-10T01:00,12.1,77,11.1,15.95
2025-12-10T02:00,11.9,77,10.7,15.75
2025-12-10T03:00,11.5,79,10.6,15.45
2025-12-10T04:00,11.1,80,10.6,15.1
2025-12-10T05:00,10.7,81,9.9,14.75
2025-12-10T06:00,10.6,81,9.5,14.649999999999999
2025-12-10T07:00,10.7,80,10.0,14.7
2025-12-10T08:00,12.7,73,11.9,16.35
2025-12-10T09:00,15.2,66,8.7,18.5
2025-12-10T10:00,17.8,58,7.8,20.700000000000003
2025-12-10T11:00,20.4,51,7.0,22.95
2025-12-10T12:00,22.0,46,9.5,24.3
2025-12-10T13:00,22.9,41,10.3,24.95
2025-12-10T14:00,23.1,41,11.4,25.150000000000002
2025-12-10T15:00,22.7,44,11.4,24.9
2025-12-10T16:00,20.7,54,7.2,23.4
2025-12-10T17:00,17.1,66,7.7,20.400000000000002
2025-12-10T18:00,16.2,70,7.5,19.7
2025-12-10T19:00,15.2,75,6.9,18.95
2025-12-10T20:00,14.3,79,7.4,18.25
2025-12-10T21:00,13.7,80,7.2,17.7
2025-12-10T22:00,13.1,81,7.5,17.15
2025-12-10T23:00,12.0,86,7.1,16.3
2025-12-11T00:00,10.5,91,6.5,15.05
2025-12-11T01:00,10.1,91,5.3,14.649999999999999
2025-12-11T02:00,9.7,92,5.9,14.3
2025-12-11T03:00,9.5,92,5.5,14.100000000000001
2025-12-11T04:00,9.0,93,5.7,13.65
2025-12-11T05:00,9.1,94,5.8,13.8
2025-12-11T06:00,8.8,93,5.6,13.450000000000001
2025-12-11T07:00,8.8,93,5.9,13.450000000000001
2025-12-11T08:00,11.5,85,8.3,15.75
2025-12-11T09:00,14.5,76,4.9,18.3
2025-12-11T10:00,17.5,65,4.5,20.75
2025-12-11T11:00,20.6,56,5.9,23.400000000000002
2025-12-11T12:00,22.1,50,7.7,24.6
2025-12-11T13:00,23.0,46,9.4,25.3
2025-12-11T14:00,23.3,45,10.5,25.55
2025-12-11T15:00,22.9,46,10.6,25.2
2025-12-11T16:00,20.6,62,5.6,23.700000000000003
2025-12-11T17:00,17.3,71,5.9,20.85
2025-12-11T18:00,16.3,74,4.6,20.0
2025-12-11T19:00,15.1,80,4.3,19.1
2025-12-11T20:00,14.0,84,4.1,18.2
2025-12-11T21:00,13.1,87,3.1,17.45
2025-12-11T22:00,12.4,89,3.0,16.85
2025-12-11T23:00,11.8,93,1.1,16.450000000000003
2025-12-12T00:00,10.7,95,2.3,15.45
2025-12-12T01:00,10.2,96,3.9,15.0
2025-12-12T02:00,9.8,96,5.9,14.600000000000001
2025-12-12T03:00,9.5,94,5.7,14.2
2025-12-12T04:00,9.1,94,5.1,13.8
2025-12-12T05:00,8.5,98,5.1,13.4
2025-12-12T06:00,8.2,98,5.1,13.1
2025-12-12T07:00,8.5,97,2.9,13.350000000000001
2025-12-12T08:00,10.7,92,4.5,15.3
2025-12-12T09:00,13.9,82,2.5,18.0
2025-12-12T10:00,17.2,69,2.4,20.65
2025-12-12T11:00,20.0,59,2.9,22.95
2025-12-12T12:00,21.7,50,3.2,24.2
2025-12-12T13:00,22.4,47,3.5,24.75
2025-12-12T14:00,22.6,45,4.5,24.85
2025-12-12T15:00,22.3,46,4.9,24.6
2025-12-12T16:00,20.4,64,2.5,23.599999999999998
2025-12-12T17:00,17.2,68,3.6,20.6
2025-12-12T18:00,15.4,78,5.5,19.3
2025-12-12T19:00,14.0,85,5.7,18.25
2025-12-12T20:00,13.2,88,5.1,17.6
2025-12-12T21:00,12.5,89,5.0,16.95
2025-12-12T22:00,11.7,91,5.5,16.25
2025-12-12T23:00,11.2,93,4.8,15.85
2025-12-13T00:00,10.6,94,3.2,15.3
2025-12-13T01:00,10.2,94,3.5,14.899999999999999
2025-12-13T02:00,9.8,96,3.7,14.600000000000001
2025-12-13T03:00,9.4,96,3.6,14.200000000000001
2025-12-13T04:00,9.1,97,3.0,13.95
2025-12-13T05:00,9.0,98,0.9,13.9
2025-12-13T06:00,8.6,98,1.1,13.5
2025-12-13T07:00,8.7,98,0.9,13.6
2025-12-13T08:00,11.1,92,4.4,15.7
2025-12-13T09:00,14.9,82,3.8,19.0
2025-12-13T10:00,17.7,70,3.1,21.2
2025-12-13T11:00,20.0,64,5.0,23.2
2025-12-13T12:00,21.5,58,4.1,24.4
2025-12-13T13:00,22.2,54,2.4,24.9
2025-12-13T14:00,22.4,54,3.2,25.099999999999998
2025-12-13T15:00,21.8,56,4.8,24.6
2025-12-13T16:00,20.1,68,5.3,23.5
2025-12-13T17:00,16.5,80,6.5,20.5
2025-12-13T18:00,15.5,83,6.6,19.65
2025-12-13T19:00,14.5,86,6.6,18.8
2025-12-13T20:00,13.6,89,6.2,18.05
2025-12-13T21:00,12.8,91,5.2,17.35
2025-12-13T22:00,12.0,93,4.9,16.65
2025-12-13T23:00,11.8,93,3.6,16.450000000000003
2025-12-14T00:00,11.1,94,3.2,15.8
2025-12-14T01:00,10.6,96,3.1,15.4
2025-12-14T02:00,10.2,97,2.7,15.05
2025-12-14T03:00,9.9,99,1.5,14.850000000000001
2025-12-14T04:00,9.6,100,1.3,14.6
2025-12-14T05:00,8.8,100,3.1,13.8
2025-12-14T06:00,8.5,100,3.2,13.5
2025-12-14T07:00,8.6,100,3.1,13.6
2025-12-14T08:00,10.7,97,3.2,15.55
2025-12-14T09:00,14.4,86,0.6,18.7
2025-12-14T10:00,17.9,74,0.0,21.599999999999998
2025-12-14T11:00,19.9,66,1.7,23.2
2025-12-14T12:00,21.4,58,1.3,24.299999999999997
2025-12-14T13:00,22.1,54,0.4,24.8
2025-12-14T14:00,22.4,51,1.5,24.95
2025-12-14T15:00,22.2,52,2.7,24.8
2025-12-14T16:00,20.3,69,3.3,23.75
2025-12-14T17:00,16.9,79,5.0,20.849999999999998
2025-12-14T18:00,15.8,82,5.2,19.900000000000002
2025-12-14T19:00,15.0,84,3.8,19.2
2025-12-14T20:00,13.9,87,4.0,18.25
2025-12-14T21:00,13.3,89,4.2,17.75
2025-12-14T22:00,13.0,90,2.6,17.5
2025-12-14T23:00,12.3,94,1.9,17.0
2025-12-15T00:00,11.2,97,2.3,16.05
2025-12-15T01:00,10.5,99,3.1,15.45
2025-12-15T02:00,9.8,100,5.2,14.8
2025-12-15T03:00,9.6,100,6.3,14.6
2025-12-15T04:00,9.5,100,6.5,14.5
2025-12-15T05:00,9.2,100,5.5,14.2
2025-12-15T06:00,8.6,100,5.6,13.6
2025-12-15T07:00,9.2,100,5.5,14.2
2025-12-15T08:00,10.6,98,7.4,15.5
2025-12-15T09:00,13.1,96,6.7,17.9
2025-12-15T10:00,15.6,87,5.0,19.95
2025-12-15T11:00,19.1,72,5.6,22.700000000000003
2025-12-15T12:00,21.2,59,6.5,24.15
2025-12-15T13:00,22.3,52,7.5,24.900000000000002
2025-12-15T14:00,22.8,49,8.7,25.25
2025-12-15T15:00,22.7,49,8.5,25.15
2025-12-15T16:00,20.3,63,5.7,23.450000000000003
2025-12-15T17:00,16.5,71,7.6,20.05
2025-12-15T18:00,15.4,75,7.4,19.15
2025-12-15T19:00,14.5,78,7.6,18.4
2025-12-15T20:00,13.9,81,8.1,17.95
2025-12-15T21:00,13.4,82,8.4,17.5
2025-12-15T22:00,12.9,84,8.7,17.1
2025-12-15T23:00,12.3,86,9.1,16.6
2025-12-16T00:00,11.4,88,8.9,15.8
2025-12-16T01:00,11.0,89,8.9,15.45
2025-12-16T02:00,10.8,91,9.1,15.350000000000001
2025-12-16T03:00,10.6,92,9.1,15.2
2025-12-16T04:00,10.6,93,9.2,15.25
2025-12-16T05:00,10.4,94,9.9,15.100000000000001
2025-12-16T06:00,10.4,93,9.6,15.05
2025-12-16T07:00,10.6,92,10.2,15.2
2025-12-16T08:00,12.4,87,13.1,16.75
2025-12-16T09:00,14.8,80,11.0,18.8
2025-12-16T10:00,17.3,69,12.2,20.75
2025-12-16T11:00,19.6,62,12.7,22.700000000000003
2025-12-16T12:00,21.4,55,13.7,24.15
2025-12-16T13:00,22.4,50,14.0,24.9
2025-12-16T14:00,22.7,49,13.7,25.15
2025-12-16T15:00,22.4,51,13.4,24.95
2025-12-16T16:00,20.9,58,10.4,23.799999999999997
2025-12-16T17:00,17.3,71,8.3,20.85
2025-12-16T18:00,16.0,78,8.1,19.9
2025-12-16T19:00,15.2,83,8.4,19.35
2025-12-16T20:00,14.9,84,8.9,19.1
2025-12-16T21:00,14.3,86,8.6,18.6
2025-12-16T22:00,13.6,88,8.8,18.0
2025-12-16T23:00,12.7,91,8.4,17.25
2025-12-17T00:00,12.2,91,8.5,16.75
2025-12-17T01:00,11.8,92,8.5,16.400000000000002
2025-12-17T02:00,11.6,92,9.4,16.2
2025-12-17T03:00,11.4,92,9.4,16.0
2025-12-17T04:00,11.2,92,9.6,15.8
2025-12-17T05:00,10.4,94,9.3,15.100000000000001
2025-12-17T06:00,10.2,94,8.8,14.899999999999999
2025-12-17T07:00,10.4,93,9.3,15.05
2025-12-17T08:00,12.2,88,11.5,16.6
2025-12-17T09:00,14.7,79,8.7,18.65
2025-12-17T10:00,17.2,68,8.7,20.6
2025-12-17T11:00,19.2,64,9.7,22.4
2025-12-17T12:00,20.9,59,9.5,23.849999999999998
2025-12-17T13:00,22.0,56,9.9,24.8
2025-12-17T14:00,22.5,54,9.9,25.2
2025-12-17T15:00,22.4,55,8.9,25.15
2025-12-17T16:00,20.5,67,5.6,23.85
2025-12-17T17:00,17.1,75,7.3,20.85
2025-12-17T18:00,15.8,80,7.1,19.8
2025-12-17T19:00,15.1,82,6.9,19.2
2025-12-17T20:00,14.5,84,6.7,18.7
2025-12-17T21:00,13.5,87,7.0,17.85
2025-12-17T22:00,12.4,90,6.2,16.9
2025-12-17T23:00,11.3,95,5.6,16.05
2025-12-18T00:00,10.4,98,5.9,15.3
2025-12-18T01:00,9.9,99,5.6,14.850000000000001
2025-12-18T02:00,9.8,100,4.9,14.8
2025-12-18T03:00,9.8,100,4.3,14.8
2025-12-18T04:00,9.7,100,4.2,14.7
2025-12-18T05:00,10.0,99,5.4,14.95
2025-12-18T06:00,10.2,98,4.5,15.1
2025-12-18T07:00,10.3,99,4.4,15.25
2025-12-18T08:00,11.3,97,5.1,16.150000000000002
2025-12-18T09:00,13.0,92,5.0,17.6
2025-12-18T10:00,15.6,82,5.0,19.7
2025-12-18T11:00,17.2,76,4.8,21.0
2025-12-18T12:00,18.8,70,4.7,22.3
2025-12-18T13:00,19.9,67,5.4,23.25
2025-12-18T14:00,20.3,65,6.9,23.55
2025-12-18T15:00,20.1,66,8.0,23.400000000000002
2025-12-18T16:00,18.8,74,5.1,22.5
2025-12-18T17:00,15.4,87,4.9,19.75
2025-12-18T18:00,13.9,93,5.6,18.55
2025-12-18T19:00,13.2,95,6.1,17.95
2025-12-18T20:00,12.9,96,6.3,17.700000000000003
2025-12-18T21:00,12.6,96,5.8,17.4
2025-12-18T22:00,12.2,97,5.1,17.05
2025-12-18T23:00,11.7,100,5.3,16.7
2025-12-19T00:00,10.8,100,6.1,15.8
2025-12-19T01:00,10.7,100,6.2,15.7
2025-12-19T02:00,10.9,100,6.1,15.9
2025-12-19T03:00,11.2,99,5.5,16.15
2025-12-19T04:00,11.1,100,6.1,16.1
2025-12-19T05:00,11.0,98,7.2,15.9
2025-12-19T06:00,11.1,97,7.8,15.95
2025-12-19T07:00,11.2,97,8.0,16.05
2025-12-19T08:00,11.6,97,6.2,16.45
2025-12-19T09:00,13.0,97,5.2,17.85
2025-12-19T10:00,15.6,87,4.6,19.95
2025-12-19T11:00,17.4,77,5.7,21.25
2025-12-19T12:00,19.2,68,7.7,22.6
2025-12-19T13:00,20.2,61,9.3,23.25
2025-12-19T14:00,20.7,56,9.0,23.5
2025-12-19T15:00,20.6,56,8.3,23.400000000000002
2025-12-19T16:00,18.7,67,5.6,22.05
2025-12-19T17:00,15.2,81,6.4,19.25
2025-12-19T18:00,14.0,84,5.6,18.2
2025-12-19T19:00,13.0,88,5.3,17.4
2025-12-19T20:00,12.0,92,5.7,16.6
2025-12-19T21:00,11.2,94,5.9,15.899999999999999
2025-12-19T22:00,10.8,95,5.0,15.55
2025-12-19T23:00,10.4,95,6.1,15.15
2025-12-20T00:00,9.6,96,5.6,14.4
2025-12-20T01:00,9.0,97,6.4,13.850000000000001
2025-12-20T02:00,8.7,97,5.8,13.55
2025-12-20T03:00,8.2,99,5.6,13.149999999999999
2025-12-20T04:00,7.9,99,6.2,12.850000000000001
2025-12-20T05:00,8.1,100,5.1,13.1
2025-12-20T06:00,7.9,100,2.7,12.9
2025-12-20T07:00,7.6,100,2.5,12.6
2025-12-20T08:00,9.2,98,1.5,14.1
2025-12-20T09:00,11.5,95,2.1,16.25
2025-12-20T10:00,13.9,91,2.7,18.45
2025-12-20T11:00,16.2,77,5.8,20.05
2025-12-20T12:00,17.8,70,5.5,21.3
2025-12-20T13:00,18.7,66,4.5,22.0
2025-12-20T14:00,19.2,64,3.6,22.4
2025-12-20T15:00,19.0,65,4.7,22.25
2025-12-20T16:00,17.9,72,5.9,21.5
2025-12-20T17:00,14.2,89,6.9,18.65
2025-12-20T18:00,13.2,93,8.8,17.85
2025-12-20T19:00,12.6,94,8.6,17.3
2025-12-20T20:00,11.9,95,7.7,16.65
2025-12-20T21:00,11.1,97,6.2,15.95
2025-12-20T22:00,10.8,96,6.5,15.600000000000001
2025-12-20T23:00,10.6,97,6.2,15.45
2025-12-21T00:00,9.8,98,5.0,14.700000000000001
2025-12-21T01:00,9.5,98,4.9,14.4
2025-12-21T02:00,9.1,99,4.8,14.05
2025-12-21T03:00,8.8,99,4.9,13.75
2025-12-21T04:00,8.5,100,4.8,13.5
2025-12-21T05:00,9.1,99,5.7,14.05
2025-12-21T06:00,9.2,100,4.9,14.2
2025-12-21T07:00,9.6,100,5.5,14.6
2025-12-21T08:00,10.4,98,5.3,15.3
2025-12-21T09:00,11.5,96,7.0,16.3
2025-12-21T10:00,14.1,85,6.6,18.35
2025-12-21T11:00,16.0,78,4.5,19.9
2025-12-21T12:00,17.7,72,4.0,21.3
2025-12-21T13:00,18.7,67,4.4,22.05
2025-12-21T14:00,19.2,64,4.5,22.4
2025-12-21T15:00,19.1,64,4.9,22.3
2025-12-21T16:00,18.1,73,3.6,21.75
2025-12-21T17:00,14.4,86,3.5,18.7
2025-12-21T18:00,13.0,92,4.6,17.6
2025-12-21T19:00,12.1,95,5.0,16.85
2025-12-21T20:00,11.5,97,5.2,16.35
2025-12-21T21:00,11.2,97,4.5,16.05
2025-12-21T22:00,10.7,98,4.8,15.6
2025-12-21T23:00,10.8,97,5.8,15.650000000000002
2025-12-22T00:00,10.4,97,5.7,15.25
2025-12-22T01:00,10.2,97,4.9,15.05
2025-12-22T02:00,10.1,97,3.8,14.95
2025-12-22T03:00,9.7,98,3.3,14.6
2025-12-22T04:00,9.0,100,4.2,14.0
2025-12-22T05:00,9.7,100,4.3,14.7
2025-12-22T06:00,9.7,100,2.7,14.7
2025-12-22T07:00,10.1,100,3.7,15.1
2025-12-22T08:00,11.1,98,3.6,16.0
2025-12-22T09:00,12.2,95,5.1,16.95
2025-12-22T10:00,14.2,87,4.4,18.55
2025-12-22T11:00,15.8,81,2.2,19.85
2025-12-22T12:00,17.6,75,0.5,21.35
2025-12-22T13:00,18.8,72,2.8,22.400000000000002
2025-12-22T14:00,19.5,70,4.4,23.0
2025-12-22T15:00,19.5,70,4.5,23.0
2025-12-22T16:00,18.5,79,3.0,22.45
2025-12-22T17:00,15.7,85,2.1,19.95
2025-12-22T18:00,14.5,89,2.2,18.95
2025-12-22T19:00,13.2,93,4.2,17.85
2025-12-22T20:00,12.3,96,5.7,17.1
2025-12-22T21:00,11.8,97,6.0,16.650000000000002
2025-12-22T22:00,11.5,98,5.7,16.4
2025-12-22T23:00,11.0,100,5.1,16.0
2025-12-23T00:00,10.6,100,4.8,15.6
2025-12-23T01:00,10.4,100,5.6,15.4
2025-12-23T02:00,10.7,99,5.5,15.649999999999999
2025-12-23T03:00,11.1,100,6.8,16.1
2025-12-23T04:00,11.1,98,7.1,16.0
2025-12-23T05:00,10.9,99,9.1,15.850000000000001
2025-12-23T06:00,11.1,99,9.7,16.05
2025-12-23T07:00,11.5,99,9.7,16.45
2025-12-23T08:00,12.0,98,10.6,16.9
2025-12-23T09:00,12.9,96,10.9,17.700000000000003
2025-12-23T10:00,16.2,82,9.0,20.3
2025-12-23T11:00,18.8,72,9.3,22.400000000000002
2025-12-23T12:00,20.8,66,10.1,24.1
2025-12-23T13:00,22.1,61,11.4,25.150000000000002
2025-12-23T14:00,22.5,59,12.6,25.45
2025-12-23T15:00,22.1,61,13.2,25.150000000000002
2025-12-23T16:00,20.8,67,10.1,24.150000000000002
2025-12-23T17:00,17.9,76,9.2,21.7
2025-12-23T18:00,16.5,83,9.7,20.65
2025-12-23T19:00,15.6,87,10.2,19.95
2025-12-23T20:00,14.9,88,10.6,19.3
2025-12-23T21:00,14.4,89,10.8,18.85
2025-12-23T22:00,14.1,90,11.2,18.6
2025-12-23T23:00,13.6,92,11.6,18.2
2025-12-24T00:00,13.2,93,12.2,17.85
2025-12-24T01:00,13.1,93,12.2,17.75
2025-12-24T02:00,12.9,94,12.4,17.6
2025-12-24T03:00,12.6,94,11.5,17.3
2025-12-24T04:00,12.3,94,11.0,17.0
2025-12-24T05:00,12.2,94,11.7,16.9
2025-12-24T06:00,11.8,94,11.8,16.5
2025-12-24T07:00,11.5,93,12.1,16.15
2025-12-24T08:00,12.5,90,13.4,17.0
2025-12-24T09:00,14.4,84,10.8,18.6
2025-12-24T10:00,16.6,73,11.6,20.25
2025-12-24T11:00,18.9,64,13.3,22.099999999999998
2025-12-24T12:00,20.3,52,15.3,22.900000000000002
2025-12-24T13:00,20.8,44,15.1,23.0
2025-12-24T14:00,20.7,44,14.1,22.9
2025-12-24T15:00,20.2,45,13.4,22.45
2025-12-24T16:00,18.8,52,9.6,21.400000000000002
2025-12-24T17:00,15.4,66,7.6,18.7
2025-12-24T18:00,14.2,71,7.3,17.75
2025-12-24T19:00,13.2,75,6.3,16.95
2025-12-24T20:00,12.2,80,6.6,16.2
2025-12-24T21:00,11.5,82,7.0,15.600000000000001
2025-12-24T22:00,11.0,83,7.4,15.15
2025-12-24T23:00,10.6,85,7.0,14.85
2025-12-25T00:00,10.0,85,6.7,14.25
2025-12-25T01:00,9.6,87,7.1,13.95
2025-12-25T02:00,9.1,89,7.0,13.55
2025-12-25T03:00,8.7,90,7.0,13.2
2025-12-25T04:00,8.2,90,6.5,12.7
2025-12-25T05:00,8.2,92,6.7,12.8
2025-12-25T06:00,7.9,92,6.5,12.5
2025-12-25T07:00,7.9,92,6.5,12.5
2025-12-25T08:00,10.2,84,9.0,14.399999999999999
2025-12-25T09:00,12.7,76,5.0,16.5
2025-12-25T10:00,15.2,67,4.5,18.55
2025-12-25T11:00,17.6,61,5.1,20.650000000000002
2025-12-25T12:00,19.1,56,5.2,21.900000000000002
2025-12-25T13:00,19.9,52,6.1,22.5
2025-12-25T14:00,20.2,49,6.4,22.65
2025-12-25T15:00,20.0,48,5.9,22.4
2025-12-25T16:00,18.3,66,4.2,21.6
2025-12-25T17:00,15.2,71,3.8,18.75
2025-12-25T18:00,13.7,77,4.4,17.55
2025-12-25T19:00,12.5,80,4.8,16.5
2025-12-25T20:00,11.6,85,4.8,15.85
2025-12-25T21:00,11.1,88,3.2,15.5
2025-12-25T22:00,10.7,90,2.3,15.2
2025-12-25T23:00,9.9,94,3.5,14.600000000000001
2025-12-26T00:00,9.1,97,2.9,13.95
2025-12-26T01:00,9.1,98,1.4,14.0
2025-12-26T02:00,8.7,100,2.2,13.7
2025-12-26T03:00,8.2,100,2.4,13.2
2025-12-26T04:00,8.4,100,0.5,13.4
2025-12-26T05:00,8.4,100,1.4,13.4
2025-12-26T06:00,8.7,99,0.7,13.649999999999999
2025-12-26T07:00,8.8,98,0.8,13.700000000000001
2025-12-26T08:00,9.6,96,0.4,14.4
2025-12-26T09:00,10.9,95,0.5,15.65
2025-12-26T10:00,12.4,93,1.5,17.05
2025-12-26T11:00,15.4,84,4.0,19.6
2025-12-26T12:00,17.5,71,5.3,21.05
2025-12-26T13:00,19.0,58,7.3,21.9
2025-12-26T14:00,19.4,54,9.0,22.099999999999998
2025-12-26T15:00,19.1,55,9.0,21.85
2025-12-26T16:00,17.7,65,5.4,20.95
2025-12-26T17:00,14.7,77,7.1,18.55
2025-12-26T18:00,13.7,83,6.7,17.85
2025-12-26T19:00,12.7,87,6.4,17.05
2025-12-26T20:00,11.9,91,6.9,16.45
2025-12-26T21:00,11.2,92,7.1,15.8
2025-12-26T22:00,10.7,93,6.9,15.35
2025-12-26T23:00,10.4,94,6.6,15.100000000000001
2025-12-27T00:00,9.5,96,6.4,14.3
2025-12-27T01:00,9.4,97,5.6,14.25
2025-12-27T02:00,9.0,98,6.4,13.9
2025-12-27T03:00,9.2,97,6.1,14.05
2025-12-27T04:00,8.5,99,5.9,13.45
2025-12-27T05:00,8.7,100,5.3,13.7
2025-12-27T06:00,8.1,100,5.0,13.1
2025-12-27T07:00,8.2,100,4.8,13.2
2025-12-27T08:00,9.9,98,6.0,14.8
2025-12-27T09:00,11.8,95,5.6,16.55
2025-12-27T10:00,14.0,87,4.7,18.35
2025-12-27T11:00,16.3,78,5.2,20.200000000000003
2025-12-27T12:00,18.2,68,6.5,21.6
2025-12-27T13:00,19.1,61,7.7,22.150000000000002
2025-12-27T14:00,19.5,58,8.3,22.4
2025-12-27T15:00,19.2,60,8.8,22.2
2025-12-27T16:00,18.1,69,5.6,21.55
2025-12-27T17:00,15.1,81,5.6,19.15
2025-12-27T18:00,13.9,86,6.0,18.2
2025-12-27T19:00,13.1,89,5.2,17.55
2025-12-27T20:00,12.5,91,3.9,17.05
2025-12-27T21:00,11.2,95,3.6,15.95
2025-12-27T22:00,10.6,97,2.4,15.45
2025-12-27T23:00,10.1,99,3.2,15.05
2025-12-28T00:00,9.2,100,3.9,14.2
2025-12-28T01:00,8.8,100,4.2,13.8
2025-12-28T02:00,8.3,100,4.4,13.3
2025-12-28T03:00,8.6,100,5.0,13.6
2025-12-28T04:00,8.3,100,5.0,13.3
2025-12-28T05:00,7.9,100,6.0,12.9
2025-12-28T06:00,8.2,100,4.2,13.2
2025-12-28T07:00,8.5,97,4.2,13.350000000000001
2025-12-28T08:00,9.2,93,4.0,13.85
2025-12-28T09:00,10.2,97,4.2,15.05
2025-12-28T10:00,12.5,92,5.4,17.1
2025-12-28T11:00,15.3,83,4.4,19.450000000000003
2025-12-28T12:00,17.6,73,5.5,21.25
2025-12-28T13:00,18.8,66,7.0,22.1
2025-12-28T14:00,19.3,63,7.7,22.450000000000003
2025-12-28T15:00,19.0,63,7.1,22.15
2025-12-28T16:00,17.8,74,4.1,21.5
2025-12-28T17:00,14.5,86,6.6,18.8
2025-12-28T18:00,13.0,91,6.8,17.55
2025-12-28T19:00,12.4,93,5.9,17.05
2025-12-28T20:00,11.5,95,4.0,16.25
2025-12-28T21:00,10.6,97,3.7,15.45
2025-12-28T22:00,9.8,99,3.7,14.75
2025-12-28T23:00,9.6,100,1.4,14.6
2025-12-29T00:00,9.2,100,0.7,14.2
2025-12-29T01:00,8.6,100,0.9,13.6
2025-12-29T02:00,7.2,99,2.2,12.15
2025-12-29T03:00,7.8,99,3.9,12.75
2025-12-29T04:00,8.2,99,3.8,13.149999999999999
2025-12-29T05:00,9.0,98,4.4,13.9
2025-12-29T06:00,9.3,97,4.2,14.150000000000002
2025-12-29T07:00,9.4,98,3.6,14.3
2025-12-29T08:00,10.1,95,4.2,14.85
2025-12-29T09:00,11.1,97,4.7,15.95
2025-12-29T10:00,12.4,96,5.3,17.200000000000003
2025-12-29T11:00,14.6,84,5.5,18.8
2025-12-29T12:00,16.6,74,5.5,20.3
2025-12-29T13:00,17.8,65,7.1,21.05
2025-12-29T14:00,18.4,60,7.4,21.4
2025-12-29T15:00,18.4,60,7.1,21.4
2025-12-29T16:00,17.2,70,4.3,20.7
2025-12-29T17:00,13.6,83,5.5,17.75
2025-12-29T18:00,12.4,87,4.1,16.75
2025-12-29T19:00,11.7,89,3.6,16.15
2025-12-29T20:00,10.9,92,4.9,15.5
2025-12-29T21:00,10.4,94,4.0,15.100000000000001
2025-12-29T22:00,10.0,96,1.8,14.8
2025-12-29T23:00,9.7,98,2.4,14.6
2025-12-30T00:00,9.2,99,2.3,14.149999999999999
2025-12-30T01:00,8.2,100,2.7,13.2
2025-12-30T02:00,7.4,100,3.0,12.4
2025-12-30T03:00,7.7,99,3.8,12.65
2025-12-30T04:00,8.2,99,4.4,13.149999999999999
2025-12-30T05:00,8.4,99,3.6,13.350000000000001
2025-12-30T06:00,8.7,97,4.0,13.55
2025-12-30T07:00,8.6,96,5.1,13.4
2025-12-30T08:00,9.2,95,4.7,13.95
2025-12-30T09:00,10.6,96,6.0,15.4
2025-12-30T10:00,12.6,92,6.3,17.2
2025-12-30T11:00,15.0,81,4.6,19.05
2025-12-30T12:00,17.2,68,5.9,20.6
2025-12-30T13:00,18.5,59,7.1,21.45
2025-12-30T14:00,19.4,54,7.9,22.099999999999998
2025-12-30T15:00,19.5,53,7.5,22.15
2025-12-30T16:00,18.0,66,4.9,21.3
2025-12-30T17:00,14.3,80,7.3,18.3
2025-12-30T18:00,12.9,84,6.7,17.1
2025-12-30T19:00,12.2,86,5.5,16.5
2025-12-30T20:00,11.3,90,4.8,15.8
2025-12-30T21:00,10.5,93,3.9,15.15
2025-12-30T22:00,9.7,96,2.6,14.5
2025-12-30T23:00,9.1,98,1.8,14.0
2025-12-31T00:00,8.3,100,1.0,13.3
2025-12-31T01:00,7.9,100,1.1,12.9
2025-12-31T02:00,7.5,100,1.8,12.5
2025-12-31T03:00,6.7,100,3.0,11.7
2025-12-31T04:00,7.5,99,3.5,12.45
2025-12-31T05:00,8.1,100,5.6,13.1
2025-12-31T06:00,8.5,99,4.9,13.45
2025-12-31T07:00,8.8,98,5.8,13.700000000000001
2025-12-31T08:00,9.3,97,7.4,14.150000000000002
2025-12-31T09:00,10.3,97,9.2,15.150000000000002
2025-12-31T10:00,11.5,95,9.9,16.25
2025-12-31T11:00,14.0,80,11.4,18.0
2025-12-31T12:00,16.3,71,11.2,19.85
2025-12-31T13:00,17.0,71,9.8,20.55
2025-12-31T14:00,17.3,69,8.9,20.75
2025-12-31T15:00,17.0,70,10.0,20.5
2025-12-31T16:00,16.1,75,8.5,19.85
2025-12-31T17:00,12.1,92,7.7,16.7
2025-12-31T18:00,11.1,95,9.5,15.85
2025-12-31T19:00,10.7,96,10.1,15.5
2025-12-31T20:00,10.6,96,10.2,15.4
2025-12-31T21:00,10.8,96,9.3,15.600000000000001
2025-12-31T22:00,10.5,96,9.7,15.3
2025-12-31T23:00,10.6,98,9.9,15.5
