grid_id,centroid_lat,centroid_lon,area_m2
G0001,28.792307191052686,77.20355158340728,19722.615956820762
G0002,28.795643139309906,77.20250737770456,152933.10263720283
G0003,28.79989376335559,77.2018868629383,231805.32242248513
G0004,28.804301757322282,77.20187929224849,241823.17282454137
G0005,28.808711187497202,77.20251947327775,186824.55118155546
G0006,28.812188094259895,77.20308043729318,69761.1959201984
G0007,28.78752094379427,77.20790241105624,54678.13987649807
G0008,28.790881800927433,77.20684201279558,226157.95758774548
G0009,28.7952397049813,77.20672980613166,250000.0
G0010,28.79974946478099,77.2068248422475,250000.0
G0011,28.804259221279374,77.20691990015484,250000.0
G0012,28.808768974476074,77.20701497985766,250000.0
G0013,28.811904126507965,77.20689471856996,95738.19212033413
G0014,28.786735310715677,77.21189230361588,179188.3851168424
G0015,28.7906461544353,77.21175415558658,250000.0
G0016,28.795155901985016,77.21184938990925,250000.0
G0017,28.79966564623248,77.21194464606982,250000.0
G0018,28.804175387177334,77.2120399240723,250000.0
G0019,28.80868512481918,77.21213522392065,250000.0
G0020,28.811456242342366,77.2118629802471,53936.386499903165
G0021,28.78661394936593,77.2166565372228,186468.67613575887
G0022,28.7905621731479,77.2168734975359,250000.0
G0023,28.795071905110735,77.21696895184893,250000.0
G0024,28.799581633770014,77.21706442805025,250000.0
G0025,28.804091359125376,77.21715992614388,250000.0
G0026,28.80860108117643,77.21725544613379,250000.0
G0027,28.81274410357926,77.21871700189253,76973.30313112409
G0028,28.816436418953973,77.21955889688712,22274.496673636986
G0029,28.778793906250662,77.2231664469902,21434.217431450437
G0030,28.780037596526913,77.2232633649917,44679.457251313936
G0031,28.78705031438264,77.22172614278053,128179.86888326125
G0032,28.7904779980215,77.22199281760089,250000.0
G0033,28.794987714361515,77.2220884919003,250000.0
G0034,28.799497427396645,77.22218418813839,250000.0
G0035,28.804007137126558,77.22227990631917,250000.0
G0036,28.808516843550848,77.22237564644665,250000.0
G0037,28.81302654666913,77.22247140852483,250000.0
G0038,28.817319934842992,77.22274522640103,222560.6971856361
G0039,28.822155000187962,77.22415745390185,101447.47832014211
G0040,28.826663943891948,77.22325106422805,200188.55827814227
G0041,28.830776749151607,77.22332651757246,171912.91111769548
G0042,28.833524884922426,77.2223583756587,3749.693572804392
G0043,28.778043958559074,77.22721391874173,111776.94379060995
G0044,28.781190431185095,77.22711359765881,224793.97477970552
G0045,28.786302965497963,77.2274498901881,184810.51310876443
G0046,28.790393629059135,77.2271121157312,250000.0
G0047,28.794903329740368,77.22720801001297,250000.0
G0048,28.799413027115413,77.22730392628384,250000.0
G0049,28.803922721183913,77.22739986454779,250000.0
G0050,28.80843241194548,77.22749582480881,250000.0
G0051,28.812942099399727,77.22759180707097,250000.0
G0052,28.81745178354628,77.22768781133823,250000.0
G0053,28.821839465929195,77.22764596453095,233317.27296672727
G0054,28.82630896170025,77.22695435932539,155258.47197420563
G0055,28.830166260143873,77.22600743870258,36829.9232940689
G0056,28.772983931612085,77.23380692959064,42916.779215269475
G0057,28.777096124774392,77.23216273732388,210057.90377744773
G0058,28.781289686369888,77.23203922945844,250000.0
G0059,28.785799377970243,77.23213529965172,250000.0
G0060,28.790309066263863,77.23223139187643,250000.0
G0061,28.794818751250364,77.23232750613658,250000.0
G0062,28.799328432929364,77.2324236424362,250000.0
G0063,28.803838111300497,77.2325198007793,250000.0
G0064,28.808347786363385,77.23261598116989,250000.0
G0065,28.812857458117627,77.232712183612,250000.0
G0066,28.81736712656286,77.23280840810963,250000.0
G0067,28.82109843788292,77.23290081826178,163608.83827146736
G0068,28.759840348430995,77.23878414752917,21075.151376288068
G0069,28.763555812031846,77.23872003790235,54439.414069112
G0070,28.767883712026627,77.23806873145219,129347.44203602895
G0071,28.77232576373987,77.23712670089473,230098.54672248094
G0072,28.776695282022164,77.23706177578151,250000.0
G0073,28.78120496120216,77.23715804377063,250000.0
G0074,28.785714637074474,77.23725433383753,250000.0
G0075,28.790224309638738,77.23735064598623,250000.0
G0076,28.794733978894566,77.23744698022072,250000.0
G0077,28.799243644841557,77.23754333654509,250000.0
G0078,28.80375330747938,77.23763971496331,250000.0
G0079,28.808262966807614,77.23773611547944,250000.0
G0080,28.8127726228259,77.23783253809748,250000.0
G0081,28.817282275533856,77.23792898282149,250000.0
G0082,28.821314737193653,77.23811773850765,196316.6483740383
G0083,28.759372866312326,77.24198429177291,158630.3159471705
G0084,28.763081368759952,77.24189101750008,250000.0
G0085,28.767591042102023,77.24198743894823,250000.0
G0086,28.772100712136226,77.24208388251243,250000.0
G0087,28.77661037886219,77.2421803481967,250000.0
G0088,28.781120042279525,77.24227683600506,250000.0
G0089,28.785629702387865,77.24237334594156,250000.0
G0090,28.79013935918682,77.2424698780102,250000.0
G0091,28.794649012676015,77.24256643221504,250000.0
G0092,28.79915866285507,77.2426630085601,250000.0
G0093,28.803668309723612,77.24275960704944,250000.0
G0094,28.808177953281252,77.24285622768706,250000.0
G0095,28.81268759352762,77.24295287047701,250000.0
G0096,28.817197230462316,77.24304953542335,250000.0
G0097,28.821450092974676,77.24309770049366,221242.4080497496
G0098,28.75590502835295,77.24821631157509,17674.17854669971
G0099,28.758559408433708,77.24698807094032,240841.4351355209
G0100,28.762996319271927,77.24700890864757,250000.0
G0101,28.767505976819383,77.24710554975994,250000.0
G0102,28.77201563105764,77.24720221303866,250000.0
G0103,28.776525281986327,77.24729889848778,250000.0
G0104,28.78103492960507,77.24739560611135,250000.0
G0105,28.785544573913477,77.24749233591342,250000.0
G0106,28.790054214911187,77.24758908789798,250000.0
G0107,28.794563852597815,77.24768586206912,250000.0
G0108,28.79907348697296,77.24778265843085,250000.0
G0109,28.803583118036265,77.24787947698724,250000.0
G0110,28.80809274578736,77.24797631774233,250000.0
G0111,28.812602370225832,77.24807318070016,250000.0
G0112,28.817111991351336,77.24817006586478,250000.0
G0113,28.821262771952817,77.2482675332668,209151.28744756256
G0114,28.82464209310127,77.2507777167139,3631.2754046788914
G0115,28.75577658716032,77.2516211617295,39162.00168537574
G0116,28.75840143115187,77.25202993907286,250000.0
G0117,28.7629110761789,77.25212677763274,250000.0
G0118,28.767420717895796,77.25222363840528,250000.0
G0119,28.771930356302168,77.2523205213945,250000.0
G0120,28.776439991397655,77.25241742660445,250000.0
G0121,28.780949623181858,77.25251435403918,250000.0
G0122,28.785459251654398,77.25261130370275,250000.0
G0123,28.789968876814918,77.2527082755992,250000.0
G0124,28.79447849866302,77.25280526973259,250000.0
G0125,28.79898811719831,77.25290228610694,250000.0
G0126,28.803497732420443,77.25299932472637,250000.0
G0127,28.80800734432902,77.25309638559487,250000.0
G0128,28.812516952923655,77.25319346871652,250000.0
G0129,28.81702655820397,77.2532905740954,250000.0
G0130,28.821536160169618,77.25338770173553,250000.0
G0131,28.825780288331117,77.2538558166187,204606.3711763294
G0132,28.829368142237442,77.25521471226654,48151.18671838035
G0133,28.73752220835215,77.25841232493019,19483.253623059954
G0134,28.740307448448565,77.25751060433738,175687.73269071904
G0135,28.744455677214866,77.25805830026324,124708.29761833248
G0136,28.748530942293158,77.25909103665425,14862.392453343005
G0137,28.754473908514914,77.25765441674282,148833.10571293533
G0138,28.75831601032205,77.25714756623958,250000.0
G0139,28.762825639483925,77.25724462440527,250000.0
G0140,28.76733526533434,77.25734170483392,250000.0
G0141,28.7718448878729,77.25743880752958,250000.0
G0142,28.776354507099242,77.25753593249631,250000.0
G0143,28.780864123012968,77.25763307973817,250000.0
G0144,28.785373735613714,77.2577302492592,250000.0
G0145,28.789883344901092,77.25782744106348,250000.0
G0146,28.794392950874723,77.25792465515507,250000.0
G0147,28.79890255353422,77.25802189153802,250000.0
G0148,28.803412152879215,77.25811915021639,250000.0
G0149,28.807921748909315,77.25821643119426,250000.0
G0150,28.81243134162416,77.25831373447566,250000.0
G0151,28.81694093102334,77.25841106006473,250000.0
G0152,28.82145051710651,77.25850840796546,250000.0
G0153,28.82596009987327,77.25860577818197,250000.0
G0154,28.83040956878611,77.25872194376697,242608.38801475466
G0155,28.833385617105183,77.25823432231428,30885.5860999835
G0156,28.73684399975244,77.26191553374774,119415.02215304253
G0157,28.74019190976572,77.26187628312908,250000.0
G0158,28.74470153627391,77.26197347168406,250000.0
G0159,28.7492070270126,77.26208590741,248484.58960814492
G0160,28.753720779356083,77.26216791568915,250000.0
G0161,28.7582303959293,77.26226517114738,250000.0
G0162,28.762740009190097,77.26236244891483,250000.0
G0163,28.767249619138102,77.26245974899554,250000.0
G0164,28.77175922577292,77.2625570713936,250000.0
G0165,28.776268829094196,77.26265441611305,250000.0
G0166,28.78077842910151,77.26275178315797,250000.0
G0167,28.785288025794493,77.26284917253243,250000.0
G0168,28.7897976191728,77.26294658424048,250000.0
G0169,28.794307209236013,77.2630440182862,250000.0
G0170,28.798816795983758,77.26314147467365,250000.0
G0171,28.80332637941566,77.26323895340693,250000.0
G0172,28.807835959531356,77.26333645449009,250000.0
G0173,28.812345536330433,77.26343397792719,250000.0
G0174,28.816855109812533,77.26353152372235,250000.0
G0175,28.821364679977254,77.26362909187964,250000.0
G0176,28.825874246824245,77.2637266824031,250000.0
G0177,28.83037040682246,77.26383838208461,248459.4575308281
G0178,28.83310880712356,77.26457165953798,41973.732922855444
G0179,28.736806542537018,77.26687351989689,115809.56114502624
G0180,28.740106165547786,77.26699298783986,250000.0
G0181,28.74461577612432,77.26709039579136,250000.0
G0182,28.74912538338824,77.26718782609018,250000.0
G0183,28.753634987339176,77.26728527874036,250000.0
G0184,28.758144587976727,77.26738275374599,250000.0
G0185,28.762654185300523,77.26748025111112,250000.0
G0186,28.76716377931019,77.26757777083986,250000.0
G0187,28.771673370005335,77.26767531293623,250000.0
G0188,28.776182957385586,77.26777287740434,250000.0
G0189,28.780692541450552,77.26787046424826,250000.0
G0190,28.785202122199877,77.26796807347205,250000.0
G0191,28.789711699633145,77.26806570507979,250000.0
G0192,28.794221273750004,77.26816335907557,250000.0
G0193,28.798730844550057,77.26826103546347,250000.0
G0194,28.803240412032924,77.26835873424757,250000.0
G0195,28.807749976198235,77.26845645543195,250000.0
G0196,28.812259537045584,77.26855419902068,250000.0
G0197,28.816769094574624,77.26865196501788,250000.0
G0198,28.82127864878497,77.26874975342761,250000.0
G0199,28.82578819967622,77.26884756425396,250000.0
G0200,28.830297747248007,77.26894539750103,250000.0
G0201,28.833205679713785,77.26902144293616,72422.33247233588
G0202,28.736828099039784,77.27201199246811,103892.99263227402
G0203,28.7400202279168,77.27210967020737,250000.0
G0204,28.744529822525752,77.27220729755135,250000.0
G0205,28.74903941382077,77.27230494729291,250000.0
G0206,28.753549001801446,77.27240261943612,250000.0
G0207,28.758058586467417,77.27250031398508,250000.0
G0208,28.76256816781829,77.27259803094384,250000.0
G0209,28.767077745853697,77.2726957703165,250000.0
G0210,28.771587320573236,77.27279353210713,250000.0
G0211,28.776096891976554,77.27289131631981,250000.0
G0212,28.780606460063236,77.27298912295865,250000.0
G0213,28.785116024832924,77.2730869520277,250000.0
G0214,28.789625586285233,77.27318480353107,250000.0
G0215,28.794135144419784,77.27328267747284,250000.0
G0216,28.798644699236192,77.2733805738571,250000.0
G0217,28.803154250734078,77.27347849268793,250000.0
G0218,28.807663798913058,77.27357643396944,250000.0
G0219,28.812173343772745,77.27367439770573,250000.0
G0220,28.816682885312762,77.27377238390088,250000.0
G0221,28.821192423532743,77.27387039255896,250000.0
G0222,28.82570195843229,77.27396842368411,250000.0
G0223,28.830211490011038,77.27406647728041,250000.0
G0224,28.833583030918593,77.27438384487722,120178.54942374349
G0225,28.733012680308065,77.27946230497565,985.0657958325037
G0226,28.73596182854239,77.27755095482759,175878.52304976838
G0227,28.739934096875846,77.27722633018138,250000.0
G0228,28.744443675481318,77.27732417691375,250000.0
G0229,28.748953250771503,77.27742204609399,250000.0
G0230,28.753462822746016,77.27751993772615,250000.0
G0231,28.757972391404486,77.27761785181436,250000.0
G0232,28.76248195674651,77.27771578836267,250000.0
G0233,28.76699151877172,77.27781374737516,250000.0
G0234,28.771501077479734,77.27791172885597,250000.0
G0235,28.776010632870175,77.27800973280915,250000.0
G0236,28.780520184942645,77.27810775923882,250000.0
G0237,28.78502973369677,77.27820580814905,250000.0
G0238,28.789539279132182,77.27830387954394,250000.0
G0239,28.794048821248484,77.27840197342762,250000.0
G0240,28.7985583600453,77.27850008980414,250000.0
G0241,28.803067895522243,77.27859822867762,250000.0
G0242,28.80757742767894,77.27869639005218,250000.0
G0243,28.812086956515003,77.2787945739319,250000.0
G0244,28.816596482030043,77.2788927803209,250000.0
G0245,28.821106004223697,77.27899100922326,250000.0
G0246,28.82561552309559,77.2790892606431,250000.0
G0247,28.83012503864532,77.27918753458455,250000.0
G0248,28.83355651885072,77.27911516003948,128819.41516565753
G0249,28.72823475120859,77.28437809137466,3969.907916478388
G0250,28.731363767901428,77.28290188650324,150688.14633101138
G0251,28.735338206545705,77.28224492408896,250000.0
G0252,28.739847772428032,77.28234296771163,250000.0
G0253,28.744357334994117,77.28244103382832,250000.0
G0254,28.748866894243566,77.28253912244313,250000.0
G0255,28.753376450176,77.28263723356017,250000.0
G0256,28.757886002791036,77.28273536718352,250000.0
G0257,28.7623955520883,77.28283352331728,250000.0
G0258,28.766905098067397,77.28293170196554,250000.0
G0259,28.771414640727947,77.28302990313243,250000.0
G0260,28.77592418006959,77.28312812682202,250000.0
G0261,28.780433716091903,77.28322637303842,250000.0
G0262,28.784943248794534,77.28332464178573,250000.0
G0263,28.7894527781771,77.28342293306807,250000.0
G0264,28.793962304239216,77.28352124688952,250000.0
G0265,28.79847182698049,77.28361958325422,250000.0
G0266,28.802981346400543,77.28371794216626,250000.0
G0267,28.80749086249901,77.28381632362975,250000.0
G0268,28.81200037527549,77.2839147276488,250000.0
G0269,28.816509884729598,77.28401315422754,250000.0
G0270,28.821019390860982,77.28411160337008,250000.0
G0271,28.825528893669237,77.28421007508051,250000.0
G0272,28.82996467306823,77.2842309974893,240675.6847379326
G0273,28.832926547507856,77.28292393828534,33013.20790764186
G0274,28.70967161035762,77.2889814051118,13772.58703339235
G0275,28.713014988922033,77.28824596823608,108677.06751292878
G0276,28.715794634747564,77.28867047254144,34102.817281825985
G0277,28.72374757440037,77.28927327443263,3741.198657445422
G0278,28.726576300826167,77.28760615503126,192366.336572342
G0279,28.73074215164253,77.28726307938277,250000.0
G0280,28.735251704768114,77.28736131979521,250000.0
G0281,28.73976125457649,77.28745958274784,250000.0
G0282,28.74427080106727,77.28755786824475,250000.0
G0283,28.748780344240075,77.28765617629006,250000.0
G0284,28.753289884094514,77.28775450688786,250000.0
G0285,28.757799420630207,77.28785286004228,250000.0
G0286,28.76230895384678,77.28795123575739,250000.0
G0287,28.76681848374384,77.2880496340373,250000.0
G0288,28.77132801032101,77.28814805488618,250000.0
G0289,28.775837533577906,77.28824649830806,250000.0
G0290,28.780347053514145,77.2883449643071,250000.0
G0291,28.784856570129342,77.28844345288739,250000.0
G0292,28.789366083423122,77.28854196405305,250000.0
G0293,28.793875593395104,77.2886404978082,250000.0
G0294,28.798385100044893,77.28873905415696,250000.0
G0295,28.802894603372113,77.28883763310344,250000.0
G0296,28.807404103376395,77.28893623465174,250000.0
G0297,28.811913600057334,77.28903485880603,250000.0
G0298,28.816423093414564,77.2891335055704,250000.0
G0299,28.820932583447703,77.28923217494899,250000.0
G0300,28.825442070156363,77.28933086694589,250000.0
G0301,28.828918741052902,77.28884087983346,117210.79006564789
G0302,28.70550779421123,77.29371558477507,10283.493086480164
G0303,28.70833676889845,77.2921493018399,216196.87842841272
G0304,28.71261729136251,77.29198562034331,250000.0
G0305,28.71712642046788,77.29208447416217,249951.62359167094
G0306,28.721594976554627,77.29235517281968,231490.83286623133
G0307,28.7261459322735,77.29228079617151,250000.0
G0308,28.73065547260876,77.29237923327322,250000.0
G0309,28.73516500962583,77.29247769296127,250000.0
G0310,28.739674543324345,77.29257617523974,250000.0
G0311,28.744184073703913,77.29267468011278,250000.0
G0312,28.74869360076415,77.29277320758449,250000.0
G0313,28.753203124504683,77.29287175765896,250000.0
G0314,28.75771264492512,77.29297033034031,250000.0
G0315,28.762222162025076,77.29306892563268,250000.0
G0316,28.76673167580418,77.29316754354016,250000.0
G0317,28.771241186262035,77.29326618406688,250000.0
G0318,28.775750693398273,77.29336484721696,250000.0
G0319,28.78026019721249,77.29346353299452,250000.0
G0320,28.784769697704316,77.29356224140368,250000.0
G0321,28.789279194873384,77.29366097244856,250000.0
G0322,28.79378868871929,77.29375972613329,250000.0
G0323,28.79829817924165,77.29385850246197,250000.0
G0324,28.802807741473305,77.29395719759951,249989.67106395419
G0325,28.80731715031424,77.29405612306779,250000.0
G0326,28.810977567963683,77.29365809043871,139879.71760315268
G0327,28.816577702743896,77.29209512604665,37541.85825319434
G0328,28.820803391280624,77.2923798078581,55990.526975611625
G0329,28.82557831600463,77.29231650692729,39830.47104092369
G0330,28.827879318862355,77.29229112573414,3899.307505129732
G0331,28.70499578375098,77.29601511627011,49724.524568460176
G0332,28.70818660338553,77.29647128676424,194815.83412933705
G0333,28.71253048356722,77.29710087506372,250000.0
G0334,28.717040017715693,77.29719946350167,250000.0
G0335,28.721549548545788,77.29729807456383,250000.0
G0336,28.726059076057123,77.29739670825435,250000.0
G0337,28.730568600249317,77.29749536457733,250000.0
G0338,28.73507812112197,77.29759404353688,250000.0
G0339,28.73958763867472,77.29769274513711,250000.0
G0340,28.744097152907173,77.29779146938216,250000.0
G0341,28.74860666381894,77.29789021627613,250000.0
G0342,28.75311617140965,77.29798898582317,250000.0
G0343,28.757625675678916,77.29808777802735,250000.0
G0344,28.762135176626334,77.29818659289285,250000.0
G0345,28.76664467425156,77.29828543042377,250000.0
G0346,28.77115416855417,77.29838429062426,250000.0
G0347,28.77566365953382,77.29848317349838,250000.0
G0348,28.780173147190087,77.29858207905035,250000.0
G0349,28.784682631522617,77.29868100728424,250000.0
G0350,28.789192112531023,77.29877995820422,250000.0
G0351,28.793644943275964,77.29880435115761,241979.90012990817
G0352,28.79762548209147,77.29769849617786,102344.38520396805
G0353,28.803579954693106,77.29711013757513,39779.084799656484
G0354,28.807472528467027,77.29778076207097,109222.15572345126
G0355,28.809918110211285,77.29741813051669,14581.366749874713
G0356,28.710158468864233,77.29978588005704,615.081436494954
G0357,28.712809855930654,77.30199870346044,205011.79117336968
G0358,28.71695300056654,77.30231491466843,250000.0
G0359,28.72146251522038,77.30241374484731,250000.0
G0360,28.72597202655411,77.30251259770475,250000.0
G0361,28.730481534567346,77.30261147324488,250000.0
G0362,28.734991039259683,77.3027103714718,250000.0
G0363,28.739500540630768,77.30280929238968,250000.0
G0364,28.744010038680187,77.30290823600261,250000.0
G0365,28.748519533407578,77.30300720231473,250000.0
G0366,28.753029024812548,77.30310619133019,250000.0
G0367,28.757538512894723,77.3032052030531,250000.0
G0368,28.762047997653696,77.30330423748761,250000.0
G0369,28.766557479089112,77.30340329463785,250000.0
G0370,28.771066957200567,77.30350237450793,250000.0
G0371,28.775576431987687,77.303601477102,250000.0
G0372,28.780085903450082,77.30370060242423,250000.0
G0373,28.784595371587375,77.30379975047875,250000.0
G0374,28.78904657109935,77.30387411082783,242923.1551640757
G0375,28.792532490143696,77.30239145580852,47259.39950299338
G0376,28.713464777255215,77.30716804178644,125425.76616990846
G0377,28.71686579020569,77.30743034316077,250000.0
G0378,28.721375288647383,77.30752939245222,250000.0
G0379,28.72588478376761,77.30762846447246,250000.0
G0380,28.73039427556598,77.3077275592256,250000.0
G0381,28.734903764042112,77.30782667671579,250000.0
G0382,28.739413249195614,77.30792581694716,250000.0
G0383,28.743922731026103,77.30802497992387,250000.0
G0384,28.748432209533213,77.30812416565001,250000.0
G0385,28.752941684716536,77.30822337412978,250000.0
G0386,28.757451156575694,77.30832260536727,250000.0
G0387,28.76196062511031,77.30842185936663,250000.0
G0388,28.766470090319995,77.30852113613203,250000.0
G0389,28.770979552204363,77.3086204356676,250000.0
G0390,28.77548901076304,77.3087197579775,250000.0
G0391,28.779998465995625,77.30881910306584,250000.0
G0392,28.78450791790174,77.30891847093682,250000.0
G0393,28.78901736648102,77.30901786159454,250000.0
G0394,28.792519876182755,77.30971480365854,118633.98240776645
G0395,28.7138300263905,77.31231734451381,75679.57209876183
G0396,28.716778386636282,77.31254574892847,250000.0
G0397,28.721287868829936,77.31264501732836,250000.0
G0398,28.725797347700773,77.31274430850725,250000.0
G0399,28.730306823248387,77.31284362246929,250000.0
G0400,28.734816295472402,77.3129429592186,250000.0
G0401,28.73932576437243,77.31304231875934,250000.0
G0402,28.743835229948083,77.31314170109566,250000.0
G0403,28.74834469219899,77.3132411062317,250000.0
G0404,28.75285415112476,77.3133405341716,250000.0
G0405,28.757363606725,77.31343998491954,250000.0
G0406,28.761873058999328,77.31353945847964,250000.0
G0407,28.76638250794736,77.31363895485606,250000.0
G0408,28.770891953568718,77.31373847405297,250000.0
G0409,28.775401395863025,77.31383801607451,250000.0
G0410,28.779910834829867,77.31393758092484,250000.0
G0411,28.784420270468893,77.31403716860812,250000.0
G0412,28.788929702779704,77.31413677912852,250000.0
G0413,28.793150592251784,77.31430129615792,217548.56040956435
G0414,28.63763534269844,77.31790605248318,2935.499521502881
G0415,28.639150698667823,77.31795987849443,37907.724024478935
G0416,28.713880687736538,77.31739934222216,53783.40152025565
G0417,28.716690789861474,77.3176611319213,250000.0
G0418,28.72120025577121,77.3177606194255,250000.0
G0419,28.725709718356754,77.31786012975891,250000.0
G0420,28.730219177617716,77.31795966292567,250000.0
G0421,28.73472863355372,77.31805921892997,250000.0
G0422,28.739238086164377,77.31815879777594,250000.0
G0423,28.743747535449288,77.31825839946774,250000.0
G0424,28.748256981408083,77.31835802400951,250000.0
G0425,28.75276642404038,77.31845767140543,250000.0
G0426,28.757275863345786,77.31855734165964,250000.0
G0427,28.76178529932391,77.31865703477632,250000.0
G0428,28.766294731974387,77.31875675075962,250000.0
G0429,28.770804161296816,77.31885648961371,250000.0
G0430,28.77531358729082,77.31895625134274,250000.0
G0431,28.779823009955997,77.31905603595088,250000.0
G0432,28.784332429291993,77.31915584344233,250000.0
G0433,28.788841845298396,77.31925567382123,250000.0
G0434,28.793260581476297,77.31939848524217,239692.67698930734
G0435,28.796622701451334,77.32120015949666,40123.56238883015
G0436,28.637100153141727,77.32174102980045,50331.945106505766
G0437,28.639940400712582,77.3210865992163,249835.98083606086
G0438,28.644216762611542,77.32173020070739,190420.69152893525
G0439,28.64879876084129,77.32271978763775,107939.43525323099
G0440,28.653748905683273,77.32234331474484,148827.33907387414
G0441,28.657976696989277,77.32207025691649,192516.0734015226
G0442,28.66241559016585,77.32221385349723,187466.03771270145
G0443,28.66677254208741,77.32289680657608,127510.96700146605
G0444,28.669885799993967,77.32359340984499,22887.799347893582
G0445,28.69887712956029,77.32452497438528,26372.688584868367
G0446,28.70082429242993,77.32495926128422,62.54259331792689
G0447,28.713334430827693,77.32265991139847,104659.02504520857
G0448,28.716602999884437,77.32277649208906,250000.0
G0449,28.721112449474354,77.32287619869342,250000.0
G0450,28.72562189573872,77.3229759281772,250000.0
G0451,28.730131338677143,77.32307568054456,250000.0
G0452,28.734640778289233,77.32317545579969,250000.0
G0453,28.73915021457461,77.32327525394672,250000.0
G0454,28.743659647532876,77.32337507498983,250000.0
G0455,28.748169077163663,77.32347491893319,250000.0
G0456,28.752678503466573,77.32357478578093,250000.0
G0457,28.757187926441237,77.32367467553728,250000.0
G0458,28.761697346087246,77.32377458820638,250000.0
G0459,28.766206762404238,77.32387452379237,250000.0
G0460,28.770716175391808,77.32397448229948,250000.0
G0461,28.77522558504959,77.32407446373185,250000.0
G0462,28.77973499137718,77.32417446809364,250000.0
G0463,28.784244394374205,77.32427449538908,250000.0
G0464,28.788753794040275,77.3243745456223,250000.0
G0465,28.79326319037501,77.3244746187975,250000.0
G0466,28.797717210343066,77.32464275024613,242535.68461121456
G0467,28.800762074213257,77.32509097736403,59051.65104742402
G0468,28.632836037884648,77.32791472423756,7378.184390144412
G0469,28.63557739119027,77.32638081714221,214311.93114870382
G0470,28.639854143080903,77.32619659667726,250000.0
G0471,28.644363632813786,77.3262961332103,250000.0
G0472,28.648873119226312,77.32639569260232,250000.0
G0473,28.65338260231809,77.32649527485744,250000.0
G0474,28.657892082088747,77.32659487997984,250000.0
G0475,28.662401558537884,77.32669450797363,250000.0
G0476,28.666911031665105,77.326794158843,250000.0
G0477,28.671365096284934,77.32699018776941,240010.5538380691
G0478,28.67589903018986,77.32736230758003,213693.2338156533
G0479,28.678309922688253,77.32829530728186,9354.855588968994
G0480,28.691032996195645,77.3294502642462,13662.209380122024
G0481,28.694375018438713,77.32836364372676,141022.2327818887
G0482,28.698495585987246,77.32751489479806,247686.20250378377
G0483,28.702939866931615,77.32788714945627,220466.8411277256
G0484,28.707477353935523,77.32794081304355,225183.37026742543
G0485,28.71214539402576,77.32842267972325,132510.28618360969
G0486,28.716515016708325,77.32789182938157,250000.0
G0487,28.721024449942547,77.32799175508192,250000.0
G0488,28.725533879849845,77.3280917037119,250000.0
G0489,28.730043306429828,77.3281916752757,250000.0
G0490,28.734552729682107,77.32829166977749,250000.0
G0491,28.73906214960631,77.32839168722141,250000.0
G0492,28.743571566202032,77.32849172761168,250000.0
G0493,28.748080979468895,77.32859179095243,250000.0
G0494,28.752590389406524,77.32869187724788,250000.0
G0495,28.757099796014522,77.32879198650218,250000.0
G0496,28.761609199292508,77.32889211871951,250000.0
G0497,28.766118599240095,77.32899227390405,250000.0
G0498,28.770627995856888,77.32909245206,250000.0
G0499,28.775137389142518,77.3291926531915,250000.0
G0500,28.779646779096584,77.32929287730279,250000.0
G0501,28.784156165718716,77.32939312439802,250000.0
G0502,28.788665549008524,77.3294933944814,250000.0
G0503,28.79317492896562,77.32959368755711,250000.0
G0504,28.79759926973832,77.32962148619185,239774.82302901082
G0505,28.80018948141292,77.32797527645005,8415.334014751363
G0506,28.632453161212293,77.33101413547608,57989.6182029639
G0507,28.63525676847058,77.33120846228908,250000.0
G0508,28.63976624515646,77.33130819415686,250000.0
G0509,28.644275718521016,77.33140794892951,250000.0
G0510,28.648785188563846,77.33150772661119,250000.0
G0511,28.653294655284558,77.33160752720605,250000.0
G0512,28.657804118682783,77.33170735071826,250000.0
G0513,28.66231357875812,77.33180719715196,250000.0
G0514,28.666823035510188,77.33190706651132,250000.0
G0515,28.671332488938596,77.33200695880049,250000.0
G0516,28.675841939042957,77.33210687402367,250000.0
G0517,28.679934949479364,77.33297990219297,157124.72397979524
G0518,28.685000270366245,77.33324613728286,156256.45154552435
G0519,28.689489328075,77.3326019957269,228885.42161478425
G0520,28.69387970621221,77.33250676433937,250000.0
G0521,28.69838913969054,77.3326067942949,250000.0
G0522,28.702898569842507,77.33270684720942,250000.0
G0523,28.707407996667722,77.3328069230871,250000.0
G0524,28.71190998075479,77.33292216096486,248358.2880322777
G0525,28.71642684033634,77.3330071437486,250000.0
G0526,28.72093625717897,77.33310728854077,250000.0
G0527,28.725445670693308,77.3332074563128,250000.0
G0528,28.729955080878955,77.33330764706886,250000.0
G0529,28.734464487735533,77.33340786081313,250000.0
G0530,28.738973891262656,77.3335080975498,250000.0
G0531,28.74348329145993,77.33360835728303,250000.0
G0532,28.74799268832697,77.33370864001702,250000.0
G0533,28.75250208186341,77.33380894575595,250000.0
G0534,28.757011472068832,77.33390927450402,250000.0
G0535,28.761520858942866,77.33400962626543,250000.0
G0536,28.766030242485133,77.33411000104432,250000.0
G0537,28.770539622695235,77.33421039884492,250000.0
G0538,28.775048999572796,77.33431081967142,250000.0
G0539,28.779558373117414,77.33441126352798,250000.0
G0540,28.784067743328723,77.33451173041885,250000.0
G0541,28.788577110206333,77.33461222034818,250000.0
G0542,28.793086473749852,77.33471273332017,250000.0
G0543,28.796894124026544,77.33449343546354,164341.07244080122
G0544,28.632690172518178,77.3361735692106,24854.14051318167
G0545,28.635168694365856,77.33631981867839,250000.0
G0546,28.63967815464894,77.33641976873157,250000.0
G0547,28.644187611609322,77.33651974173969,250000.0
G0548,28.648697065246612,77.33661973770688,250000.0
G0549,28.65320651556043,77.33671975663734,250000.0
G0550,28.657715962550373,77.33681979853519,250000.0
G0551,28.662225406216074,77.33691986340462,250000.0
G0552,28.666734846557123,77.33701995124981,250000.0
G0553,28.671244283573152,77.33712006207493,250000.0
G0554,28.67575371726376,77.33722019588413,250000.0
G0555,28.68026314762857,77.33732035268159,250000.0
G0556,28.68477257466718,77.3374205324715,250000.0
G0557,28.689281998379222,77.33752073525801,250000.0
G0558,28.693791418764295,77.33762096104532,250000.0
G0559,28.698300835822014,77.33772120983758,250000.0
G0560,28.702810249552,77.33782148163901,250000.0
G0561,28.707319659953853,77.33792177645375,250000.0
G0562,28.7118290670272,77.338022094286,250000.0
G0563,28.716338470771646,77.33812243513995,250000.0
G0564,28.7208478711868,77.33822279901977,250000.0
G0565,28.725357268272287,77.33832318592967,250000.0
G0566,28.729866662027717,77.3384235958738,250000.0
G0567,28.734376052452692,77.33852402885637,250000.0
G0568,28.738885439546834,77.33862448488158,250000.0
G0569,28.743394823309757,77.33872496395361,250000.0
G0570,28.74790420374108,77.33882546607666,250000.0
G0571,28.752413580840408,77.33892599125491,250000.0
G0572,28.756922954607347,77.33902653949256,250000.0
G0573,28.76143232504153,77.33912711079384,250000.0
G0574,28.765941692142555,77.3392277051629,250000.0
G0575,28.770451055910048,77.33932832260396,250000.0
G0576,28.774960416343614,77.33942896312124,250000.0
G0577,28.779469773442862,77.3395296267189,250000.0
G0578,28.783979127207417,77.33963031340119,250000.0
G0579,28.788488477636896,77.33973102317228,250000.0
G0580,28.792986818716496,77.33982406297257,248715.29073768845
G0581,28.79576194110481,77.3388307304269,32916.932476737886
G0582,28.632638050391638,77.34130222728194,20896.370810922235
G0583,28.63508042771705,77.34143115211693,250000.0
G0584,28.639589871561498,77.34153132035136,250000.0
G0585,28.64409931208188,77.34163151159078,250000.0
G0586,28.6486087492778,77.34173172583932,250000.0
G0587,28.65311818314887,77.34183196310119,250000.0
G0588,28.657627613694697,77.34193222338054,250000.0
G0589,28.662137040914903,77.34203250668155,250000.0
G0590,28.66664646480909,77.34213281300839,250000.0
G0591,28.67115588537688,77.34223314236527,250000.0
G0592,28.67566530261789,77.34233349475635,250000.0
G0593,28.680174716531706,77.3424338701858,250000.0
G0594,28.68468412711797,77.34253426865781,250000.0
G0595,28.689193534376283,77.3426346901766,250000.0
G0596,28.69370293830625,77.34273513474629,250000.0
G0597,28.69821233890749,77.34283560237111,250000.0
G0598,28.70272173617962,77.34293609305524,250000.0
G0599,28.707231130122242,77.3430366068029,250000.0
G0600,28.711740520734985,77.34313714361821,250000.0
G0601,28.716249908017446,77.34323770350542,250000.0
G0602,28.720759291969244,77.34333828646871,250000.0
G0603,28.725268672589987,77.34343889251227,250000.0
G0604,28.729778049879297,77.3435395216403,250000.0
G0605,28.734287423836772,77.343640173857,250000.0
G0606,28.73879679446205,77.34374084916655,250000.0
G0607,28.743306161754727,77.34384154757318,250000.0
G0608,28.747815525714408,77.34394226908108,250000.0
G0609,28.752324886340723,77.34404301369446,250000.0
G0610,28.756834243633286,77.34414378141751,250000.0
G0611,28.761343597591686,77.34424457225444,250000.0
G0612,28.765852948215564,77.34434538620948,250000.0
G0613,28.77036229550452,77.34444622328681,250000.0
G0614,28.774871639458173,77.34454708349064,250000.0
G0615,28.77938098007612,77.3446479668252,250000.0
G0616,28.783890317358,77.34474887329472,250000.0
G0617,28.78839965130341,77.34484980290335,250000.0
G0618,28.79290898191198,77.34495075565539,250000.0
G0619,28.797142346603287,77.34571959871113,176453.99023394103
G0620,28.80115808529588,77.34687322826784,60741.06244251581
G0621,28.804251907399475,77.34773336156638,178.1537571868884
G0622,28.632582806855904,77.34639828761173,17233.868168317713
G0623,28.634991968527352,77.34654246255467,250000.0
G0624,28.63950139589734,77.34664284896618,250000.0
G0625,28.644010819941883,77.34674325843272,250000.0
G0626,28.648520240660588,77.34684369095845,250000.0
G0627,28.65302965805307,77.34694414654756,250000.0
G0628,28.657539072118944,77.34704462520422,250000.0
G0629,28.662048482857816,77.34714512693262,250000.0
G0630,28.66655789026929,77.34724565173696,250000.0
G0631,28.671067294352987,77.34734619962143,250000.0
G0632,28.67557669510854,77.34744677059018,250000.0
G0633,28.68008609253552,77.34754736464744,250000.0
G0634,28.684595486633565,77.3476479817974,250000.0
G0635,28.689104877402283,77.34774862204424,250000.0
G0636,28.69361426484127,77.34784928539216,250000.0
G0637,28.698123648950173,77.34794997184534,250000.0
G0638,28.702633029728567,77.348050681408,250000.0
G0639,28.707142407176086,77.34815141408434,250000.0
G0640,28.711651781292332,77.34825216987855,250000.0
G0641,28.716161152076936,77.34835294879483,250000.0
G0642,28.720670519529484,77.34845375083738,250000.0
G0643,28.7251798836496,77.3485545760104,250000.0
G0644,28.729689244436905,77.34865542431812,250000.0
G0645,28.734198601890995,77.34875629576474,250000.0
G0646,28.738707956011496,77.34885719035447,250000.0
G0647,28.74321730679802,77.3489581080915,250000.0
G0648,28.74772665425017,77.34905904898004,250000.0
G0649,28.75223599836757,77.34916001302433,250000.0
G0650,28.756745339149827,77.34926100022857,250000.0
G0651,28.76125467659655,77.34936201059696,250000.0
G0652,28.765764010707368,77.34946304413374,250000.0
G0653,28.770273341481857,77.34956410084312,250000.0
G0654,28.77478266891968,77.34966518072933,250000.0
G0655,28.779291993020408,77.34976628379657,250000.0
G0656,28.783801313783687,77.34986741004909,250000.0
G0657,28.788310631209104,77.34996855949107,250000.0
G0658,28.792819945296294,77.35006973212678,250000.0
G0659,28.797329256044844,77.35017092796042,250000.0
G0660,28.80183856345439,77.35027214699623,250000.0
G0661,28.804738341512106,77.34974023757526,57604.149724952804
G0662,28.632522826627845,77.35154075898676,14036.548057943353
G0663,28.634903316799956,77.35165374994159,250000.0
G0664,28.639412727659646,77.35175435452601,250000.0
G0665,28.64392213519252,77.35185498221549,250000.0
G0666,28.648431539398178,77.35195563301421,250000.0
G0667,28.65294094027624,77.35205630692637,250000.0
G0668,28.657450337826305,77.35215700395615,250000.0
G0669,28.661959732047993,77.35225772410777,250000.0
G0670,28.66646912294091,77.3523584673854,250000.0
G0671,28.67097851050468,77.35245923379325,250000.0
G0672,28.6754878947389,77.35256002333551,250000.0
G0673,28.67999727564318,77.3526608360164,250000.0
G0674,28.684506653217152,77.35276167184009,250000.0
G0675,28.68901602746041,77.3528625308108,250000.0
G0676,28.693525398372568,77.35296341293274,250000.0
G0677,28.69803476595325,77.3530643182101,250000.0
G0678,28.70254413020204,77.35316524664708,250000.0
G0679,28.70705349111857,77.35326619824792,250000.0
G0680,28.711562848702464,77.35336717301679,250000.0
G0681,28.716072202953317,77.35346817095794,250000.0
G0682,28.72058155387073,77.35356919207555,250000.0
G0683,28.725090901454333,77.35367023637387,250000.0
G0684,28.729600245703743,77.35377130385707,250000.0
G0685,28.734109586618548,77.3538723945294,250000.0
G0686,28.738618924198384,77.35397350839506,250000.0
G0687,28.743128258442862,77.35407464545827,250000.0
G0688,28.747637589351573,77.35417580572326,250000.0
G0689,28.75214691692415,77.35427698919425,250000.0
G0690,28.756656241160197,77.35437819587546,250000.0
G0691,28.76116556205933,77.3544794257711,250000.0
G0692,28.76567487962116,77.35458067888541,250000.0
G0693,28.7701841938453,77.35468195522263,250000.0
G0694,28.774693504731356,77.354783254787,250000.0
G0695,28.77920281227894,77.35488457758268,250000.0
G0696,28.78371211648768,77.35498592361397,250000.0
G0697,28.788221417357178,77.35508729288507,250000.0
G0698,28.792730714887064,77.35518868540024,250000.0
G0699,28.79724091020206,77.35528797489314,249787.55135049424
G0700,28.80109620037075,77.3545290098508,132357.4966901933
G0701,28.804106809478483,77.35296271167957,227.9812863132471
G0702,28.63244483161504,77.3566781050292,12803.454380400315
G0703,28.634814472538054,77.35676501422763,250000.0
G0704,28.63932386685162,77.35686583698077,250000.0
G0705,28.64383325783699,77.35696668288901,250000.0
G0706,28.64834264549377,77.35706755195653,250000.0
G0707,28.65285202982156,77.35716844418755,250000.0
G0708,28.65736141081998,77.35726935958627,250000.0
G0709,28.661870788488645,77.35737029815691,250000.0
G0710,28.666380162827156,77.35747125990363,250000.0
G0711,28.670889533835133,77.35757224483068,250000.0
G0712,28.67539890151219,77.35767325294225,250000.0
G0713,28.679908265857918,77.35777428424254,250000.0
G0714,28.684417626871955,77.35787533873575,250000.0
G0715,28.68892698455388,77.35797641642614,250000.0
G0716,28.69343633890334,77.35807751731788,250000.0
G0717,28.697945689919923,77.35817864141521,250000.0
G0718,28.702455037603247,77.35827978872231,250000.0
G0719,28.706964381952925,77.35838095924343,250000.0
G0720,28.711473722968577,77.3584821529828,250000.0
G0721,28.715983060649794,77.3585833699446,250000.0
G0722,28.720492394996196,77.35868461013307,250000.0
G0723,28.725001726007406,77.35878587355242,250000.0
G0724,28.729511053683023,77.35888716020689,250000.0
G0725,28.734020378022663,77.35898847010071,250000.0
G0726,28.73852969902594,77.3590898032381,250000.0
G0727,28.74303901669246,77.35919115962328,250000.0
G0728,28.747548331021836,77.35929253926048,250000.0
G0729,28.752057642013686,77.35939394215394,250000.0
G0730,28.75656694966762,77.3594953683079,250000.0
G0731,28.76107625398324,77.35959681772657,250000.0
G0732,28.76558555496018,77.3596982904142,250000.0
G0733,28.770094852598024,77.35979978637502,250000.0
G0734,28.774604146896415,77.35990130561328,250000.0
G0735,28.779113437854942,77.3600028481332,250000.0
G0736,28.78362272547322,77.36010441393904,250000.0
G0737,28.7878660899225,77.35968540227312,189169.90932622933
G0738,28.792338276143454,77.35807131506435,26493.75165427915
G0739,28.797432627307913,77.35840452523357,35253.96909849959
G0740,28.632368111889917,77.36173648247781,11499.629711771553
G0741,28.63472543574486,77.36187625536277,250000.0
G0742,28.63923481347647,77.36197729628043,250000.0
G0743,28.643744187878504,77.36207836040322,250000.0
G0744,28.648253558950557,77.36217944773534,250000.0
G0745,28.65276292669225,77.36228055828104,250000.0
G0746,28.657272291103187,77.36238169204448,250000.0
G0747,28.661781652182984,77.36248284902993,250000.0
G0748,28.66629100993124,77.36258402924155,250000.0
G0749,28.67080036434757,77.36268523268359,250000.0
G0750,28.675309715431602,77.36278645936024,250000.0
G0751,28.679819063182922,77.36288770927573,250000.0
G0752,28.68432840760116,77.36298898243429,250000.0
G0753,28.688837748685916,77.36309027884012,250000.0
G0754,28.693347086436802,77.36319159849747,250000.0
G0755,28.697856420853437,77.36329294141052,250000.0
G0756,28.70236575193541,77.36339430758355,250000.0
G0757,28.706875079682366,77.36349569702074,250000.0
G0758,28.71138440409389,77.36359710972633,250000.0
G0759,28.715893725169604,77.36369854570458,250000.0
G0760,28.720403042909115,77.36380000495967,250000.0
G0761,28.724912357312025,77.36390148749585,250000.0
G0762,28.729421668377977,77.36400299331737,250000.0
G0763,28.733930976106546,77.36410452242846,250000.0
G0764,28.738440280497368,77.36420607483333,250000.0
G0765,28.74294958155004,77.36430765053626,250000.0
G0766,28.747458879264187,77.36440924954145,250000.0
G0767,28.7519681736394,77.36451087185316,250000.0
G0768,28.756477464675317,77.36461251747562,250000.0
G0769,28.760986752371526,77.36471418641308,250000.0
G0770,28.76549603672765,77.36481587866979,250000.0
G0771,28.770005317743294,77.36491759424997,250000.0
G0772,28.774514595418097,77.36501933315789,250000.0
G0773,28.77902386975163,77.36512109539781,250000.0
G0774,28.783533140743533,77.36522288097395,250000.0
G0775,28.786039940468267,77.36560171472132,25107.349776932744
G0776,28.632326294017858,77.36652012284749,6419.970914488658
G0777,28.634636206423576,77.366987473297,250000.0
G0778,28.639145567537405,77.36708873237497,250000.0
G0779,28.643654925320273,77.36719001470809,250000.0
G0780,28.648164279771777,77.36729132030062,250000.0
G0781,28.652673630891528,77.36739264915676,250000.0
G0782,28.65718297867914,77.36749400128073,250000.0
G0783,28.66169232313422,77.36759537667676,250000.0
G0784,28.666201664256377,77.36769677534905,250000.0
G0785,28.67071100204522,77.36779819730187,250000.0
G0786,28.675220336500377,77.36789964253938,250000.0
G0787,28.679729667621437,77.36800111106587,250000.0
G0788,28.684238995408013,77.36810260288553,250000.0
G0789,28.688748319859727,77.3682041180026,250000.0
G0790,28.69325764097618,77.36830565642131,250000.0
G0791,28.697766958756986,77.36840721814589,250000.0
G0792,28.702276273201754,77.3685088031806,250000.0
G0793,28.706785584310108,77.36861041152964,250000.0
G0794,28.711294892081636,77.36871204319725,250000.0
G0795,28.715804196515958,77.3688136981877,250000.0
G0796,28.72031349761269,77.36891537650517,250000.0
G0797,28.724822795371438,77.36901707815396,250000.0
G0798,28.72933208979182,77.36911880313829,250000.0
G0799,28.733841380873436,77.3692205514624,250000.0
G0800,28.738350668615908,77.36932232313055,250000.0
G0801,28.742859953018836,77.36942411814697,250000.0
G0802,28.747369234081845,77.3695259365159,250000.0
G0803,28.75187851180453,77.36962777824162,250000.0
G0804,28.756387786186515,77.36972964332834,250000.0
G0805,28.7608970572274,77.36983153178035,250000.0
G0806,28.765406324926808,77.36993344360188,250000.0
G0807,28.76991558928435,77.37003537879718,250000.0
G0808,28.774424850299624,77.37013733737055,250000.0
G0809,28.778934107972255,77.37023931932619,250000.0
G0810,28.783103304024046,77.37002117554027,202157.7540459337
G0811,28.786009343442966,77.3684457469134,8143.273693072766
G0812,28.632301396033004,77.37038727364907,864.4373889276791
G0813,28.634553193997093,77.37209387134715,249295.30388666724
G0814,28.63905612903764,77.3722001452143,250000.0
G0815,28.643565470165516,77.37230164575358,250000.0
G0816,28.64807480796063,77.37240316960226,250000.0
G0817,28.65258414242261,77.37250471676464,250000.0
G0818,28.657093473551047,77.3726062872449,250000.0
G0819,28.661602801345577,77.3727078810473,250000.0
G0820,28.666112125805785,77.37280949817607,250000.0
G0821,28.6706214469313,77.37291113863542,250000.0
G0822,28.675130764721725,77.37301280242959,250000.0
G0823,28.679640079176664,77.37311448956282,250000.0
G0824,28.684149390295733,77.37321620003937,250000.0
G0825,28.68865869807855,77.37331793386343,250000.0
G0826,28.693168002524704,77.37341969103929,250000.0
G0827,28.697677303633824,77.37352147157117,250000.0
G0828,28.702186601405515,77.3736232754633,250000.0
G0829,28.70669589583938,77.37372510271994,250000.0
G0830,28.711205186935043,77.37382695334534,250000.0
G0831,28.715714474692106,77.37392882734375,250000.0
G0832,28.72022375911018,77.3740307247194,250000.0
G0833,28.724733040188873,77.37413264547654,250000.0
G0834,28.7292423179278,77.37423458961943,250000.0
G0835,28.733751592326573,77.37433655715233,250000.0
G0836,28.738260863384795,77.3744385480795,250000.0
G0837,28.742770131102088,77.37454056240516,250000.0
G0838,28.747279395478053,77.37464260013358,250000.0
G0839,28.751788656512307,77.37474466126905,250000.0
G0840,28.75629791420446,77.3748467458158,250000.0
G0841,28.760807168554116,77.3749488537781,250000.0
G0842,28.7653164195609,77.3750509851602,250000.0
G0843,28.7698256672244,77.37515313996637,250000.0
G0844,28.774334911544255,77.37525531820089,250000.0
G0845,28.77884415252005,77.375357519868,250000.0
G0846,28.78188839468404,77.37487422324307,75863.58875729048
G0847,28.63451225955632,77.37720014482495,243899.51163670048
G0848,28.638966497980416,77.37731153474844,250000.0
G0849,28.643475822417454,77.3774132534896,250000.0
G0850,28.64798514352035,77.37751499559026,250000.0
G0851,28.652494461288722,77.37761676105464,250000.0
G0852,28.65700377572216,77.37771854988696,250000.0
G0853,28.66151308682029,77.37782036209151,250000.0
G0854,28.66602239458271,77.37792219767248,250000.0
G0855,28.670531699009036,77.37802405663413,250000.0
G0856,28.675041000098883,77.37812593898072,250000.0
G0857,28.67955029785185,77.37822784471648,250000.0
G0858,28.68405959226756,77.37832977384565,250000.0
G0859,28.688568883345607,77.3784317263725,250000.0
G0860,28.693078171085602,77.37853370230125,250000.0
G0861,28.69758745548717,77.37863570163617,250000.0
G0862,28.702096736549915,77.37873772438151,250000.0
G0863,28.70660601427343,77.3788397705415,250000.0
G0864,28.71111528865735,77.37894184012045,250000.0
G0865,28.715624559701272,77.37904393312256,250000.0
G0866,28.720133827404798,77.37914604955212,250000.0
G0867,28.724643091767554,77.37924818941336,250000.0
G0868,28.729152352789153,77.37935035271057,250000.0
G0869,28.733661610469188,77.379452539448,250000.0
G0870,28.73817086480728,77.3795547496299,250000.0
G0871,28.742680115803033,77.37965698326057,250000.0
G0872,28.74718936345607,77.37975924034424,250000.0
G0873,28.75169860776598,77.3798615208852,250000.0
G0874,28.756207848732398,77.3799638248877,250000.0
G0875,28.76071708635492,77.38006615235602,250000.0
G0876,28.765226320633158,77.38016850329443,250000.0
G0877,28.769735551566722,77.38027087770722,250000.0
G0878,28.774244779155225,77.38037327559863,250000.0
G0879,28.778716097325525,77.38044738448511,245611.87168014297
G0880,28.781219691641628,77.37925956467035,9853.374048801692
G0881,28.634569962547005,77.38224133498464,226890.02350700428
G0882,28.638876674368955,77.38242290092732,250000.0
G0883,28.64338598207934,77.38252483786616,250000.0
G0884,28.647895286454187,77.38262679821452,250000.0
G0885,28.652404587493105,77.38272878197667,250000.0
G0886,28.6569138851957,77.38283078915683,250000.0
G0887,28.661423179561595,77.38293281975925,250000.0
G0888,28.66593247059038,77.3830348737882,250000.0
G0889,28.670441758281676,77.38313695124795,250000.0
G0890,28.674951042635094,77.3832390521427,250000.0
G0891,28.67946032365024,77.38334117647672,250000.0
G0892,28.683969601326726,77.38344332425427,250000.0
G0893,28.688478875664153,77.38354549547964,250000.0
G0894,28.69298814666213,77.38364769015703,250000.0
G0895,28.697497414320278,77.38374990829075,250000.0
G0896,28.7020066786382,77.38385214988504,250000.0
G0897,28.7065159396155,77.38395441494416,250000.0
G0898,28.711025197251807,77.38405670347237,250000.0
G0899,28.71553445154671,77.38415901547394,250000.0
G0900,28.72004370249982,77.38426135095312,250000.0
G0901,28.72455295011075,77.38436370991423,250000.0
G0902,28.72906219437913,77.38446609236148,250000.0
G0903,28.733571435304533,77.38456849829919,250000.0
G0904,28.7380806728866,77.38467092773159,250000.0
G0905,28.742589907124927,77.38477338066298,250000.0
G0906,28.747099138019124,77.38487585709761,250000.0
G0907,28.75160836556881,77.38497835703978,250000.0
G0908,28.756117589773588,77.38508088049379,250000.0
G0909,28.76062681063306,77.38518342746386,250000.0
G0910,28.76513602814685,77.38528599795431,250000.0
G0911,28.76964524231456,77.38538859196942,250000.0
G0912,28.77415445313581,77.38549120951346,250000.0
G0913,28.778425436234166,77.38550395194308,222604.39123311185
G0914,28.635017756327372,77.38728085644077,166079.9857142847
G0915,28.6387866582065,77.38753424370093,250000.0
G0916,28.643295949154396,77.38763639883318,250000.0
G0917,28.64780523676536,77.38773857742501,250000.0
G0918,28.652314521038996,77.38784077948068,250000.0
G0919,28.656823801974923,77.38794300500442,250000.0
G0920,28.661333079572735,77.3880452540005,250000.0
G0921,28.665842353832048,77.38814752647316,250000.0
G0922,28.670351624752467,77.38824982242672,250000.0
G0923,28.674860892333612,77.38835214186538,250000.0
G0924,28.679370156575082,77.38845448479341,250000.0
G0925,28.683879417476483,77.38855685121511,250000.0
G0926,28.68838867503743,77.38865924113473,250000.0
G0927,28.69289792925753,77.38876165455652,250000.0
G0928,28.69740718013639,77.38886409148476,250000.0
G0929,28.70191642767363,77.38896655192373,250000.0
G0930,28.706425671868843,77.3890690358777,250000.0
G0931,28.710934912721658,77.38917154335091,250000.0
G0932,28.71544415023167,77.38927407434768,250000.0
G0933,28.71995338439848,77.38937662887226,250000.0
G0934,28.724462615221714,77.38947920692893,250000.0
G0935,28.728971842700986,77.38958180852197,250000.0
G0936,28.733481066835875,77.38968443365566,250000.0
G0937,28.737990287626022,77.38978708233428,250000.0
G0938,28.74249950507103,77.38988975456212,250000.0
G0939,28.7470087191705,77.38999245034347,250000.0
G0940,28.751517929924045,77.39009516968258,250000.0
G0941,28.756027137331277,77.39019791258377,250000.0
G0942,28.760536341391802,77.39030067905134,250000.0
G0943,28.765045542105238,77.39040346908953,250000.0
G0944,28.76955473947118,77.39050628270269,250000.0
G0945,28.774063933489252,77.39060911989506,250000.0
G0946,28.77763667898082,77.3903059816166,135914.0752166703
G0947,28.82513781138085,77.393697951995,23259.4036514897
G0948,28.827817152549624,77.39280963541908,122632.91918603277
G0949,28.63558339969138,77.39208227465147,86483.03049330613
G0950,28.638696449496297,77.3926455630192,250000.0
G0951,28.64320572364588,77.39274793634064,250000.0
G0952,28.647714994457132,77.39285033317168,250000.0
G0953,28.65222426192966,77.3929527535166,250000.0
G0954,28.656733526063057,77.39305519737965,250000.0
G0955,28.661242786856963,77.39315766476513,250000.0
G0956,28.665752044310953,77.39326015567727,250000.0
G0957,28.67026129842466,77.39336267012037,250000.0
G0958,28.67477054919767,77.39346520809868,250000.0
G0959,28.679279796629615,77.39356776961648,250000.0
G0960,28.683789040720086,77.39367035467805,250000.0
G0961,28.688298281468697,77.39377296328763,250000.0
G0962,28.692807518875057,77.39387559544956,250000.0
G0963,28.69731675293878,77.39397825116806,250000.0
G0964,28.701825983659464,77.39408093044744,250000.0
G0965,28.706335211036723,77.39418363329197,250000.0
G0966,28.71084443507017,77.39428635970592,250000.0
G0967,28.715353655759415,77.3943891096936,250000.0
G0968,28.71986287310405,77.39449188325929,250000.0
G0969,28.7243720871037,77.39459468040725,250000.0
G0970,28.728881297757972,77.3946975011418,250000.0
G0971,28.733390505066474,77.3948003454672,250000.0
G0972,28.737899709028817,77.39490321338776,250000.0
G0973,28.742408909644602,77.39500610490778,250000.0
G0974,28.746918106913444,77.39510902003153,250000.0
G0975,28.75142730083496,77.3952119587633,250000.0
G0976,28.75593649140875,77.39531492110741,250000.0
G0977,28.76044567863442,77.39541790706815,250000.0
G0978,28.764954862511583,77.39552091664982,250000.0
G0979,28.769464043039854,77.39562394985671,250000.0
G0980,28.773973220218835,77.39572700669314,250000.0
G0981,28.777353274540634,77.3965092993784,96716.2028552132
G0982,28.802275764823968,77.39746341344193,70792.34693872703
G0983,28.805081227271113,77.39728760220129,149771.287502941
G0984,28.808661679110166,77.39865414890536,18838.207137551195
G0985,28.823922502653964,77.39704116597602,206614.3195198129
G0986,28.82805345242725,77.39699387843967,246586.9620557683
G0987,28.830704448662157,77.39833281160948,23822.98710540832
G0988,28.635729934984532,77.39857433318663,25296.920788632196
G0989,28.63864019674582,77.39774924625263,246026.52771954823
G0990,28.64311530555705,77.39785945033847,250000.0
G0991,28.64762455953276,77.39796206540446,250000.0
G0992,28.65213381016834,77.39806470403438,250000.0
G0993,28.656643057463395,77.3981673662325,250000.0
G0994,28.661152301417534,77.39827005200308,250000.0
G0995,28.665661542030367,77.39837276135043,250000.0
G0996,28.6701707793015,77.3984754942788,250000.0
G0997,28.674680013230553,77.3985782507925,250000.0
G0998,28.679189243817106,77.39868103089577,250000.0
G0999,28.683698471060797,77.39878383459292,250000.0
G1000,28.68820769496122,77.39888666188824,250000.0
G1001,28.692716915517973,77.398989512786,250000.0
G1002,28.697226132730687,77.39909238729048,250000.0
G1003,28.701735346598962,77.399195285406,250000.0
G1004,28.7062445571224,77.39929820713681,250000.0
G1005,28.710753764300605,77.39940115248721,250000.0
G1006,28.715262968133207,77.39950412146153,250000.0
G1007,28.719772168619794,77.39960711406404,250000.0
G1008,28.72428136575998,77.39971013029901,250000.0
G1009,28.72879055955338,77.39981317017076,250000.0
G1010,28.733299749999595,77.39991623368358,250000.0
G1011,28.73780893709824,77.40001932084179,250000.0
G1012,28.74231812084892,77.40012243164969,250000.0
G1013,28.746827301251248,77.40022556611154,250000.0
G1014,28.75133647830482,77.4003287242317,250000.0
G1015,28.75584565200927,77.40043190601443,250000.0
G1016,28.760354822364178,77.40053511146405,250000.0
G1017,28.764863989369175,77.40063834058489,250000.0
G1018,28.769373153023853,77.40074159338123,250000.0
G1019,28.77388231332784,77.4008448698574,250000.0
G1020,28.778058616948993,77.401054995668,211722.04632305756
G1021,28.78068974652194,77.4034215609578,588.5499123177806
G1022,28.79358040889835,77.40359579189368,7019.066760313301
G1023,28.796682267360506,77.40317427373486,68858.09090151865
G1024,28.801093229719168,77.40162517878585,229146.45751675917
G1025,28.805446341603275,77.40156846858797,250000.0
G1026,28.80966163079877,77.40188228006217,213064.63624130137
G1027,28.81536212076301,77.403902341675,15969.515184345459
G1028,28.819183700060844,77.40275132068692,155739.48648527262
G1029,28.823585187784506,77.40205185160687,237877.49137182746
G1030,28.82799197547877,77.40208603616857,250000.0
G1031,28.831994360695795,77.40284502837494,158468.77325953942
G1032,28.835393749725295,77.4039674035673,26790.263125072735
G1033,28.850787613604894,77.40365844737897,128631.2819690447
G1034,28.85455056900187,77.40407961570595,101032.4335038914
G1035,28.859736290655523,77.40513823572257,19760.914749285712
G1036,28.862038007657304,77.40525737164322,2279.714575274438
G1037,28.874043956753873,77.4046991283897,61722.14510242831
G1038,28.876274153017583,77.40407036594529,66862.95560737702
G1039,28.63135651899081,77.4044407940004,14586.98627572476
G1040,28.634163881885424,77.40294387784027,227722.1628980686
G1041,28.638515454445677,77.40286813108969,250000.0
G1042,28.64302469489116,77.40297094077665,250000.0
G1043,28.6475339319955,77.40307377407332,250000.0
G1044,28.652043165758297,77.40317663098396,250000.0
G1045,28.656552396179176,77.40327951151285,250000.0
G1046,28.661061623257726,77.4033824156643,250000.0
G1047,28.665570846993557,77.40348534344255,250000.0
G1048,28.67008006738628,77.40358829485193,250000.0
G1049,28.674589284435505,77.40369126989671,250000.0
G1050,28.679098498140835,77.40379426858118,250000.0
G1051,28.683607708501892,77.40389729090964,250000.0
G1052,28.688116915518265,77.4040003368864,250000.0
G1053,28.692626119189562,77.40410340651572,250000.0
G1054,28.697135319515404,77.40420649980189,250000.0
G1055,28.701644516495392,77.40430961674923,250000.0
G1056,28.706153710129144,77.40441275736205,250000.0
G1057,28.71066290041625,77.40451592164463,250000.0
G1058,28.715172087356333,77.40461910960128,250000.0
G1059,28.71968127094899,77.40472232123629,250000.0
G1060,28.724190451193834,77.40482555655399,250000.0
G1061,28.72869962809048,77.40492881555865,250000.0
G1062,28.733208801638522,77.40503209825461,250000.0
G1063,28.737717971837583,77.40513540464615,250000.0
G1064,28.742227138687262,77.40523873473761,250000.0
G1065,28.746736302187173,77.40534208853329,250000.0
G1066,28.75124546233692,77.40544546603749,250000.0
G1067,28.755754619136123,77.40554886725454,250000.0
G1068,28.760263772584366,77.40565229218875,250000.0
G1069,28.764772922681285,77.40575574084443,250000.0
G1070,28.769282069426474,77.40585921322591,250000.0
G1071,28.77379121281954,77.4059627093375,250000.0
G1072,28.7783003528601,77.40606622918352,250000.0
G1073,28.782554290840793,77.40689988554323,169021.91021228614
G1074,28.787441210455476,77.40704476951264,172941.98539908792
G1075,28.791932427368465,77.40656887560475,229781.7218219422
G1076,28.796336879489417,77.40648054599849,250000.0
G1077,28.800846002761563,77.40658418458158,250000.0
G1078,28.80535512267886,77.40668784692504,250000.0
G1079,28.809864239240902,77.40679153303324,250000.0
G1080,28.814407346286888,77.40703071128131,235362.39890588008
G1081,28.818882462297683,77.40699897656116,250000.0
G1082,28.823391568791653,77.40710273398955,250000.0
G1083,28.827900671928795,77.40720651519997,250000.0
G1084,28.832409771708743,77.40731032019681,250000.0
G1085,28.835771331132086,77.40734532504285,120261.20006599516
G1086,28.847557424907826,77.40881567586956,41775.24689253529
G1087,28.85045174484192,77.40773206562416,249348.71678926158
G1088,28.854955220236867,77.40782970212902,250000.0
G1089,28.859464299865408,77.40793364993546,250000.0
G1090,28.863775838633337,77.4084126614483,208441.57068477062
G1091,28.868694056907863,77.40882657688904,177803.78587036722
G1092,28.872997368833904,77.40825281222365,249289.3852665606
G1093,28.876355175204925,77.40857066503779,119785.26582001375
G1094,28.630744727554525,77.40813738629014,95872.09974935441
G1095,28.63391544122993,77.40787637553393,250000.0
G1096,28.638424668111785,77.40797937974182,250000.0
G1097,28.64293389165148,77.40808240760515,250000.0
G1098,28.647443111848627,77.40818545912822,250000.0
G1099,28.651952328702816,77.40828853431529,250000.0
G1100,28.656461542213666,77.40839163317067,250000.0
G1101,28.660970752380788,77.40849475569867,250000.0
G1102,28.665479959203775,77.40859790190356,250000.0
G1103,28.66998916268225,77.40870107178966,250000.0
G1104,28.67449836281581,77.40880426536124,250000.0
G1105,28.67900755960407,77.40890748262262,250000.0
G1106,28.68351675304664,77.40901072357809,250000.0
G1107,28.688025943143103,77.40911398823198,250000.0
G1108,28.692535129893084,77.40921727658855,250000.0
G1109,28.6970443132962,77.40932058865212,250000.0
G1110,28.701553493352048,77.40942392442702,250000.0
G1111,28.706062670060238,77.40952728391753,250000.0
G1112,28.710571843420368,77.40963066712797,250000.0
G1113,28.71508101343206,77.40973407406265,250000.0
G1114,28.719590180094915,77.40983750472589,250000.0
G1115,28.72409934340854,77.40994095912197,250000.0
G1116,28.728608503372545,77.41004443725525,250000.0
G1117,28.733117659986537,77.41014793913003,250000.0
G1118,28.73762681325013,77.4102514647506,250000.0
G1119,28.742135963162923,77.41035501412134,250000.0
G1120,28.746645109724522,77.4104585872465,250000.0
G1121,28.75115425293454,77.41056218413044,250000.0
G1122,28.75566339279259,77.4106658047775,250000.0
G1123,28.760172529298277,77.41076944919196,250000.0
G1124,28.76468166245121,77.41087311737817,250000.0
G1125,28.76919079225099,77.41097680934048,250000.0
G1126,28.77369991869724,77.41108052508318,250000.0
G1127,28.778209041789545,77.41118426461061,250000.0
G1128,28.782718161527537,77.41128802792713,250000.0
G1129,28.787227277910816,77.41139181503704,250000.0
G1130,28.79173639093899,77.41149562594468,250000.0
G1131,28.79624550061166,77.4115994606544,250000.0
G1132,28.800754606928464,77.41170331917053,250000.0
G1133,28.80526370988897,77.4118072014974,250000.0
G1134,28.80977280949281,77.41191110763938,250000.0
G1135,28.81428190573958,77.41201503760077,250000.0
G1136,28.818790998628916,77.41211899138594,250000.0
G1137,28.823300088160405,77.41222296899923,250000.0
G1138,28.82780917433366,77.41232697044498,250000.0
G1139,28.832318257148273,77.41243099572756,250000.0
G1140,28.836368268399855,77.4129407511584,183706.3289756751
G1141,28.841757108020474,77.41413055773451,90701.95807530945
G1142,28.845978258046735,77.41296192769245,225894.66810090988
G1143,28.850354554812714,77.41284733531296,250000.0
G1144,28.854863620828358,77.41295147984485,250000.0
G1145,28.859372683483016,77.41305564823966,250000.0
G1146,28.86388174277632,77.41315984050176,250000.0
G1147,28.868390798707882,77.41326405663553,250000.0
G1148,28.872899851277303,77.41336829664527,250000.0
G1149,28.8768593193065,77.4136015427742,187618.16532286504
G1150,28.630581052747864,77.41292248402036,108489.13840793901
G1151,28.633824479301555,77.4129873824086,250000.0
G1152,28.638333689243208,77.41309060473853,250000.0
G1153,28.64284289584129,77.41319385077392,250000.0
G1154,28.64735209909541,77.41329712051908,250000.0
G1155,28.651861299005166,77.41340041397831,250000.0
G1156,28.656370495570165,77.41350373115588,250000.0
G1157,28.66087968879002,77.41360707205615,250000.0
G1158,28.66538887866433,77.41371043668339,250000.0
G1159,28.669898065192708,77.41381382504188,250000.0
G1160,28.674407248374763,77.41391723713598,250000.0
G1161,28.67891642821009,77.41402067296997,250000.0
G1162,28.683425604698318,77.41412413254815,250000.0
G1163,28.68793477783903,77.41422761587485,250000.0
G1164,28.69244394763184,77.41433112295438,250000.0
G1165,28.696953114076365,77.41443465379105,250000.0
G1166,28.70146227717221,77.41453820838917,250000.0
G1167,28.705971436918972,77.41464178675308,250000.0
G1168,28.71048059331626,77.41474538888707,250000.0
G1169,28.71498974636369,77.41484901479546,250000.0
G1170,28.719498896060866,77.4149526644826,250000.0
G1171,28.724008042407394,77.41505633795279,250000.0
G1172,28.72851718540288,77.41516003521036,250000.0
G1173,28.73302632504694,77.41526375625962,250000.0
G1174,28.737535461339167,77.41536750110494,250000.0
G1175,28.74204459427918,77.41547126975058,250000.0
G1176,28.746553723866576,77.41557506220094,250000.0
G1177,28.751062850100976,77.4156788784603,250000.0
G1178,28.755571972981986,77.41578271853302,250000.0
G1179,28.7600810925092,77.41588658242343,250000.0
G1180,28.764590208682247,77.41599047013585,250000.0
G1181,28.76909932150071,77.41609438167465,250000.0
G1182,28.773608430964227,77.41619831704412,250000.0
G1183,28.778117537072376,77.41630227624864,250000.0
G1184,28.78262663982478,77.41640625929253,250000.0
G1185,28.78713573922105,77.41651026618015,250000.0
G1186,28.79164483526079,77.41661429691581,250000.0
G1187,28.79615392794361,77.41671835150389,250000.0
G1188,28.800663017269116,77.41682242994874,250000.0
G1189,28.805172103236927,77.41692653225466,250000.0
G1190,28.80968118584662,77.41703065842607,250000.0
G1191,28.81419026509784,77.41713480846725,250000.0
G1192,28.81869934099017,77.41723898238261,250000.0
G1193,28.82320841352324,77.41734318017646,250000.0
G1194,28.827717482696645,77.41744740185318,250000.0
G1195,28.83222654850998,77.41755164741713,250000.0
G1196,28.83673561096289,77.41765591687265,250000.0
G1197,28.841244670054955,77.41776021022412,250000.0
G1198,28.845753725785798,77.41786452747588,250000.0
G1199,28.85026277815502,77.4179688686323,250000.0
G1200,28.854771827162242,77.41807323369775,250000.0
G1201,28.859280872807055,77.4181776226766,250000.0
G1202,28.863789915089065,77.41828203557318,250000.0
G1203,28.8682989540079,77.4183864723919,250000.0
G1204,28.87280798956317,77.41849093313712,250000.0
G1205,28.877273070791983,77.41863572624928,244896.7692133862
G1206,28.881129961246657,77.4203931860712,65204.50980788272
G1207,28.88647251843618,77.42110877161296,11010.061586462785
G1208,28.6265201042491,77.41977458022589,14519.287075501168
G1209,28.629458499308324,77.41823197157065,217451.46188644692
G1210,28.633733324877593,77.41809836558208,250000.0
G1211,28.63824251784322,77.41820180602976,250000.0
G1212,28.642751707463876,77.41830527023292,250000.0
G1213,28.64726089373914,77.41840875819588,250000.0
G1214,28.651770076668626,77.41851226992296,250000.0
G1215,28.65627925625194,77.41861580541844,250000.0
G1216,28.6607884324887,77.41871936468665,250000.0
G1217,28.665297605378484,77.41882294773191,250000.0
G1218,28.66980677492093,77.41892655455854,250000.0
G1219,28.674315941115633,77.41903018517083,250000.0
G1220,28.678825103962186,77.4191338395731,250000.0
G1221,28.683334263460228,77.41923751776969,250000.0
G1222,28.68784341960933,77.41934121976492,250000.0
G1223,28.692352572409117,77.41944494556307,250000.0
G1224,28.696861721859193,77.41954869516852,250000.0
G1225,28.701370867959163,77.41965246858557,250000.0
G1226,28.70588001070863,77.41975626581855,250000.0
G1227,28.71038915010722,77.41986008687176,250000.0
G1228,28.714898286154515,77.41996393174956,250000.0
G1229,28.71940741885014,77.42006780045627,250000.0
G1230,28.72391654819368,77.42017169299623,250000.0
G1231,28.728425674184777,77.42027560937376,250000.0
G1232,28.732934796823002,77.42037954959319,250000.0
G1233,28.737443916107992,77.4204835136589,250000.0
G1234,28.741953032039337,77.42058750157517,250000.0
G1235,28.746462144616647,77.42069151334636,250000.0
G1236,28.75097125383953,77.42079554897681,250000.0
G1237,28.755480359707594,77.42089960847088,250000.0
G1238,28.75998946222045,77.42100369183288,250000.0
G1239,28.764498561377696,77.42110779906717,250000.0
G1240,28.769007657178946,77.42121193017812,250000.0
G1241,28.77351674962381,77.42131608517003,250000.0
G1242,28.778025838711887,77.42142026404728,250000.0
G1243,28.782534924442796,77.4215244668142,250000.0
G1244,28.78704400681614,77.42162869347518,250000.0
G1245,28.791553085831524,77.42173294403455,250000.0
G1246,28.796062161488564,77.42183721849665,250000.0
G1247,28.800571233786858,77.42194151686583,250000.0
G1248,28.805080302726015,77.42204583914649,250000.0
G1249,28.80958936830564,77.42215018534296,250000.0
G1250,28.814098430525355,77.42225455545959,250000.0
G1251,28.818607489384764,77.42235894950076,250000.0
G1252,28.82311654488346,77.42246336747083,250000.0
G1253,28.827625597021086,77.42256780937416,250000.0
G1254,28.832134645797197,77.42267227521512,250000.0
G1255,28.83664369121144,77.42277676499809,250000.0
G1256,28.84115273326342,77.42288127872742,250000.0
G1257,28.845661771952738,77.42298581640746,250000.0
G1258,28.85017080727901,77.42309037804262,250000.0
G1259,28.854679839241832,77.42319496363726,250000.0
G1260,28.85918886784082,77.42329957319576,250000.0
G1261,28.86369789307558,77.42340420672247,250000.0
G1262,28.868206914945734,77.4235088642218,250000.0
G1263,28.872715933450873,77.42361354569812,250000.0
G1264,28.8772249485906,77.42371825115579,250000.0
G1265,28.881733960364553,77.42382298059921,250000.0
G1266,28.88623695993703,77.423960230906,246698.131934026
G1267,28.889554179593922,77.4247028402006,95552.47552694877
G1268,28.626044557119698,77.42303561635627,91803.63964131504
G1269,28.62913279866153,77.42310569024448,250000.0
G1270,28.633641977961336,77.4232093250044,250000.0
G1271,28.63815115391513,77.42331298356551,250000.0
G1272,28.642660326522513,77.42341666593212,250000.0
G1273,28.647169495783103,77.42352037210858,250000.0
G1274,28.651678661696494,77.42362410209918,250000.0
G1275,28.656187824262293,77.42372785590825,250000.0
G1276,28.66069698348011,77.42383163354012,250000.0
G1277,28.665206139349547,77.4239354349991,250000.0
G1278,28.66971529187021,77.4240392602895,250000.0
G1279,28.67422444104172,77.42414310941568,250000.0
G1280,28.678733586863668,77.42424698238193,250000.0
G1281,28.683242729335657,77.42435087919259,250000.0
G1282,28.687751868457298,77.424454799852,250000.0
G1283,28.692261004228197,77.4245587443645,250000.0
G1284,28.69677013664797,77.4246627127344,250000.0
G1285,28.701279265716213,77.42476670496603,250000.0
G1286,28.70578839143253,77.42487072106374,250000.0
G1287,28.710297513796537,77.42497476103188,250000.0
G1288,28.71480663280784,77.42507882487475,250000.0
G1289,28.71931574846603,77.4251829125967,250000.0
G1290,28.723824860770726,77.42528702420209,250000.0
G1291,28.728333969721543,77.42539115969525,250000.0
G1292,28.73284307531807,77.42549531908053,250000.0
G1293,28.737352177559924,77.42559950236227,250000.0
G1294,28.741861276446713,77.42570370954482,250000.0
G1295,28.746370371978035,77.42580794063251,250000.0
G1296,28.75087946415351,77.4259121956297,250000.0
G1297,28.75538855297274,77.42601647454077,250000.0
G1298,28.759897638435316,77.42612077737004,250000.0
G1299,28.764406720540876,77.42622510412185,250000.0
G1300,28.768915799289005,77.4263294548006,250000.0
G1301,28.77342487467931,77.42643382941061,250000.0
G1302,28.7779339467114,77.42653822795624,250000.0
G1303,28.782443015384896,77.42664265044186,250000.0
G1304,28.7869520806994,77.42674709687184,250000.0
G1305,28.791461142654505,77.42685156725052,250000.0
G1306,28.79597020124983,77.42695606158229,250000.0
G1307,28.80047925648498,77.42706057987148,250000.0
G1308,28.80498830835958,77.42716512212249,250000.0
G1309,28.8094973568732,77.42726968833968,250000.0
G1310,28.814006402025473,77.42737427852738,250000.0
G1311,28.818515443816008,77.42747889269002,250000.0
G1312,28.823024482244413,77.42758353083195,250000.0
G1313,28.827533517310282,77.42768819295752,250000.0
G1314,28.832042549013217,77.42779287907113,250000.0
G1315,28.83655157735286,77.42789758917715,250000.0
G1316,28.841060602328806,77.42800232327997,250000.0
G1317,28.845569623940637,77.42810708138394,250000.0
G1318,28.85007864218799,77.42821186349346,250000.0
G1319,28.854587657070468,77.42831666961291,250000.0
G1320,28.859096668587668,77.42842149974669,250000.0
G1321,28.863605676739194,77.42852635389916,250000.0
G1322,28.868114681524688,77.42863123207471,250000.0
G1323,28.872623682943722,77.42873613427773,250000.0
G1324,28.877132680995917,77.42884106051262,250000.0
G1325,28.881641675680882,77.42894601078378,250000.0
G1326,28.886150666998226,77.42905098509556,250000.0
G1327,28.890597333447296,77.42924437772744,240418.43945881602
G1328,28.895007697968722,77.43030382043513,144141.1942091926
G1329,28.89942411605922,77.43090202226763,96672.37278079028
G1330,28.903038482486043,77.43143727437501,31354.084562010532
G1331,28.62583381999037,77.4284186666928,100677.10725948698
G1332,28.62904127630251,77.42821640780649,250000.0
G1333,28.63355043855607,77.4283202606255,250000.0
G1334,28.638059597462206,77.42842413729574,250000.0
G1335,28.642568753020516,77.42852803782151,250000.0
G1336,28.6470779052306,77.42863196220712,250000.0
G1337,28.651587054092065,77.42873591045695,250000.0
G1338,28.656096199604526,77.42883988257529,250000.0
G1339,28.660605341767578,77.42894387856647,250000.0
G1340,28.66511448058082,77.42904789843485,250000.0
G1341,28.66962361604387,77.42915194218472,250000.0
G1342,28.67413274815633,77.42925600982043,250000.0
G1343,28.67864187691781,77.42936010134635,250000.0
G1344,28.683151002327918,77.42946421676676,250000.0
G1345,28.687660124386245,77.42956835608604,250000.0
G1346,28.69216924309241,77.42967251930853,250000.0
G1347,28.696678358446015,77.42977670643853,250000.0
G1348,28.701187470446666,77.42988091748043,250000.0
G1349,28.705696579093967,77.42998515243853,250000.0
G1350,28.710205684387525,77.43008941131723,250000.0
G1351,28.714714786326958,77.43019369412082,250000.0
G1352,28.71922388491185,77.4302980008537,250000.0
G1353,28.723732980141822,77.43040233152018,250000.0
G1354,28.72824207201648,77.43050668612463,250000.0
G1355,28.732751160535418,77.4306110646714,250000.0
G1356,28.737260245698266,77.43071546716484,250000.0
G1357,28.741769327504606,77.43081989360931,250000.0
G1358,28.74627840595406,77.43092434400916,250000.0
G1359,28.750787481046224,77.43102881836877,250000.0
G1360,28.75529655278072,77.43113331669247,250000.0
G1361,28.759805621157135,77.43123783898463,250000.0
G1362,28.764314686175094,77.43134238524964,250000.0
G1363,28.768823747834187,77.43144695549181,250000.0
G1364,28.773332806134036,77.43155154971555,250000.0
G1365,28.777841861074233,77.43165616792521,250000.0
G1366,28.782350912654397,77.43176081012517,250000.0
G1367,28.786859960874132,77.43186547631979,250000.0
G1368,28.79136900573305,77.43197016651344,250000.0
G1369,28.795878047230747,77.43207488071049,250000.0
G1370,28.800387085366832,77.43217961891533,250000.0
G1371,28.80489612014092,77.43228438113232,250000.0
G1372,28.809405151552607,77.43238916736584,250000.0
G1373,28.813914179601515,77.43249397762028,250000.0
G1374,28.818423204287235,77.43259881190001,250000.0
G1375,28.822932225609392,77.43270367020939,250000.0
G1376,28.82744124356758,77.43280855255283,250000.0
G1377,28.831950258161406,77.43291345893472,250000.0
G1378,28.836459269390488,77.43301838935943,250000.0
G1379,28.840968277254426,77.43312334383134,250000.0
G1380,28.845477281752828,77.43322832235488,250000.0
G1381,28.849986282885304,77.43333332493438,250000.0
G1382,28.854495280651463,77.43343835157427,250000.0
G1383,28.859004275050907,77.43354340227893,250000.0
G1384,28.86351326608325,77.43364847705276,250000.0
G1385,28.868022253748094,77.43375357590014,250000.0
G1386,28.87253123804506,77.4338586988255,250000.0
G1387,28.877040218973733,77.4339638458332,250000.0
G1388,28.88154919653374,77.43406901692768,250000.0
G1389,28.886058170724688,77.4341742121133,250000.0
G1390,28.890567141546178,77.43427943139449,250000.0
G1391,28.895076108997817,77.43438467477564,250000.0
G1392,28.89958507307922,77.43448994226118,250000.0
G1393,28.904018429196597,77.43468177840064,240040.0649306179
G1394,28.90834256725907,77.43586230339359,131590.83401339917
G1395,28.91234365139308,77.43671345142262,47202.36813319611
G1396,28.62482385821749,77.43352593405542,197334.60201727736
G1397,28.6289495614936,77.4333271015216,250000.0
G1398,28.633458706665113,77.4334311723954,250000.0
G1399,28.637967848487765,77.43353526717043,250000.0
G1400,28.642476986961178,77.43363938585101,250000.0
G1401,28.646986122084936,77.43374352844148,250000.0
G1402,28.651495253858645,77.4338476949462,250000.0
G1403,28.656004382281928,77.43395188536947,250000.0
G1404,28.660513507354377,77.43405609971566,250000.0
G1405,28.66502262907559,77.43416033798908,250000.0
G1406,28.66953174744519,77.43426460019408,250000.0
G1407,28.674040862462775,77.43436888633502,250000.0
G1408,28.678549974127947,77.43447319641623,250000.0
G1409,28.683059082440316,77.43457753044207,250000.0
G1410,28.687568187399478,77.43468188841688,250000.0
G1411,28.69207728900505,77.434786270345,250000.0
G1412,28.696586387256637,77.43489067623078,250000.0
G1413,28.70109548215384,77.43499510607859,250000.0
G1414,28.705604573696263,77.43509955989276,250000.0
G1415,28.710113661883508,77.43520403767766,250000.0
G1416,28.714622746715197,77.43530853943764,250000.0
G1417,28.719131828190918,77.43541306517709,250000.0
G1418,28.723640906310287,77.4355176149003,250000.0
G1419,28.728149981072914,77.43562218861169,250000.0
G1420,28.732659052478393,77.4357267863156,250000.0
G1421,28.73716812052634,77.43583140801638,250000.0
G1422,28.741677185216354,77.43593605371842,250000.0
G1423,28.746186246548046,77.43604072342607,250000.0
G1424,28.750695304521017,77.4361454171437,250000.0
G1425,28.755204359134876,77.43625013487569,250000.0
G1426,28.759713410389224,77.43635487662641,250000.0
G1427,28.764222458283683,77.4364596424002,250000.0
G1428,28.76873150281784,77.43656443220146,250000.0
G1429,28.773240543991328,77.43666924603457,250000.0
G1430,28.777749581803718,77.4367740839039,250000.0
G1431,28.782258616254637,77.43687894581382,250000.0
G1432,28.786767647343694,77.4369838317687,250000.0
G1433,28.791276675070495,77.43708874177294,250000.0
G1434,28.79578569943464,77.43719367583093,250000.0
G1435,28.80029472043573,77.43729863394702,250000.0
G1436,28.804803738073392,77.43740361612562,250000.0
G1437,28.80931275234721,77.4375086223711,250000.0
G1438,28.8138217632568,77.43761365268787,250000.0
G1439,28.818330770801794,77.4377187070803,250000.0
G1440,28.82283977498176,77.43782378555278,250000.0
G1441,28.82734877579632,77.43792888810971,250000.0
G1442,28.83185777324507,77.43803401475549,250000.0
G1443,28.836366767327647,77.4381391654945,250000.0
G1444,28.840875758043644,77.43824434033114,250000.0
G1445,28.84538474539265,77.43834953926982,250000.0
G1446,28.849893729374287,77.43845476231492,250000.0
G1447,28.854402709988175,77.43856000947083,250000.0
G1448,28.858911687233906,77.438665280742,250000.0
G1449,28.86342066111108,77.43877057613278,250000.0
G1450,28.867929631619322,77.43887589564763,250000.0
G1451,28.87243859875823,77.4389812392909,250000.0
G1452,28.876947562527423,77.43908660706703,250000.0
G1453,28.881456522926488,77.43919199898042,250000.0
G1454,28.885965479955043,77.43929741503548,250000.0
G1455,28.890474433612706,77.43940285523664,250000.0
G1456,28.894983383899067,77.43950831958828,250000.0
G1457,28.899492330813747,77.43961380809483,250000.0
G1458,28.904001274356347,77.43971932076072,250000.0
G1459,28.908510214526473,77.43982485759035,250000.0
G1460,28.91301915132375,77.43993041858816,250000.0
G1461,28.916310714512598,77.44082005211743,86430.43087609751
G1462,28.92217790388744,77.44182921279064,79508.9803298213
G1463,28.92505290039088,77.44191534236863,28408.377991406047
G1464,28.624706033818505,77.4383842209551,208309.52738120526
G1465,28.628857654238114,77.4384377713398,250000.0
G1466,28.63336678229176,77.43854206026407,250000.0
G1467,28.637875906995124,77.43864637313956,250000.0
G1468,28.642385028347807,77.43875070997063,250000.0
G1469,28.646894146349414,77.43885507076162,250000.0
G1470,28.651403260999555,77.43895945551688,250000.0
G1471,28.65591237229783,77.43906386424075,250000.0
G1472,28.660421480243844,77.43916829693758,250000.0
G1473,28.664930584837197,77.43927275361172,250000.0
G1474,28.669439686077506,77.43937723426751,250000.0
G1475,28.67394878396437,77.43948173890932,250000.0
G1476,28.67845787849738,77.43958626754151,250000.0
G1477,28.68296696967617,77.43969082016841,250000.0
G1478,28.687476057500323,77.4397953967944,250000.0
G1479,28.691985141969447,77.43989999742381,250000.0
G1480,28.696494223083157,77.44000462206101,250000.0
G1481,28.701003300841045,77.44010927071038,250000.0
G1482,28.70551237524273,77.44021394337626,250000.0
G1483,28.710021446287808,77.44031864006303,250000.0
G1484,28.714530513975888,77.44042336077503,250000.0
G1485,28.719039578306568,77.44052810551666,250000.0
G1486,28.72354863927946,77.44063287429226,250000.0
G1487,28.728057696894183,77.44073766710622,250000.0
G1488,28.732566751150316,77.44084248396291,250000.0
G1489,28.737075802047478,77.44094732486667,250000.0
G1490,28.741584849585273,77.44105218982192,250000.0
G1491,28.74609389376331,77.441157078833,250000.0
G1492,28.75060293458119,77.4412619919043,250000.0
G1493,28.75511197203853,77.4413669290402,250000.0
G1494,28.75962100613492,77.44147189024507,250000.0
G1495,28.764130036869975,77.44157687552331,250000.0
G1496,28.768639064243295,77.44168188487927,250000.0
G1497,28.773148088254498,77.44178691831738,250000.0
G1498,28.77765710890318,77.44189197584197,250000.0
G1499,28.78216612618894,77.44199705745747,250000.0
G1500,28.78667514011141,77.44210216316826,250000.0
G1501,28.79118415067017,77.44220729297871,250000.0
G1502,28.795693157864843,77.44231244689323,250000.0
G1503,28.800202161695015,77.4424176249162,250000.0
G1504,28.804711162160324,77.44252282705203,250000.0
G1505,28.809220159260345,77.4426280533051,250000.0
G1506,28.813729152994693,77.4427333036798,250000.0
G1507,28.818238143362993,77.44283857818054,250000.0
G1508,28.822747130364842,77.44294387681173,250000.0
G1509,28.82725611399983,77.44304919957776,250000.0
G1510,28.83176509426757,77.44315454648303,250000.0
G1511,28.836274071167697,77.44325991753193,250000.0
G1512,28.84078304469978,77.4433653127289,250000.0
G1513,28.845292014863446,77.44347073207834,250000.0
G1514,28.849800981658294,77.44357617558462,250000.0
G1515,28.85430994508396,77.44368164325218,250000.0
G1516,28.858818905139994,77.44378713508544,250000.0
G1517,28.86332786182604,77.44389265108879,250000.0
G1518,28.86783681514171,77.44399819126664,250000.0
G1519,28.872345765086592,77.44410375562346,250000.0
G1520,28.876854711660307,77.4442093441636,250000.0
G1521,28.881363654862454,77.44431495689149,250000.0
G1522,28.885872594692643,77.44442059381159,250000.0
G1523,28.890381531150496,77.44452625492828,250000.0
G1524,28.894890464235587,77.444631940246,250000.0
G1525,28.899399393947565,77.44473764976918,250000.0
G1526,28.903908320285996,77.44484338350223,250000.0
G1527,28.90841724325051,77.44494914144958,250000.0
G1528,28.912926162840716,77.44505492361567,250000.0
G1529,28.91742792144078,77.44517023171343,249022.12630970925
G1530,28.92194399189662,77.44526656062177,250000.0
G1531,28.92569768968786,77.44566909985204,153326.03158772527
G1532,28.6252044032343,77.44231800417508,90915.4883838684
G1533,28.62882305489446,77.44348206639063,242531.143673131
G1534,28.63327466543933,77.4436529241815,250000.0
G1535,28.637783772987582,77.44375745515312,250000.0
G1536,28.642292877183724,77.44386201013033,250000.0
G1537,28.646801978027362,77.4439665891175,250000.0
G1538,28.6513110755181,77.44407119211894,250000.0
G1539,28.65582016965554,77.44417581913908,250000.0
G1540,28.66032926043929,77.44428047018219,250000.0
G1541,28.66483834786895,77.44438514525271,250000.0
G1542,28.669347431944125,77.44448984435495,250000.0
G1543,28.673856512664425,77.44459456749327,250000.0
G1544,28.678365590029447,77.44469931467206,250000.0
G1545,28.68287466403881,77.44480408589567,250000.0
G1546,28.687383734692094,77.44490888116847,250000.0
G1547,28.69189280198892,77.44501370049483,250000.0
G1548,28.6964018659289,77.44511854387909,250000.0
G1549,28.70091092651163,77.44522341132566,250000.0
G1550,28.705419983736707,77.44532830283887,250000.0
G1551,28.709929037603743,77.44543321842315,250000.0
G1552,28.71443808811234,77.44553815808281,250000.0
G1553,28.71894713526212,77.44564312182227,250000.0
G1554,28.72345617905267,77.44574810964588,250000.0
G1555,28.72796521948359,77.44585312155805,250000.0
G1556,28.7324742565545,77.44595815756313,250000.0
G1557,28.736983290265005,77.44606321766551,250000.0
G1558,28.741492320614704,77.44616830186958,250000.0
G1559,28.746001347603197,77.44627341017971,250000.0
G1560,28.750510371230106,77.4463785426003,250000.0
G1561,28.755019391495026,77.44648369913573,250000.0
G1562,28.75952840839755,77.4465888797904,250000.0
G1563,28.76403742193731,77.44669408456868,250000.0
G1564,28.768546432113887,77.44679931347498,250000.0
G1565,28.773055438926907,77.44690456651367,250000.0
G1566,28.77756444237596,77.44700984368917,250000.0
G1567,28.782073442460664,77.44711514500587,250000.0
G1568,28.78658243918062,77.44722047046815,250000.0
G1569,28.791091432535428,77.44732582008041,250000.0
G1570,28.795600422524696,77.44743119384708,250000.0
G1571,28.800109409148043,77.44753659177253,250000.0
G1572,28.804618392405054,77.44764201386118,250000.0
G1573,28.80912737229536,77.44774746011744,250000.0
G1574,28.81363634881854,77.4478529305457,250000.0
G1575,28.818145321974217,77.44795842515035,250000.0
G1576,28.822654291761992,77.44806394393584,250000.0
G1577,28.82716325818148,77.44816948690655,250000.0
G1578,28.83167222123226,77.44827505406691,250000.0
G1579,28.83618118091397,77.44838064542132,250000.0
G1580,28.840690137226215,77.4484862609742,250000.0
G1581,28.845199090168578,77.44859190072998,250000.0
G1582,28.849708039740683,77.44869756469305,250000.0
G1583,28.85421698594214,77.44880325286785,250000.0
G1584,28.858725928772532,77.44890896525878,250000.0
G1585,28.86323486823148,77.44901470187028,250000.0
G1586,28.867743804318604,77.44912046270676,250000.0
G1587,28.872252737033502,77.44922624777264,250000.0
G1588,28.876761666375767,77.4493320570724,250000.0
G1589,28.88127059234502,77.44943789061038,250000.0
G1590,28.88577951494086,77.44954374839108,250000.0
G1591,28.890288434162912,77.44964963041889,250000.0
G1592,28.89479735001076,77.44975553669828,250000.0
G1593,28.89930626248402,77.44986146723363,250000.0
G1594,28.9038151715823,77.44996742202942,250000.0
G1595,28.9083240773052,77.45007340109007,250000.0
G1596,28.912832979652347,77.45017940442003,250000.0
G1597,28.91734187862333,77.45028543202369,250000.0
G1598,28.921850774217766,77.45039148390556,250000.0
G1599,28.92545897051752,77.45042658512749,149810.81237239504
G1600,28.62984276942292,77.44784415622722,91861.02910061779
G1601,28.633190434277967,77.44875477221741,249060.59051948917
G1602,28.637691446468473,77.44886851316107,250000.0
G1603,28.64220053347226,77.4489732862801,250000.0
G1604,28.6467096171221,77.44907808345906,250000.0
G1605,28.651218697417615,77.44918290470237,250000.0
G1606,28.655727774358393,77.44928775001436,250000.0
G1607,28.66023684794405,77.44939261939946,250000.0
G1608,28.664745918174173,77.44949751286197,250000.0
G1609,28.669254985048383,77.44960243040629,250000.0
G1610,28.673764048566284,77.44970737203676,250000.0
G1611,28.678273108727467,77.44981233775779,250000.0
G1612,28.68278216553155,77.44991732757376,250000.0
G1613,28.687291218978135,77.45002234148899,250000.0
G1614,28.69180026906681,77.45012737950792,250000.0
G1615,28.696309315797198,77.45023244163487,250000.0
G1616,28.7008183591689,77.45033752787427,250000.0
G1617,28.705327399181517,77.45044263823046,250000.0
G1618,28.70983643583466,77.45054777270784,250000.0
G1619,28.714345469127924,77.4506529313108,250000.0
G1620,28.71885449906091,77.45075811404371,250000.0
G1621,28.723363525633236,77.45086332091097,250000.0
G1622,28.72787254884451,77.45096855191693,250000.0
G1623,28.732381568694308,77.45107380706604,250000.0
G1624,28.736890585182273,77.45117908636266,250000.0
G1625,28.741399598307986,77.45128438981116,250000.0
G1626,28.745908608071055,77.45138971741596,250000.0
G1627,28.750417614471086,77.45149506918145,250000.0
G1628,28.7549266175077,77.45160044511204,250000.0
G1629,28.75943561718047,77.45170584521209,250000.0
G1630,28.763944613489034,77.45181126948603,250000.0
G1631,28.768453606432963,77.45191671793826,250000.0
G1632,28.7729625960119,77.45202219057317,250000.0
G1633,28.777471582225417,77.45212768739518,250000.0
G1634,28.78198056507314,77.45223320840866,250000.0
G1635,28.78648954455467,77.45233875361804,250000.0
G1636,28.790998520669618,77.45244432302775,250000.0
G1637,28.795507493417567,77.45254991664216,250000.0
G1638,28.80001646279815,77.45265553446568,250000.0
G1639,28.80452542881096,77.45276117650275,250000.0
G1640,28.8090343914556,77.45286684275779,250000.0
G1641,28.813543350731678,77.45297253323517,250000.0
G1642,28.818052306638794,77.45307824793935,250000.0
G1643,28.822561259176577,77.45318398687472,250000.0
G1644,28.827070208344605,77.45328975004571,250000.0
G1645,28.83157915414248,77.45339553745674,250000.0
G1646,28.83608809656985,77.45350134911224,250000.0
G1647,28.840597035626285,77.45360718501662,250000.0
G1648,28.8451059713114,77.45371304517433,250000.0
G1649,28.8496149036248,77.45381892958974,250000.0
G1650,28.854123832566092,77.45392483826734,250000.0
G1651,28.858632758134878,77.45403077121155,250000.0
G1652,28.86314168033078,77.45413672842677,250000.0
G1653,28.867650599153386,77.45424270991745,250000.0
G1654,28.87215951460232,77.45434871568801,250000.0
G1655,28.87666842667717,77.45445474574292,250000.0
G1656,28.881177335377554,77.4545608000866,250000.0
G1657,28.885686240703063,77.45466687872344,250000.0
G1658,28.890195142653326,77.45477298165797,250000.0
G1659,28.894704041227936,77.45487910889456,250000.0
G1660,28.8992129364265,77.45498526043767,250000.0
G1661,28.903721828248642,77.45509143629175,250000.0
G1662,28.908300832564134,77.45505084714186,232995.13723991512
G1663,28.912739601762006,77.45530386095062,250000.0
G1664,28.91724848345247,77.4554101097643,250000.0
G1665,28.92175715422443,77.45551606715071,249969.56112551937
G1666,28.925151722198088,77.45540716127185,123896.64518828367
G1667,28.63400572480071,77.45232474920127,65718.63994262085
G1668,28.63779855326094,77.45372570798031,219068.83835631073
G1669,28.642107997216737,77.45408453836987,250000.0
G1670,28.646617063636963,77.45418955373628,250000.0
G1671,28.651126126701428,77.45429459321707,250000.0
G1672,28.655635186409718,77.4543996568166,250000.0
G1673,28.66014424276144,77.45450474453926,250000.0
G1674,28.664653295756207,77.45460985638941,250000.0
G1675,28.66916234539362,77.45471499237144,250000.0
G1676,28.673671391673285,77.4548201524897,250000.0
G1677,28.678180434594786,77.4549253367486,250000.0
G1678,28.682689474157748,77.45503054515254,250000.0
G1679,28.68719851036177,77.45513577770585,250000.0
G1680,28.691707543206455,77.45524103441295,250000.0
G1681,28.6962165726914,77.45534631527823,250000.0
G1682,28.700725598816216,77.45545162030606,250000.0
G1683,28.705234621580512,77.45555694950085,250000.0
G1684,28.70974364098389,77.45566230286697,250000.0
G1685,28.714252657025956,77.45576768040883,250000.0
G1686,28.71876166970629,77.45587308213081,250000.0
G1687,28.723270679024523,77.4559785080373,250000.0
G1688,28.72777968498026,77.45608395813272,250000.0
G1689,28.73228868757308,77.45618943242144,250000.0
G1690,28.736797686802625,77.45629493090789,250000.0
G1691,28.741306682668466,77.45640045359646,250000.0
G1692,28.745815675170224,77.45650600049153,250000.0
G1693,28.750324664307502,77.45661157159753,250000.0
G1694,28.754833650079902,77.45671716691885,250000.0
G1695,28.759342632487023,77.45682278645991,250000.0
G1696,28.76385161152849,77.45692843022512,250000.0
G1697,28.768360587203873,77.45703409821887,250000.0
G1698,28.772869559512817,77.45713979044558,250000.0
G1699,28.777378528454904,77.45724550690967,250000.0
G1700,28.781887494029736,77.45735124761556,250000.0
G1701,28.786396456236933,77.45745701256763,250000.0
G1702,28.790905415076093,77.45756280177034,250000.0
G1703,28.79541437054681,77.45766861522809,250000.0
G1704,28.799923322648702,77.45777445294527,250000.0
G1705,28.804432271381383,77.45788031492637,250000.0
G1706,28.808941216744426,77.45798620117574,250000.0
G1707,28.813450158737467,77.45809211169787,250000.0
G1708,28.81795909736011,77.45819804649713,250000.0
G1709,28.822468032611948,77.45830400557797,250000.0
G1710,28.82697696449258,77.45840998894482,250000.0
G1711,28.831485893001624,77.45851599660212,250000.0
G1712,28.835994818138687,77.45862202855427,250000.0
G1713,28.84050373990338,77.45872808480574,250000.0
G1714,28.845012658295282,77.45883416536093,250000.0
G1715,28.84952157331403,77.4589402702243,250000.0
G1716,28.85403048495921,77.45904639940028,250000.0
G1717,28.858539393230426,77.4591525528933,250000.0
G1718,28.8630482981273,77.4592587307078,250000.0
G1719,28.86755719964943,77.45936493284825,250000.0
G1720,28.87206609779642,77.45947115931907,250000.0
G1721,28.876574992567875,77.45957741012468,250000.0
G1722,28.881083883963406,77.45968368526958,250000.0
G1723,28.885592771982612,77.45978998475819,250000.0
G1724,28.89010165662511,77.45989630859495,250000.0
G1725,28.89461053789049,77.46000265678431,250000.0
G1726,28.899119415778383,77.46010902933074,250000.0
G1727,28.903616239006713,77.46020269324731,248595.9787744415
G1728,28.908544215582527,77.45879228792982,54908.67376591786
G1729,28.91248627912977,77.45892001517144,100911.40447009058
G1730,28.91701596561474,77.45845058007106,43859.59206931743
G1731,28.920967430083014,77.45859667786516,36693.05667908841
G1732,28.924867005212334,77.45833724918697,5461.595417201384
G1733,28.638367869251372,77.45952062580254,141397.99731731322
G1734,28.64201526842049,77.45919576634964,250000.0
G1735,28.646524317575288,77.45930099989914,250000.0
G1736,28.651033363372875,77.45940625761304,250000.0
G1737,28.655542405812852,77.45951153949572,250000.0
G1738,28.660051444894826,77.45961684555158,250000.0
G1739,28.664560480618395,77.45972217578499,250000.0
G1740,28.66906951298317,77.45982753020034,250000.0
G1741,28.673578541988753,77.45993290880202,250000.0
G1742,28.67808756763474,77.46003831159442,250000.0
G1743,28.682596589920742,77.46014373858192,250000.0
G1744,28.687105608846363,77.46024918976892,250000.0
G1745,28.691614624411194,77.46035466515984,250000.0
G1746,28.696123636614853,77.46046016475903,250000.0
G1747,28.700632645456935,77.46056568857092,250000.0
G1748,28.705141650937048,77.46067123659991,250000.0
G1749,28.709650653054794,77.46077680885038,250000.0
G1750,28.714159651809783,77.46088240532674,250000.0
G1751,28.718668647201607,77.46098802603338,250000.0
G1752,28.723177639229878,77.46109367097473,250000.0
G1753,28.727686627894208,77.46119934015518,250000.0
G1754,28.73219561319418,77.46130503357915,250000.0
G1755,28.736704595129414,77.46141075125102,250000.0
G1756,28.74121357369951,77.46151649317522,250000.0
G1757,28.745722548904062,77.46162225935618,250000.0
G1758,28.75023152074269,77.46172804979828,250000.0
G1759,28.754740489215003,77.46183386450595,250000.0
G1760,28.75924945432058,77.4619397034836,250000.0
G1761,28.763758416059044,77.46204556673564,250000.0
G1762,28.76826737442999,77.46215145426652,250000.0
G1763,28.77277632943304,77.46225736608062,250000.0
G1764,28.777285281067773,77.4623633021824,250000.0
G1765,28.781794229333812,77.46246926257625,250000.0
G1766,28.786303174230756,77.46257524726661,250000.0
G1767,28.790812115758218,77.46268125625791,250000.0
G1768,28.79532105391578,77.46278728955456,250000.0
G1769,28.79982998870307,77.46289334716101,250000.0
G1770,28.80433892011969,77.46299942908168,250000.0
G1771,28.808847848165232,77.46310553532099,250000.0
G1772,28.813356772839295,77.4632116658834,250000.0
G1773,28.817865694141513,77.46331782077333,250000.0
G1774,28.822374612071474,77.46342399999523,250000.0
G1775,28.826883526628787,77.4635302035535,250000.0
G1776,28.831392437813037,77.46363643145261,250000.0
G1777,28.835901345623856,77.463742683697,250000.0
G1778,28.840410250060845,77.4638489602911,250000.0
G1779,28.844919151123587,77.46395526123936,250000.0
G1780,28.849428048811735,77.46406158654624,250000.0
G1781,28.85393694312484,77.46416793621614,250000.0
G1782,28.85844583406253,77.46427431025356,250000.0
G1783,28.862954721624416,77.46438070866292,250000.0
G1784,28.867463605810094,77.46448713144868,250000.0
G1785,28.871972486619182,77.46459357861528,250000.0
G1786,28.876481364051266,77.4647000501672,250000.0
G1787,28.880990238105973,77.46480654610887,250000.0
G1788,28.885499108782906,77.46491306644475,250000.0
G1789,28.89000797608165,77.46501961117932,250000.0
G1790,28.894516840001824,77.46512618031701,250000.0
G1791,28.899025700543053,77.4652327738623,250000.0
G1792,28.90313298810807,77.46520333370998,203716.87734362893
G1793,28.63411979331442,77.46517716805678,74840.25364714582
G1794,28.637425269410663,77.46421540103319,248563.692964008
G1795,28.641922347086876,77.46430697016942,250000.0
G1796,28.64643137894042,77.46441242189759,250000.0
G1797,28.650940407435314,77.46451789784024,250000.0
G1798,28.65544943257115,77.46462339800168,250000.0
G1799,28.659958454347553,77.46472892238634,250000.0
G1800,28.664467472764088,77.46483447099862,250000.0
G1801,28.668976487820395,77.46494004384292,250000.0
G1802,28.67348549951606,77.4650456409236,250000.0
G1803,28.677994507850684,77.4651512622451,250000.0
G1804,28.682503512823885,77.4652569078118,250000.0
G1805,28.687012514435242,77.4653625776281,250000.0
G1806,28.691521512684385,77.46546827169843,250000.0
G1807,28.696030507570903,77.46557399002715,250000.0
G1808,28.700539499094393,77.4656797326187,250000.0
G1809,28.70504848725447,77.46578549947748,250000.0
G1810,28.70955747205073,77.4658912906079,250000.0
G1811,28.714066453482783,77.46599710601436,250000.0
G1812,28.718575431550224,77.46610294570127,250000.0
G1813,28.723084406252664,77.46620880967306,250000.0
G1814,28.727593377589706,77.46631469793414,250000.0
G1815,28.732102345560946,77.46642061048891,250000.0
G1816,28.736611310166005,77.46652654734183,250000.0
G1817,28.741120271404466,77.46663250849727,250000.0
G1818,28.745629229275938,77.46673849395967,250000.0
G1819,28.75013818378003,77.46684450373345,250000.0
G1820,28.754647134916357,77.46695053782305,250000.0
G1821,28.759156082684495,77.46705659623287,250000.0
G1822,28.76366502708407,77.46716267896736,250000.0
G1823,28.76817396811467,77.46726878603091,250000.0
G1824,28.772682905775916,77.467374917428,250000.0
G1825,28.777191840067406,77.46748107316303,250000.0
G1826,28.78170077098874,77.46758725324042,250000.0
G1827,28.786209698539526,77.46769345766465,250000.0
G1828,28.79071862271936,77.4677996864401,250000.0
G1829,28.79522754352786,77.46790593957125,250000.0
G1830,28.799736460964624,77.46801221706252,250000.0
G1831,28.804245375029254,77.46811851891835,250000.0
G1832,28.808754285721356,77.46822484514317,250000.0
G1833,28.81326319304053,77.46833119574143,250000.0
G1834,28.817772096986392,77.4684375707176,250000.0
G1835,28.822280997558543,77.46854397007608,250000.0
G1836,28.82678989475659,77.46865039382133,250000.0
G1837,28.83129878858011,77.46875684195784,250000.0
G1838,28.83580767902874,77.46886331449001,250000.0
G1839,28.84031656610209,77.46896981142231,250000.0
G1840,28.844825449799725,77.4690763327592,250000.0
G1841,28.84933433012129,77.46918287850512,250000.0
G1842,28.853843207066372,77.46928944866451,250000.0
G1843,28.85835208063458,77.46939604324187,250000.0
G1844,28.86286095082551,77.46950266224162,250000.0
G1845,28.86736981763878,77.46960930566824,250000.0
G1846,28.871878681073998,77.4697159735262,250000.0
G1847,28.87638754113075,77.46982266581995,250000.0
G1848,28.880896397808655,77.46992938255394,250000.0
G1849,28.88540525110731,77.47003612373265,250000.0
G1850,28.889914101026346,77.47014288936055,250000.0
G1851,28.894422947565324,77.4702496794421,250000.0
G1852,28.89893179072389,77.4703564939818,250000.0
G1853,28.90249610905239,77.47024752709925,142431.73146054757
G1854,28.629880470294587,77.47072263801692,30704.602920682846
G1855,28.632941091588354,77.4693466100575,232573.34021620636
G1856,28.637320215343063,77.46931250413668,250000.0
G1857,28.641829233219244,77.46941814977913,250000.0
G1858,28.64633824773572,77.46952381968163,250000.0
G1859,28.65084725889209,77.46962951384859,250000.0
G1860,28.655356266687964,77.46973523228442,250000.0
G1861,28.659865271122953,77.4698409749935,250000.0
G1862,28.66437427219664,77.46994674198027,250000.0
G1863,28.668883269908633,77.47005253324907,250000.0
G1864,28.673392264258556,77.47015834880439,250000.0
G1865,28.67790125524598,77.47026418865059,250000.0
G1866,28.68241024287053,77.47037005279208,250000.0
G1867,28.686919227131803,77.47047594123327,250000.0
G1868,28.69142820802939,77.47058185397859,250000.0
G1869,28.695937185562915,77.47068779103245,250000.0
G1870,28.700446159731964,77.47079375239923,250000.0
G1871,28.704955130536135,77.4708997380834,250000.0
G1872,28.709464097975054,77.47100574808935,250000.0
G1873,28.713973062048314,77.4711117824215,250000.0
G1874,28.718482022755513,77.47121784108428,250000.0
G1875,28.722990980096245,77.4713239240821,250000.0
G1876,28.727499934070135,77.47143003141939,250000.0
G1877,28.73200888467677,77.47153616310057,250000.0
G1878,28.736517831915762,77.47164231913008,250000.0
G1879,28.74102677578671,77.47174849951234,250000.0
G1880,28.745535716289226,77.47185470425178,250000.0
G1881,28.750044653422886,77.47196093335282,250000.0
G1882,28.75455358718734,77.47206718681993,250000.0
G1883,28.759062517582144,77.4721734646575,250000.0
G1884,28.763571444606935,77.47227976686997,250000.0
G1885,28.768080368261295,77.47238609346181,250000.0
G1886,28.772589288544843,77.47249244443742,250000.0
G1887,28.777098205457172,77.47259881980129,250000.0
G1888,28.781607118997886,77.4727052195578,250000.0
G1889,28.786116029166603,77.47281164371142,250000.0
G1890,28.790624935962928,77.47291809226662,250000.0
G1891,28.795133839386434,77.47302456522782,250000.0
G1892,28.799642739436745,77.47313106259945,250000.0
G1893,28.80415163611347,77.473237584386,250000.0
G1894,28.808660529416205,77.47334413059188,250000.0
G1895,28.81316941934455,77.47345070122157,250000.0
G1896,28.817678305898134,77.47355729627951,250000.0
G1897,28.822187189076537,77.47366391577016,250000.0
G1898,28.826696068879368,77.47377055969797,250000.0
G1899,28.831204945306222,77.4738772280674,250000.0
G1900,28.835713818356727,77.47398392088289,250000.0
G1901,28.84022268803047,77.47409063814895,250000.0
G1902,28.844731554327062,77.47419737986999,250000.0
G1903,28.849240417246108,77.47430414605051,250000.0
G1904,28.853749276787212,77.47441093669494,250000.0
G1905,28.858258132949967,77.47451775180778,250000.0
G1906,28.862766985733977,77.47462459139348,250000.0
G1907,28.867275835138877,77.4747314554565,250000.0
G1908,28.871784681164247,77.47483834400134,250000.0
G1909,28.876293523809693,77.47494525703245,250000.0
G1910,28.880802363074835,77.4750521945543,250000.0
G1911,28.885311198959247,77.47515915657137,250000.0
G1912,28.88982003146256,77.47526614308813,250000.0
G1913,28.894328860584384,77.47537315410908,250000.0
G1914,28.89883768632431,77.47548018963869,250000.0
G1915,28.901880080790693,77.47524770021339,82702.5797515437
G1916,28.6289482448936,77.47437268291154,164997.4487029301
G1917,28.632717922450727,77.47431760190979,250000.0
G1918,28.637226926316206,77.47442344136645,250000.0
G1919,28.641735926820942,77.47452930512878,250000.0
G1920,28.64624492396453,77.4746351932012,250000.0
G1921,28.650753917746567,77.4747411055881,250000.0
G1922,28.655262908166655,77.47484704229387,250000.0
G1923,28.659771895224406,77.474953003323,250000.0
G1924,28.664280878919406,77.47505898867982,250000.0
G1925,28.668789859251273,77.47516499836878,250000.0
G1926,28.673298836219605,77.47527103239429,250000.0
G1927,28.677807809823992,77.47537709076077,250000.0
G1928,28.682316780064056,77.47548317347265,250000.0
G1929,28.68682574693938,77.47558928053432,250000.0
G1930,28.691334710449574,77.47569541195023,250000.0
G1931,28.695843670594257,77.47580156772479,250000.0
G1932,28.700352627373007,77.47590774786242,250000.0
G1933,28.70486158078544,77.47601395236757,250000.0
G1934,28.709370530831144,77.47612018124461,250000.0
G1935,28.713879477509742,77.47622643449803,250000.0
G1936,28.71838842082082,77.47633271213223,250000.0
G1937,28.722897360763987,77.47643901415167,250000.0
G1938,28.727406297338852,77.47654534056075,250000.0
G1939,28.731915230545017,77.47665169136391,250000.0
G1940,28.73642416038207,77.4767580665656,250000.0
G1941,28.74093308684962,77.47686446617023,250000.0
G1942,28.745442009947283,77.47697089018227,250000.0
G1943,28.74995092967465,77.47707733860616,250000.0
G1944,28.754459846031327,77.47718381144631,250000.0
G1945,28.758968759016916,77.4772903087072,250000.0
G1946,28.76347766863102,77.47739683039325,250000.0
G1947,28.767986574873234,77.4775033765089,250000.0
G1948,28.772495477743185,77.47760994705862,250000.0
G1949,28.77700437724046,77.47771654204686,250000.0
G1950,28.78151327336465,77.47782316147807,250000.0
G1951,28.786022166115387,77.47792980535667,250000.0
G1952,28.79053105549226,77.47803647368714,250000.0
G1953,28.795039941494863,77.47814316647394,250000.0
G1954,28.799548824122812,77.4782498837215,250000.0
G1955,28.80405770337571,77.4783566254343,250000.0
G1956,28.808566579253164,77.4784633916168,250000.0
G1957,28.813075451754756,77.47857018227344,250000.0
G1958,28.817584320880126,77.47867699740873,250000.0
G1959,28.822093186628845,77.47878383702707,250000.0
G1960,28.826602049000527,77.47889070113297,250000.0
G1961,28.831110907994777,77.47899758973087,250000.0
G1962,28.835619763611206,77.47910450282525,250000.0
G1963,28.840128615849412,77.47921144042058,250000.0
G1964,28.844637464708995,77.47931840252132,250000.0
G1965,28.849146310189564,77.47942538913196,250000.0
G1966,28.853655152290735,77.47953240025697,250000.0
G1967,28.85816399101208,77.47963943590082,250000.0
G1968,28.86267282635323,77.47974649606799,250000.0
G1969,28.86718165831378,77.47985358076295,250000.0
G1970,28.87169048689335,77.4799606899902,250000.0
G1971,28.876199312091515,77.48006782375418,250000.0
G1972,28.880708133907902,77.48017498205942,250000.0
G1973,28.885216952342105,77.48028216491038,250000.0
G1974,28.889725767393735,77.48038937231155,250000.0
G1975,28.8942345790624,77.4804966042674,250000.0
G1976,28.89874338734769,77.48060386078245,250000.0
G1977,28.901376739483485,77.48015533873968,36572.25512773936
G1978,28.629137711195686,77.47741025967069,33979.30141294327
G1979,28.63305030328947,77.47895808026577,183179.35988664988
G1980,28.637133444797865,77.47953435429055,250000.0
G1981,28.64164242789535,77.47964043616835,250000.0
G1982,28.646151407630228,77.47974654240626,250000.0
G1983,28.65066038400211,77.4798526730087,250000.0
G1984,28.65516935701059,77.47995882798006,250000.0
G1985,28.65967832665528,77.48006500732475,250000.0
G1986,28.664187292935768,77.48017121104724,250000.0
G1987,28.668696255851668,77.48027743915192,250000.0
G1988,28.673205215402575,77.48038369164323,250000.0
G1989,28.677714171588086,77.48048996852557,250000.0
G1990,28.682223124407823,77.4805962698034,250000.0
G1991,28.686732073861375,77.48070259548115,250000.0
G1992,28.691241019948322,77.48080894556321,250000.0
G1993,28.695749962668305,77.48091532005407,250000.0
G1994,28.70025890202091,77.48102171895809,250000.0
G1995,28.704767838005733,77.48112814227977,250000.0
G1996,28.70927677062237,77.48123459002352,250000.0
G1997,28.71378569987046,77.48134106219379,250000.0
G1998,28.718294625749554,77.48144755879498,250000.0
G1999,28.722803548259286,77.48155407983158,250000.0
G2000,28.727312467399262,77.48166062530802,250000.0
G2001,28.731821383169063,77.48176719522873,250000.0
G2002,28.7363302955683,77.48187378959815,250000.0
G2003,28.740839204596593,77.48198040842074,250000.0
G2004,28.745348110253516,77.48208705170093,250000.0
G2005,28.749857012538687,77.4821937194432,250000.0
G2006,28.754365911451714,77.48230041165199,250000.0
G2007,28.758874806992182,77.48240712833173,250000.0
G2008,28.763383699159718,77.48251386948691,250000.0
G2009,28.7678925879539,77.48262063512196,250000.0
G2010,28.772401473374345,77.48272742524132,250000.0
G2011,28.77691035542065,77.4828342398495,250000.0
G2012,28.78141923409242,77.48294107895092,250000.0
G2013,28.785928109389264,77.48304794255004,250000.0
G2014,28.79043698131078,77.48315483065134,250000.0
G2015,28.79494584985657,77.48326174325928,250000.0
G2016,28.799454715026243,77.48336868037832,250000.0
G2017,28.803963576819392,77.48347564201293,250000.0
G2018,28.808472435235622,77.48358262816757,250000.0
G2019,28.81298129027454,77.48368963884671,250000.0
G2020,28.81749014193575,77.48379667405486,250000.0
G2021,28.821998990218862,77.48390373379644,250000.0
G2022,28.826507835123472,77.48401081807594,250000.0
G2023,28.831016676649163,77.48411792689785,250000.0
G2024,28.83552551479558,77.48422506026664,250000.0
G2025,28.840034349562305,77.48433221818678,250000.0
G2026,28.844543180948936,77.48443940066277,250000.0
G2027,28.849052008955084,77.48454660769907,250000.0
G2028,28.853560833580353,77.48465383930017,250000.0
G2029,28.858069654824344,77.48476109547056,250000.0
G2030,28.86257847268666,77.4848683762147,250000.0
G2031,28.867087287166914,77.48497568153712,250000.0
G2032,28.8715960982647,77.4850830114423,250000.0
G2033,28.876104905979613,77.4851903659347,250000.0
G2034,28.88061371031129,77.48529774501884,250000.0
G2035,28.8851225112593,77.48540514869919,250000.0
G2036,28.889631308823265,77.48551257698026,250000.0
G2037,28.894140103002783,77.48562002986654,250000.0
G2038,28.898123340580963,77.48508681016526,161003.38060585578
G2039,28.90102369394302,77.48352711559872,1163.0931498962711
G2040,28.634183121996152,77.48373657549972,49403.7108146504
G2041,28.637171891234566,77.48446595546052,229097.91409522746
G2042,28.641548736445827,77.48475154284785,250000.0
G2043,28.64605769873619,77.48485786724683,250000.0
G2044,28.650566657662093,77.48496421606036,250000.0
G2045,28.655075613223147,77.48507058929285,250000.0
G2046,28.65958456541895,77.48517698694874,250000.0
G2047,28.664093514249096,77.48528340903246,250000.0
G2048,28.668602459713192,77.48538985554843,250000.0
G2049,28.67311140181085,77.4854963265011,250000.0
G2050,28.677620340541655,77.4856028218949,250000.0
G2051,28.68212927590522,77.48570934173426,250000.0
G2052,28.686638207901133,77.48581588602363,250000.0
G2053,28.691147136529008,77.48592245476743,250000.0
G2054,28.69565606178845,77.48602904797012,250000.0
G2055,28.700164983679052,77.48613566563614,250000.0
G2056,28.70467390220041,77.48624230776993,250000.0
G2057,28.709182817352133,77.48634897437591,250000.0
G2058,28.71369172913383,77.48645566545858,250000.0
G2059,28.71820063754509,77.48656238102234,250000.0
G2060,28.722709542585516,77.48666912107167,250000.0
G2061,28.72721844425473,77.48677588561101,250000.0
G2062,28.7317273425523,77.4868826746448,250000.0
G2063,28.73623623747786,77.48698948817753,250000.0
G2064,28.740745129030987,77.48709632621362,250000.0
G2065,28.745254017211302,77.48720318875753,250000.0
G2066,28.7497629020184,77.48731007581374,250000.0
G2067,28.75427178345189,77.4874169873867,250000.0
G2068,28.75878066151136,77.48752392348086,250000.0
G2069,28.763289536196414,77.48763088410068,250000.0
G2070,28.76779840750666,77.48773786925065,250000.0
G2071,28.772307275441708,77.48784487893523,250000.0
G2072,28.77681614000115,77.48795191315887,250000.0
G2073,28.78132500118459,77.48805897192604,250000.0
G2074,28.785833858991634,77.48816605524124,250000.0
G2075,28.79034271342189,77.4882731631089,250000.0
G2076,28.79485156447494,77.48838029553352,250000.0
G2077,28.799360412150413,77.48848745251956,250000.0
G2078,28.803869256447896,77.4885946340715,250000.0
G2079,28.80837809736699,77.48870184019383,250000.0
G2080,28.81288693490729,77.48880907089101,250000.0
G2081,28.817395769068433,77.48891632616754,250000.0
G2082,28.821904599849997,77.48902360602789,250000.0
G2083,28.82641342725159,77.48913091047653,250000.0
G2084,28.830922251272803,77.48923823951797,250000.0
G2085,28.835431071913263,77.48934559315668,250000.0
G2086,28.839939889172552,77.48945297139716,250000.0
G2087,28.844448703050283,77.4895603742439,250000.0
G2088,28.848957513546058,77.48966780170137,250000.0
G2089,28.85346632065948,77.48977525377408,250000.0
G2090,28.85797512439015,77.4898827304665,250000.0
G2091,28.862483924737674,77.48999023178318,250000.0
G2092,28.866992721701674,77.49009775772856,250000.0
G2093,28.871501515281714,77.49020530830715,250000.0
G2094,28.876010305477408,77.49031288352347,250000.0
G2095,28.880519092288402,77.49042048338202,250000.0
G2096,28.885027875714247,77.49052810788727,250000.0
G2097,28.889536655754572,77.49063575704376,250000.0
G2098,28.893900248289935,77.49063872485438,232521.578573832
G2099,28.896602715162924,77.48876305423684,6727.37329083108
G2100,28.63827983183085,77.4888499657655,73562.72874959614
G2101,28.641483664306982,77.4898303318568,246470.554990496
G2102,28.64596379728579,77.48996916767285,250000.0
G2103,28.6504727387299,77.49007573469306,250000.0
G2104,28.654981676807697,77.49018232618226,250000.0
G2105,28.659490611518798,77.49028894214491,250000.0
G2106,28.66399954286277,77.49039558258542,250000.0
G2107,28.668508470839246,77.49050224750826,250000.0
G2108,28.673017395447815,77.49060893691787,250000.0
G2109,28.67752631668807,77.49071565081867,250000.0
G2110,28.682035234559628,77.49082238921513,250000.0
G2111,28.68654414906208,77.49092915211166,250000.0
G2112,28.691053060195017,77.49103593951277,250000.0
G2113,28.695561967958074,77.49114275142286,250000.0
G2114,28.700070872350814,77.49124958784641,250000.0
G2115,28.70457977337286,77.49135644878785,250000.0
G2116,28.709088671023803,77.49146333425165,250000.0
G2117,28.713597565303267,77.49157024424227,250000.0
G2118,28.718106456210823,77.49167717876415,250000.0
G2119,28.722615343746085,77.49178413782175,250000.0
G2120,28.72712422790866,77.49189112141954,250000.0
G2121,28.73163310869813,77.49199812956198,250000.0
G2122,28.73614198611413,77.49210516225355,250000.0
G2123,28.740650860156236,77.49221221949867,250000.0
G2124,28.74515973082405,77.49231930130185,250000.0
G2125,28.749668598117186,77.49242640766754,250000.0
G2126,28.754177462035244,77.4925335386002,250000.0
G2127,28.758686322577816,77.4926406941043,250000.0
G2128,28.763195179744518,77.49274787418435,250000.0
G2129,28.767704033534937,77.49285507884477,250000.0
G2130,28.772212883948686,77.49296230809006,250000.0
G2131,28.776721730985358,77.49306956192471,250000.0
G2132,28.78123057464456,77.49317684035319,250000.0
G2133,28.785739414925903,77.49328414337995,250000.0
G2134,28.790248251828977,77.4933914710095,250000.0
G2135,28.794757085353385,77.49349882324633,250000.0
G2136,28.799265915498736,77.4936062000949,250000.0
G2137,28.803774742264636,77.4937136015597,250000.0
G2138,28.808283565650665,77.49382102764523,250000.0
G2139,28.81279238565645,77.49392847835597,250000.0
G2140,28.817301202281584,77.4940359536964,250000.0
G2141,28.821810015525664,77.49414345367101,250000.0
G2142,28.826318825388313,77.49425097828433,250000.0
G2143,28.830827631869095,77.49435852754081,250000.0
G2144,28.83533643496765,77.49446610144497,250000.0
G2145,28.839845234683573,77.49457370000128,250000.0
G2146,28.84435403101646,77.49468132321428,250000.0
G2147,28.84886282396591,77.49478897108844,250000.0
G2148,28.85337161353154,77.49489664362825,250000.0
G2149,28.85788039971294,77.49500434083825,250000.0
G2150,28.862389182509705,77.49511206272291,250000.0
G2151,28.86689796192146,77.49521980928677,250000.0
G2152,28.87140673794781,77.49532758053431,250000.0
G2153,28.87591551058834,77.49543537647004,250000.0
G2154,28.880424279842657,77.49554319709847,250000.0
G2155,28.884933045710365,77.49565104242414,250000.0
G2156,28.88944180819107,77.49575891245154,250000.0
G2157,28.89393854191246,77.49588026248918,248582.36323532803
G2158,28.897039053810584,77.49699186124538,62441.327700482434
G2159,28.642424121435106,77.49352863421444,64579.709768581524
G2160,28.64603937154697,77.49482002473155,220358.20993110375
G2161,28.65037862720892,77.49518722885676,250000.0
G2162,28.654887547767643,77.49529403859823,250000.0
G2163,28.65939646495821,77.49540087286319,250000.0
G2164,28.66390537878019,77.49550773165606,250000.0
G2165,28.668414289233212,77.49561461498132,250000.0
G2166,28.67292319631686,77.49572152284341,250000.0
G2167,28.67743210003073,77.49582845524678,250000.0
G2168,28.681941000374447,77.49593541219588,250000.0
G2169,28.686449897347583,77.49604239369516,250000.0
G2170,28.690958790949757,77.49614939974911,250000.0
G2171,28.695467681180563,77.49625643036215,250000.0
G2172,28.699976568039606,77.49636348553878,250000.0
G2173,28.70448545152649,77.49647056528343,250000.0
G2174,28.7089943316408,77.49657766960058,250000.0
G2175,28.713503208382154,77.49668479849468,250000.0
G2176,28.718012081750143,77.49679195197021,250000.0
G2177,28.72252095174437,77.49689913003164,250000.0
G2178,28.72702981836445,77.49700633268343,250000.0
G2179,28.731538681609962,77.49711355993004,250000.0
G2180,28.73604754148052,77.49722081177597,250000.0
G2181,28.74055639797572,77.49732808822569,250000.0
G2182,28.745065251095163,77.49743538928365,250000.0
G2183,28.749574100838455,77.49754271495433,250000.0
G2184,28.7540829472052,77.49765006524224,250000.0
G2185,28.758591790194988,77.49775744015183,250000.0
G2186,28.763100629807433,77.4978648396876,250000.0
G2187,28.767609466042124,77.49797226385401,250000.0
G2188,28.772118298898675,77.49807971265555,250000.0
G2189,28.776627128376692,77.49818718609673,250000.0
G2190,28.78113595447575,77.498294684182,250000.0
G2191,28.785644777195483,77.49840220691588,250000.0
G2192,28.79015359653547,77.49850975430284,250000.0
G2193,28.794662412495324,77.4986173263474,250000.0
G2194,28.799171225074637,77.49872492305401,250000.0
G2195,28.80368003427302,77.49883254442719,250000.0
G2196,28.80818884009008,77.49894019047142,250000.0
G2197,28.8126976425254,77.49904786119122,250000.0
G2198,28.817206441578602,77.49915555659108,250000.0
G2199,28.821715237249293,77.49926327667549,250000.0
G2200,28.82622402953704,77.49937102144894,250000.0
G2201,28.83073281844147,77.49947879091597,250000.0
G2202,28.835241603962192,77.49958658508108,250000.0
G2203,28.839750386098803,77.49969440394874,250000.0
G2204,28.84425916485088,77.49980224752349,250000.0
G2205,28.848767940218067,77.49991011580983,250000.0
G2206,28.853276712199946,77.50001800881226,250000.0
G2207,28.857785480796117,77.5001259265353,250000.0
G2208,28.862294246006176,77.50023386898347,250000.0
G2209,28.866803007829752,77.50034183616128,250000.0
G2210,28.871311766266427,77.50044982807324,250000.0
G2211,28.875820521315802,77.50055784472389,250000.0
G2212,28.88032927297749,77.50066588611772,250000.0
G2213,28.884838021251078,77.50077395225927,250000.0
G2214,28.88934676613621,77.50088204315304,250000.0
G2215,28.893855507632434,77.50099015880359,250000.0
G2216,28.898177031849034,77.5011193923094,226285.49098816604
G2217,28.900812235150507,77.50101395163244,6285.226832747472
G2218,28.647656376399173,77.49954677948566,15361.249548212156
G2219,28.65037001905861,77.50029174418887,239682.38230920918
G2220,28.654793226106385,77.50040572649074,250000.0
G2221,28.65930212574058,77.50051277905355,250000.0
G2222,28.663811022004747,77.50061985619435,250000.0
G2223,28.66831991489848,77.50072695791756,250000.0
G2224,28.672828804421382,77.50083408422768,250000.0
G2225,28.67733769057304,77.50094123512915,250000.0
G2226,28.68184657335307,77.50104841062644,250000.0
G2227,28.68635545276106,77.50115561072401,250000.0
G2228,28.69086432879661,77.50126283542635,250000.0
G2229,28.695373201459343,77.50137008473789,250000.0
G2230,28.69988207074883,77.50147735866312,250000.0
G2231,28.70439093666469,77.50158465720652,250000.0
G2232,28.708899799206517,77.50169198037254,250000.0
G2233,28.713408658373915,77.50179932816567,250000.0
G2234,28.717917514166476,77.5019067005904,250000.0
G2235,28.722426366583807,77.50201409765117,250000.0
G2236,28.726935215625513,77.50212151935247,250000.0
G2237,28.73144406129119,77.5022289656988,250000.0
G2238,28.735952903580436,77.50233643669463,250000.0
G2239,28.74046174249286,77.50244393234445,250000.0
G2240,28.744970578028042,77.50255145265271,250000.0
G2241,28.749479410185614,77.50265899762394,250000.0
G2242,28.753988238965167,77.5027665672626,250000.0
G2243,28.75849706436628,77.50287416157319,250000.0
G2244,28.76300588638858,77.5029817805602,250000.0
G2245,28.767514705031658,77.50308942422811,250000.0
G2246,28.772023520295114,77.50319709258143,250000.0
G2247,28.776532332178554,77.50330478562464,250000.0
G2248,28.781041140681573,77.50341250336224,250000.0
G2249,28.78554994580379,77.50352024579874,250000.0
G2250,28.790058747544776,77.50362801293862,250000.0
G2251,28.79456754590417,77.50373580478639,250000.0
G2252,28.79907634088154,77.50384362134655,250000.0
G2253,28.803585132476506,77.5039514626236,250000.0
G2254,28.80809392068865,77.50405932862205,250000.0
G2255,28.81260270551759,77.50416721934643,250000.0
G2256,28.817111486962936,77.50427513480119,250000.0
G2257,28.82162026502428,77.50438307499088,250000.0
G2258,28.82612903970122,77.50449103992001,250000.0
G2259,28.83063781099335,77.50459902959308,250000.0
G2260,28.835146578900293,77.50470704401461,250000.0
G2261,28.839655343421647,77.50481508318911,250000.0
G2262,28.844164104556995,77.50492314712112,250000.0
G2263,28.848672862305964,77.50503123581512,250000.0
G2264,28.853181616668138,77.50513934927565,250000.0
G2265,28.85769036764312,77.50524748750723,250000.0
G2266,28.86219911523052,77.5053556505144,250000.0
G2267,28.86670785942995,77.50546383830165,250000.0
G2268,28.871216600240995,77.50557205087352,250000.0
G2269,28.87572533766325,77.50568028823456,250000.0
G2270,28.880234071696343,77.50578855038925,250000.0
G2271,28.884742802339854,77.50589683734216,250000.0
G2272,28.889251529593402,77.5060051490978,250000.0
G2273,28.893760253456573,77.50611348566072,250000.0
G2274,28.897159707820208,77.50552928782902,104224.78491818855
G2275,28.646538635929755,77.50581700077814,138229.01160697723
G2276,28.650189826414174,77.50541014357705,250000.0
G2277,28.654698711827304,77.50551738980973,250000.0
G2278,28.659207593869333,77.50562466066594,250000.0
G2279,28.663716472539846,77.50573195615019,250000.0
G2280,28.66822534783847,77.50583927626691,250000.0
G2281,28.67273421976479,77.5059466210206,250000.0
G2282,28.6772430883184,77.5060539904157,250000.0
G2283,28.681751953498907,77.50616138445672,250000.0
G2284,28.68626081530591,77.50626880314812,250000.0
G2285,28.690769673739005,77.50637624649436,250000.0
G2286,28.695278528797807,77.50648371449994,250000.0
G2287,28.6997873804819,77.50659120716931,250000.0
G2288,28.704296228790884,77.50669872450698,250000.0
G2289,28.708805073724363,77.50680626651742,250000.0
G2290,28.71331391528195,77.50691383320509,250000.0
G2291,28.71782275346322,77.50702142457452,250000.0
G2292,28.7223315882678,77.50712904063016,250000.0
G2293,28.72684041969527,77.50723668137651,250000.0
G2294,28.731349247745232,77.50734434681807,250000.0
G2295,28.7358580724173,77.50745203695931,250000.0
G2296,28.74036689371106,77.50755975180473,250000.0
G2297,28.74487571162613,77.50766749135883,250000.0
G2298,28.749384526162093,77.5077752556261,250000.0
G2299,28.75389333731855,77.50788304461103,250000.0
G2300,28.758402145095115,77.50799085831812,250000.0
G2301,28.76291094949138,77.50809869675189,250000.0
G2302,28.767419750506946,77.50820655991681,250000.0
G2303,28.771928548141418,77.5083144478174,250000.0
G2304,28.776437342394388,77.50842236045814,250000.0
G2305,28.780946133265463,77.50853029784358,250000.0
G2306,28.785454920754255,77.5086382599782,250000.0
G2307,28.789963704860345,77.5087462468665,250000.0
G2308,28.794472485583345,77.50885425851298,250000.0
G2309,28.798981262922855,77.5089622949222,250000.0
G2310,28.80349003687848,77.50907035609862,250000.0
G2311,28.807998807449806,77.50917844204679,250000.0
G2312,28.81250757463644,77.5092865527712,250000.0
G2313,28.817016338438005,77.50939468827637,250000.0
G2314,28.82152509885408,77.50950284856685,250000.0
G2315,28.826033855884276,77.50961103364713,250000.0
G2316,28.830542609528173,77.50971924352173,250000.0
G2317,28.835051359785407,77.50982747819518,250000.0
G2318,28.83956010665556,77.50993573767201,250000.0
G2319,28.844068850138232,77.51004402195674,250000.0
G2320,28.848577590233027,77.51015233105389,250000.0
G2321,28.853086326939554,77.510260664968,250000.0
G2322,28.857595060257406,77.5103690237036,250000.0
G2323,28.862103790186183,77.51047740726523,250000.0
G2324,28.8666125167255,77.5105858156574,250000.0
G2325,28.871121239874945,77.51069424888466,250000.0
G2326,28.875629959634125,77.51080270695154,250000.0
G2327,28.88013867600266,77.51091118986258,250000.0
G2328,28.884647388980113,77.51101969762232,250000.0
G2329,28.88915609856612,77.5111282302353,250000.0
G2330,28.893355371694255,77.5110677777116,212368.5393007088
G2331,28.896070373233698,77.5089621995727,1207.0507320852248
G2332,28.64296900117712,77.5105640673292,18049.17721933236
G2333,28.64570138326683,77.51035554465186,235651.67696474385
G2334,28.650095137147222,77.51052156403358,250000.0
G2335,28.654604004933827,77.51062902850515,250000.0
G2336,28.659112869347855,77.51073651765032,250000.0
G2337,28.663621730388904,77.51084403147352,250000.0
G2338,28.668130588056588,77.51095156997928,250000.0
G2339,28.672639442350494,77.51105913317208,250000.0
G2340,28.677148293270225,77.51116672105636,250000.0
G2341,28.68165714081538,77.51127433363662,250000.0
G2342,28.68616598498555,77.51138197091736,250000.0
G2343,28.690674825780352,77.51148963290304,250000.0
G2344,28.695183663199376,77.51159731959815,250000.0
G2345,28.699692497242218,77.51170503100718,250000.0
G2346,28.704201327908486,77.51181276713466,250000.0
G2347,28.70871015519777,77.51192052798501,250000.0
G2348,28.713218979109687,77.51202831356277,250000.0
G2349,28.717727799643807,77.51213612387241,250000.0
G2350,28.72223661679976,77.51224395891843,250000.0
G2351,28.726745430577136,77.51235181870534,250000.0
G2352,28.731254240975524,77.51245970323764,250000.0
G2353,28.73576304799454,77.5125676125198,250000.0
G2354,28.74027185163378,77.51267554655635,250000.0
G2355,28.74478065189283,77.51278350535178,250000.0
G2356,28.749289448771304,77.5128914889106,250000.0
G2357,28.753798242268807,77.51299949723732,250000.0
G2358,28.75830703238492,77.51310753033641,250000.0
G2359,28.762815819119268,77.51321558821242,250000.0
G2360,28.767324602471426,77.51332367086984,250000.0
G2361,28.771833382441013,77.51343177831319,250000.0
G2362,28.776342159027617,77.513539910547,250000.0
G2363,28.780850932230848,77.51364806757574,250000.0
G2364,28.785359702050307,77.51375624940397,250000.0
G2365,28.7898684684856,77.51386445603617,250000.0
G2366,28.7943772315363,77.5139726874769,250000.0
G2367,28.798885991202038,77.51408094373062,250000.0
G2368,28.803394747482404,77.51418922480191,250000.0
G2369,28.807903500376984,77.51429753069526,250000.0
G2370,28.8124122498854,77.51440586141521,250000.0
G2371,28.816920996007255,77.51451421696628,250000.0
G2372,28.82142973874214,77.51462259735301,250000.0
G2373,28.82593847808965,77.51473100257991,250000.0
G2374,28.830447214049382,77.51483943265151,250000.0
G2375,28.83495594662096,77.51494788757236,250000.0
G2376,28.839464675803978,77.515056367347,250000.0
G2377,28.843973401598028,77.51516487197993,250000.0
G2378,28.84848212400271,77.51527340147571,250000.0
G2379,28.852990843017643,77.51538195583886,250000.0
G2380,28.857499558642402,77.51549053507395,250000.0
G2381,28.8620082708766,77.5155991391855,250000.0
G2382,28.866516979719854,77.51570776817806,250000.0
G2383,28.871025685171748,77.51581642205615,250000.0
G2384,28.87553438723188,77.51592510082435,250000.0
G2385,28.880043085899874,77.5160338044872,250000.0
G2386,28.884551781175315,77.51614253304923,250000.0
G2387,28.889060473057793,77.51625128651501,250000.0
G2388,28.89235276174417,77.51609718561636,109493.93567475435
G2389,28.64667173198501,77.51397013940206,52379.068335967495
G2390,28.650182345256972,77.51543583047001,224643.09024791518
G2391,28.65450910542937,77.51574064252699,250000.0
G2392,28.659017952179582,77.51584834995661,250000.0
G2393,28.663526795555338,77.51595608211434,250000.0
G2394,28.668035635556247,77.51606383900466,250000.0
G2395,28.672544472181915,77.51617162063205,250000.0
G2396,28.677053305431933,77.51627942700102,250000.0
G2397,28.6815621353059,77.51638725811605,250000.0
G2398,28.68607096180341,77.51649511398165,250000.0
G2399,28.69057978492406,77.51660299460228,250000.0
G2400,28.695088604667472,77.51671089998246,250000.0
G2401,28.69959742103323,77.51681883012668,250000.0
G2402,28.704106234020923,77.51692678503943,250000.0
G2403,28.708615043630164,77.51703476472521,250000.0
G2404,28.713123849860544,77.51714276918855,250000.0
G2405,28.717632652711664,77.51725079843392,250000.0
G2406,28.72214145218313,77.51735885246583,250000.0
G2407,28.726650248274535,77.51746693128881,250000.0
G2408,28.73115904098549,77.51757503490732,250000.0
G2409,28.735667830315577,77.51768316332593,250000.0
G2410,28.74017661626441,77.5177913165491,250000.0
G2411,28.744685398831585,77.51789949458134,250000.0
G2412,28.749194178016687,77.51800769742721,250000.0
G2413,28.753702953819342,77.51811592509118,250000.0
G2414,28.758211726239132,77.51822417757778,250000.0
G2415,28.76272049527566,77.51833245489154,250000.0
G2416,28.767229260928527,77.51844075703696,250000.0
G2417,28.771738023197337,77.51854908401856,250000.0
G2418,28.77624678208168,77.51865743584088,250000.0
G2419,28.780755537581168,77.51876581250843,250000.0
G2420,28.785264289695395,77.51887421402574,250000.0
G2421,28.789773038423967,77.51898264039734,250000.0
G2422,28.794281783766472,77.51909109162776,250000.0
G2423,28.798790525722517,77.5191995677215,250000.0
G2424,28.80329926429171,77.51930806868312,250000.0
G2425,28.807807999473642,77.51941659451715,250000.0
G2426,28.81231673126791,77.51952514522812,250000.0
G2427,28.816825459674128,77.51963372082055,250000.0
G2428,28.82133418469188,77.51974232129899,250000.0
G2429,28.82584290632079,77.51985094666799,250000.0
G2430,28.83035162456042,77.51995959693208,250000.0
G2431,28.83486033941042,77.5200682720958,250000.0
G2432,28.83936905087035,77.52017697216367,250000.0
G2433,28.843877758939836,77.52028569714027,250000.0
G2434,28.848386463618468,77.52039444703013,250000.0
G2435,28.852895164905842,77.5205032218378,250000.0
G2436,28.857403862801558,77.52061202156783,250000.0
G2437,28.861912557305242,77.52072084622476,250000.0
G2438,28.866421248416465,77.52082969581316,250000.0
G2439,28.87092993613485,77.52093857033756,250000.0
G2440,28.87543862045998,77.52104746980254,250000.0
G2441,28.879947301391464,77.52115639421264,250000.0
G2442,28.884455978928898,77.52126534357241,250000.0
G2443,28.888964653071902,77.52137431788643,250000.0
G2444,28.89218029072091,77.5208788287432,89277.08477314943
G2445,28.64757352747532,77.52317030547799,113.54364819299595
G2446,28.650315215554738,77.520971936598,199695.87281445216
G2447,28.654414013317343,77.5208522318252,250000.0
G2448,28.658922842367915,77.52096015753482,250000.0
G2449,28.66343166804257,77.52106810802255,250000.0
G2450,28.667940490340886,77.52117608329294,250000.0
G2451,28.672449309262486,77.52128408335047,250000.0
G2452,28.676958124806962,77.52139210819963,250000.0
G2453,28.6814669369739,77.52150015784495,250000.0
G2454,28.68597574576291,77.52160823229089,250000.0
G2455,28.69048455117359,77.521716331542,250000.0
G2456,28.694993353205533,77.52182445560273,250000.0
G2457,28.699502151858344,77.52193260447761,250000.0
G2458,28.70401094713162,77.52204077817117,250000.0
G2459,28.708519739024958,77.52214897668789,250000.0
G2460,28.71302852753796,77.52225720003229,250000.0
G2461,28.717537312670224,77.52236544820889,250000.0
G2462,28.722046094421337,77.5224737212222,250000.0
G2463,28.72655487279092,77.52258201907671,250000.0
G2464,28.731063647778566,77.52269034177696,250000.0
G2465,28.73557241938386,77.52279868932746,250000.0
G2466,28.740081187606414,77.52290706173274,250000.0
G2467,28.74458995244582,77.5230154589973,250000.0
G2468,28.749098713901695,77.5231238811257,250000.0
G2469,28.753607471973616,77.52323232812242,250000.0
G2470,28.75811622666119,77.52334079999201,250000.0
G2471,28.76262497796402,77.52344929673899,250000.0
G2472,28.767133725881706,77.52355781836788,250000.0
G2473,28.77164247041384,77.52366636488323,250000.0
G2474,28.776151211560034,77.52377493628954,250000.0
G2475,28.78065994931987,77.52388353259137,250000.0
G2476,28.785168683692962,77.52399215379324,250000.0
G2477,28.78967741467891,77.52410079989971,250000.0
G2478,28.794186142277308,77.52420947091528,250000.0
G2479,28.798694866487757,77.52431816684451,250000.0
G2480,28.80320358730987,77.52442688769193,250000.0
G2481,28.807712304743212,77.5245356334621,250000.0
G2482,28.812221018787422,77.52464440415953,250000.0
G2483,28.816729729442073,77.52475319978879,250000.0
G2484,28.82123843670679,77.52486202035443,250000.0
G2485,28.82574714058115,77.52497086586098,250000.0
G2486,28.83025584106476,77.52507973631299,250000.0
G2487,28.83476453815722,77.52518863171504,250000.0
G2488,28.83927323185815,77.52529755207162,250000.0
G2489,28.843781922167118,77.52540649738735,250000.0
G2490,28.848290609083747,77.52551546766675,250000.0
G2491,28.85279929260764,77.5256244629144,250000.0
G2492,28.85730797273837,77.5257334831348,250000.0
G2493,28.861816649475553,77.52584252833259,250000.0
G2494,28.866325322818803,77.52595159851225,250000.0
G2495,28.87083399276771,77.5260606936784,250000.0
G2496,28.87534265932187,77.52616981383561,250000.0
G2497,28.879851322480892,77.5262789589884,250000.0
G2498,28.884359982244366,77.52638812914135,250000.0
G2499,28.88856545899226,77.52632216987845,213193.33763141002
G2500,28.891337610874537,77.52438978290323,3212.345466203937
G2501,28.646618088235183,77.52667587092411,74223.29265403644
G2502,28.649809913909063,77.52585567718839,250000.0
G2503,28.65431872860118,77.52596379634977,250000.0
G2504,28.65882753991631,77.52607194033486,250000.0
G2505,28.663336347854024,77.52618010914813,250000.0
G2506,28.667845152413932,77.52628830279409,250000.0
G2507,28.672353953595643,77.52639652127725,250000.0
G2508,28.676862751398733,77.52650476460212,250000.0
G2509,28.681371545822817,77.52661303277318,250000.0
G2510,28.68588033686749,77.52672132579501,250000.0
G2511,28.69038912453235,77.52682964367204,250000.0
G2512,28.694897908816994,77.52693798640884,250000.0
G2513,28.699406689721023,77.52704635400991,250000.0
G2514,28.703915467244027,77.52715474647974,250000.0
G2515,28.708424241385618,77.52726316382288,250000.0
G2516,28.712933012145378,77.52737160604386,250000.0
G2517,28.717441779522918,77.52748007314716,250000.0
G2518,28.721950543517842,77.52758856513732,250000.0
G2519,28.726459304129726,77.52769708201886,250000.0
G2520,28.73096806135819,77.52780562379634,250000.0
G2521,28.735476815202837,77.52791419047423,250000.0
G2522,28.73998556566324,77.5280227820571,250000.0
G2523,28.744494312739015,77.52813139854946,250000.0
G2524,28.749003056429757,77.52824003995585,250000.0
G2525,28.753511796735076,77.5283487062808,250000.0
G2526,28.758020533654545,77.52845739752884,250000.0
G2527,28.762529267187794,77.52856611370451,250000.0
G2528,28.767037997334405,77.52867485481235,250000.0
G2529,28.77154672409397,77.52878362085688,250000.0
G2530,28.77605544746611,77.52889241184268,250000.0
G2531,28.780564167450404,77.52900122777426,250000.0
G2532,28.785072884046468,77.52911006865617,250000.0
G2533,28.789581597253882,77.52921893449295,250000.0
G2534,28.79409030707226,77.52932782528916,250000.0
G2535,28.798599013501203,77.52943674104931,250000.0
G2536,28.80310771654031,77.529545681778,250000.0
G2537,28.807616416189177,77.52965464747976,250000.0
G2538,28.81212511244738,77.52976363815912,250000.0
G2539,28.81663380531457,77.52987265382068,250000.0
G2540,28.821142494790305,77.52998169446894,250000.0
G2541,28.825651180874193,77.53009076010851,250000.0
G2542,28.830159863565836,77.53019985074391,250000.0
G2543,28.83466854286485,77.5303089663797,250000.0
G2544,28.839177218770818,77.53041810702047,250000.0
G2545,28.843685891283336,77.53052727267077,250000.0
G2546,28.84819456040202,77.53063646333514,250000.0
G2547,28.852703226126465,77.53074567901818,250000.0
G2548,28.85721188845626,77.53085491972443,250000.0
G2549,28.861720547391016,77.53096418545849,250000.0
G2550,28.866229202930327,77.53107347622488,250000.0
G2551,28.870737855073813,77.53118279202822,250000.0
G2552,28.875246503821028,77.53129213287306,250000.0
G2553,28.879755149171622,77.53140149876398,250000.0
G2554,28.884263791125168,77.53151088970554,250000.0
G2555,28.887592681968147,77.53143218760823,114833.35537668351
G2556,28.64222734326677,77.53240674967596,31712.87971262785
G2557,28.64535829477331,77.53102373277703,229134.2509097004
G2558,28.64971445436201,77.53096699866832,250000.0
G2559,28.654223251284332,77.53107533605066,250000.0
G2560,28.65873204482819,77.53118369830673,250000.0
G2561,28.663240834993143,77.53129208544101,250000.0
G2562,28.667749621778825,77.53140049745804,250000.0
G2563,28.672258405184806,77.53150893436232,250000.0
G2564,28.676767185210704,77.53161739615837,250000.0
G2565,28.6812759618561,77.53172588285071,250000.0
G2566,28.6857847351206,77.53183439444386,250000.0
G2567,28.690293505003794,77.53194293094235,250000.0
G2568,28.6948022715053,77.53205149235069,250000.0
G2569,28.699311034624703,77.5321600786734,250000.0
G2570,28.703819794361586,77.53226868991501,250000.0
G2571,28.708328550715567,77.53237732608007,250000.0
G2572,28.712837303686253,77.53248598717306,250000.0
G2573,28.71734605327321,77.53259467319856,250000.0
G2574,28.721854799476073,77.53270338416105,250000.0
G2575,28.726363542294415,77.53281212006512,250000.0
G2576,28.730872281727834,77.53292088091526,250000.0
G2577,28.73538101777594,77.53302966671603,250000.0
G2578,28.739889750438326,77.53313847747195,250000.0
G2579,28.7443984797146,77.53324731318757,250000.0
G2580,28.748907205604347,77.53335617386743,250000.0
G2581,28.753415928107163,77.53346505951608,250000.0
G2582,28.75792464722266,77.53357397013805,250000.0
G2583,28.76243336295043,77.53368290573788,250000.0
G2584,28.76694207529007,77.53379186632013,250000.0
G2585,28.771450784241193,77.53390085188931,250000.0
G2586,28.775959489803377,77.53400986245005,250000.0
G2587,28.780468191976237,77.53411889800682,250000.0
G2588,28.78497689075936,77.53422795856422,250000.0
G2589,28.78948558615235,77.53433704412677,250000.0
G2590,28.793994278154805,77.53444615469905,250000.0
G2591,28.798502966766332,77.53455529028561,250000.0
G2592,28.803011651986523,77.53466445089101,250000.0
G2593,28.807520333814967,77.5347736365198,250000.0
G2594,28.812029012251276,77.53488284717656,250000.0
G2595,28.81653768729506,77.53499208286583,250000.0
G2596,28.821046358945896,77.53510134359219,250000.0
G2597,28.8255550272034,77.53521062936018,250000.0
G2598,28.830063692067142,77.53531994017442,250000.0
G2599,28.834572353536768,77.53542927603942,250000.0
G2600,28.839081011611842,77.53553863695979,250000.0
G2601,28.843589666291983,77.53564802294008,250000.0
G2602,28.848098317576774,77.53575743398488,250000.0
G2603,28.852606965465824,77.53586687009874,250000.0
G2604,28.857115609958733,77.53597633128626,250000.0
G2605,28.8616242510551,77.53608581755202,250000.0
G2606,28.86613288875452,77.53619532890058,250000.0
G2607,28.870641523056612,77.53630486533652,250000.0
G2608,28.875150153960938,77.53641442686444,250000.0
G2609,28.87965878146714,77.5365240134889,250000.0
G2610,28.88416740557479,77.53663362521452,250000.0
G2611,28.88759113454492,77.53680383907897,126688.23023305763
G2612,28.63782002966686,77.53756334670689,18925.922184232135
G2613,28.640856122801857,77.53617204277187,210152.71848640175
G2614,28.645110019757215,77.53596976459949,250000.0
G2615,28.64961880225351,77.53607829527904,250000.0
G2616,28.65412758137024,77.53618685087784,250000.0
G2617,28.658636357107007,77.53629543140035,250000.0
G2618,28.663145129463388,77.53640403685114,250000.0
G2619,28.667653898439006,77.53651266723472,250000.0
G2620,28.67216266403345,77.53662132255562,250000.0
G2621,28.676671426246298,77.53673000281833,250000.0
G2622,28.68118018507718,77.53683870802743,250000.0
G2623,28.685688940525676,77.53694743818741,250000.0
G2624,28.69019769259138,77.5370561933028,250000.0
G2625,28.694706441273894,77.53716497337815,250000.0
G2626,28.69921518657283,77.537273778418,250000.0
G2627,28.703723928487754,77.53738260842685,250000.0
G2628,28.70823266701829,77.53749146340927,250000.0
G2629,28.712741402164028,77.53760034336979,250000.0
G2630,28.717250133924562,77.53770924831294,250000.0
G2631,28.72175886229949,77.53781817824326,250000.0
G2632,28.726267587288422,77.5379271331653,250000.0
G2633,28.73077630889094,77.53803611308358,250000.0
G2634,28.735285027106652,77.53814511800267,250000.0
G2635,28.739793741935156,77.53825414792712,250000.0
G2636,28.744302453376037,77.53836320286146,250000.0
G2637,28.7488111614289,77.53847228281025,250000.0
G2638,28.75331986609336,77.53858138777805,250000.0
G2639,28.75782856736899,77.53869051776938,250000.0
G2640,28.762337265255415,77.53879967278883,250000.0
G2641,28.7668459597522,77.53890885284092,250000.0
G2642,28.771354650858974,77.53901805793025,250000.0
G2643,28.775863338575313,77.53912728806134,250000.0
G2644,28.780372022900824,77.53923654323877,250000.0
G2645,28.784880703835118,77.53934582346709,250000.0
G2646,28.789389381377777,77.53945512875087,250000.0
G2647,28.793898055528405,77.53956445909468,250000.0
G2648,28.798406726286597,77.53967381450308,250000.0
G2649,28.80291539365196,77.53978319498061,250000.0
G2650,28.80742405762409,77.5398926005319,250000.0
G2651,28.811932718202574,77.54000203116146,250000.0
G2652,28.81644137538704,77.5401114868739,250000.0
G2653,28.820950029177045,77.54022096767376,250000.0
G2654,28.82545867957223,77.54033047356566,250000.0
G2655,28.829967326572152,77.54044000455413,250000.0
G2656,28.83447597017644,77.54054956064378,250000.0
G2657,28.838984610384692,77.54065914183917,250000.0
G2658,28.84349324719651,77.5407687481449,250000.0
G2659,28.848001880611474,77.54087837956554,250000.0
G2660,28.852510510629187,77.54098803610567,250000.0
G2661,28.85701913724926,77.54109771776987,250000.0
G2662,28.861527760471287,77.54120742456276,250000.0
G2663,28.86603638029487,77.54131715648887,250000.0
G2664,28.870544996719612,77.54142691355284,250000.0
G2665,28.87505360974509,77.54153669575926,250000.0
G2666,28.879562219370925,77.5416465031127,250000.0
G2667,28.884070825596716,77.54175633561776,250000.0
G2668,28.88802629198979,77.54208060379617,183168.70693866673
G2669,28.891244296251944,77.54425672514417,5240.220357975564
G2670,28.633649753696442,77.54208565481738,343.38441346917773
G2671,28.636409735614677,77.54112689441014,194893.17633626444
G2672,28.64050542489365,77.54097209425234,250000.0
G2673,28.645014192930667,77.54108081812909,250000.0
G2674,28.649357428027542,77.5409746006174,224606.6464031551
G2675,28.65408809399417,77.54124473101362,243299.0650877148
G2676,28.65854047675621,77.54140713956573,250000.0
G2677,28.6630492312682,77.54151596332851,250000.0
G2678,28.667557982397938,77.54162481207412,250000.0
G2679,28.67206673014501,77.54173368580707,250000.0
G2680,28.676575035908353,77.54184183447452,249927.12144969215
G2681,28.681084215489527,77.54195150825325,250000.0
G2682,28.685592953086182,77.54206045697552,250000.0
G2683,28.690101687298554,77.54216943070331,250000.0
G2684,28.694610418126253,77.54227842944115,250000.0
G2685,28.699119145568858,77.54238745319358,250000.0
G2686,28.703627869625986,77.54249650196515,250000.0
G2687,28.70813659029722,77.5426055757604,250000.0
G2688,28.71264530758217,77.54271467458389,250000.0
G2689,28.717154021480418,77.54282379844014,250000.0
G2690,28.72166273199157,77.54293294733374,250000.0
G2691,28.726171439115223,77.5430421212692,250000.0
G2692,28.730680142850968,77.5431513202511,250000.0
G2693,28.735188843198422,77.54326054428397,250000.0
G2694,28.739697540157163,77.54336979337239,250000.0
G2695,28.744206233726796,77.5434790675209,250000.0
G2696,28.748714923906917,77.54358836673407,250000.0
G2697,28.753223610697123,77.54369769101646,250000.0
G2698,28.757732294097018,77.54380704037261,250000.0
G2699,28.762240974106188,77.54391641480711,250000.0
G2700,28.766749650724243,77.54402581432453,250000.0
G2701,28.771258323950775,77.5441352389294,250000.0
G2702,28.775766993785382,77.5442446886263,250000.0
G2703,28.780275660227655,77.54435416341983,250000.0
G2704,28.784784323277215,77.54446366331452,250000.0
G2705,28.789292982933645,77.54457318831496,250000.0
G2706,28.793801639196527,77.54468273842572,250000.0
G2707,28.798310292065487,77.54479231365137,250000.0
G2708,28.802818941540117,77.54490191399651,250000.0
G2709,28.80732758762,77.54501153946569,250000.0
G2710,28.811836230304745,77.5451211900635,250000.0
G2711,28.816344869593966,77.54523086579452,250000.0
G2712,28.820853505487236,77.54534056666334,250000.0
G2713,28.82536213798417,77.54545029267453,250000.0
G2714,28.82987076708434,77.54556004383268,250000.0
G2715,28.834379392787376,77.5456698201424,250000.0
G2716,28.838888015092877,77.54577962160825,250000.0
G2717,28.84339663400041,77.5458894482348,250000.0
G2718,28.8479052495096,77.54599930002671,250000.0
G2719,28.852413861620047,77.5461091769885,250000.0
G2720,28.856922470331327,77.54621907912482,250000.0
G2721,28.861431075643075,77.54632900644023,250000.0
G2722,28.865939677554863,77.54643895893933,250000.0
G2723,28.870448276066288,77.54654893662675,250000.0
G2724,28.874956871176963,77.54665893950707,250000.0
G2725,28.879465462886486,77.54676896758488,250000.0
G2726,28.883974051194436,77.5468790208648,250000.0
G2727,28.888482636100445,77.54698909935142,250000.0
G2728,28.892718323715894,77.54734946562508,209244.15787804365
G2729,28.895355197365255,77.5491460741952,1512.1158731231167
G2730,28.637133016404476,77.54510684626469,82916.17753300178
G2731,28.640430344424832,77.54540781188692,182859.89331133716
G2732,28.644939000955443,77.54530463712783,161360.02273202833
G2733,28.64801494550024,77.54462146452936,36079.86524489907
G2734,28.65439380983109,77.54647826754955,198022.55327895816
G2735,28.658444403779257,77.5465188227528,250000.0
G2736,28.662921482467713,77.54659494855217,246172.4561636778
G2737,28.66743969435144,77.54546361151192,118992.65968839722
G2738,28.672073159261316,77.54575000989776,137085.0120534432
G2739,28.675550555479564,77.54526927497594,55253.487636378304
G2740,28.681541414818305,77.54547568162548,78636.86113465636
G2741,28.686044812582114,77.54678459079251,170960.47478561828
G2742,28.690005489128787,77.54728264309375,250000.0
G2743,28.694514202065825,77.54739186048954,250000.0
G2744,28.69902291161628,77.54750110295002,250000.0
G2745,28.703531617779753,77.54761037047975,250000.0
G2746,28.708040320555842,77.5477196630833,250000.0
G2747,28.71254901994415,77.5478289807652,250000.0
G2748,28.71705771594425,77.54793832353003,250000.0
G2749,28.72156640855577,77.54804769138234,250000.0
G2750,28.726075097778292,77.54815708432668,250000.0
G2751,28.730583783611415,77.54826650236762,250000.0
G2752,28.735092466054738,77.54837594550972,250000.0
G2753,28.73960114510785,77.54848541375756,250000.0
G2754,28.744109820770355,77.54859490711569,250000.0
G2755,28.74861849304185,77.54870442558867,250000.0
G2756,28.75312716192194,77.54881396918108,250000.0
G2757,28.757635827410198,77.54892353789751,250000.0
G2758,28.762144489506255,77.5490331317425,250000.0
G2759,28.766653148209677,77.54914275072065,250000.0
G2760,28.771161803520084,77.5492523948365,250000.0
G2761,28.77567045543706,77.54936206409467,250000.0
G2762,28.780179103960208,77.54947175849969,250000.0
G2763,28.78468774908913,77.54958147805618,250000.0
G2764,28.78919639082342,77.5496912227687,250000.0
G2765,28.793705029162673,77.54980099264186,250000.0
G2766,28.798213664106495,77.5499107876802,250000.0
G2767,28.802722295654473,77.55002060788834,250000.0
G2768,28.807230923806205,77.55013045327085,250000.0
G2769,28.8117395485613,77.55024032383233,250000.0
G2770,28.81624816991935,77.55035021957737,250000.0
G2771,28.820756787879958,77.55046014051052,250000.0
G2772,28.825265402442707,77.55057008663645,250000.0
G2773,28.829774013607206,77.5506800579597,250000.0
G2774,28.834282621373053,77.55079005448486,250000.0
G2775,28.838791225739847,77.55090007621656,250000.0
G2776,28.843299826707188,77.5510101231594,250000.0
G2777,28.84780842427466,77.55112019531795,250000.0
G2778,28.852317018441894,77.55123029269684,250000.0
G2779,28.856825609208453,77.55134041530066,250000.0
G2780,28.861334196573946,77.55145056313401,250000.0
G2781,28.865842780537985,77.5515607362015,250000.0
G2782,28.87035136110016,77.55167093450775,250000.0
G2783,28.87485993826007,77.55178115805735,250000.0
G2784,28.879368512017308,77.55189140685493,250000.0
G2785,28.883877082371466,77.55200168090511,250000.0
G2786,28.88838564932217,77.55211198021247,250000.0
G2787,28.89267452787863,77.55199672364914,219532.71153672016
G2788,28.895669808939463,77.55066686372217,19147.839403642523
G2789,28.65134130116842,77.552229943271,13288.583569785835
G2790,28.653850992741525,77.55152820605143,248666.17476326463
G2791,28.658348138179612,77.55163048091154,250000.0
G2792,28.662728714162597,77.55161630562566,233519.56059721712
G2793,28.665441899340586,77.55050143856546,12673.664660264
G2794,28.686519691408172,77.55209760354008,122917.69414873746
G2795,28.689909098085558,77.55239583042405,250000.0
G2796,28.694417793096086,77.55250526647322,250000.0
G2797,28.698926484718548,77.5526147276372,250000.0
G2798,28.703435172952524,77.55272421392056,250000.0
G2799,28.707943857797623,77.55283372532783,250000.0
G2800,28.712452539253437,77.5529432618636,250000.0
G2801,28.716961217319554,77.55305282353243,250000.0
G2802,28.721469891995575,77.5531624103389,250000.0
G2803,28.725978563281107,77.55327202228756,250000.0
G2804,28.730487231175733,77.55338165938299,250000.0
G2805,28.73499589567907,77.55349132162975,250000.0
G2806,28.739504556790685,77.55360100903243,250000.0
G2807,28.744013214510197,77.5537107215956,250000.0
G2808,28.748521868837194,77.55382045932384,250000.0
G2809,28.75303051977128,77.55393022222174,250000.0
G2810,28.757539167312043,77.55404001029383,250000.0
G2811,28.762047811459077,77.55414982354475,250000.0
G2812,28.766556452212,77.55425966197905,250000.0
G2813,28.771065089570392,77.55436952560132,250000.0
G2814,28.77557372353385,77.55447941441615,250000.0
G2815,28.78008235410197,77.55458932842812,250000.0
G2816,28.784590981274366,77.55469926764182,250000.0
G2817,28.789099605050616,77.55480923206186,250000.0
G2818,28.793608225430326,77.5549192216928,250000.0
G2819,28.798116842413094,77.55502923653926,250000.0
G2820,28.802625455998516,77.5551392766058,250000.0
G2821,28.807134066186183,77.55524934189705,250000.0
G2822,28.8116426729757,77.5553594324176,250000.0
G2823,28.81615127636667,77.55546954817204,250000.0
G2824,28.820659876358686,77.55557968916499,250000.0
G2825,28.825168472951347,77.55568985540103,250000.0
G2826,28.829677066144228,77.55580004688477,250000.0
G2827,28.834185655936963,77.55591026362082,250000.0
G2828,28.838694242329133,77.55602050561379,250000.0
G2829,28.84320282532033,77.55613077286826,250000.0
G2830,28.847711404910164,77.55624106538887,250000.0
G2831,28.852219981098223,77.55635138318023,250000.0
G2832,28.856728553884107,77.55646172624695,250000.0
G2833,28.861237123267415,77.55657209459365,250000.0
G2834,28.865745689247756,77.55668248822491,250000.0
G2835,28.870254251824726,77.5567929071454,250000.0
G2836,28.874762810997893,77.55690335135968,250000.0
G2837,28.879271366766886,77.55701382087241,250000.0
G2838,28.8837799191313,77.55712431568821,250000.0
G2839,28.88828270564146,77.55722919272496,249330.12312496224
G2840,28.891411408259067,77.55632667654322,64975.39386828596
G2841,28.65044197271305,77.5569357439262,106094.37781659103
G2842,28.65374297581049,77.55663266044883,250000.0
G2843,28.658251679960753,77.55674211399192,250000.0
G2844,28.661808734134215,77.55651337119264,137210.7245626625
G2845,28.686935043466416,77.55718502473532,64736.25762043623
G2846,28.68981251417232,77.55750899264412,250000.0
G2847,28.694321191220528,77.55761864734211,250000.0
G2848,28.698829864879148,77.55772832720503,250000.0
G2849,28.703338535147793,77.55783803223743,250000.0
G2850,28.70784720202605,77.55794776244386,250000.0
G2851,28.71235586551352,77.55805751782893,250000.0
G2852,28.71686452560979,77.55816729839721,250000.0
G2853,28.72137318231447,77.55827710415326,250000.0
G2854,28.725881835627156,77.55838693510167,250000.0
G2855,28.730390485547424,77.55849679124701,250000.0
G2856,28.7348991320749,77.55860667259387,250000.0
G2857,28.739407775209166,77.55871657914682,250000.0
G2858,28.74391641494981,77.55882651091046,250000.0
G2859,28.74842505129643,77.55893646788938,250000.0
G2860,28.752933684248646,77.55904645008813,250000.0
G2861,28.757442313806017,77.55915645751135,250000.0
G2862,28.761950939968173,77.5592664901636,250000.0
G2863,28.7664595627347,77.55937654804949,250000.0
G2864,28.770968182105186,77.55948663117357,250000.0
G2865,28.775476798079225,77.55959673954048,250000.0
G2866,28.779985410656437,77.55970687315481,250000.0
G2867,28.7844940198364,77.55981703202113,250000.0
G2868,28.78900262561872,77.55992721614408,250000.0
G2869,28.793511228002977,77.56003742552822,250000.0
G2870,28.798019826988796,77.56014766017819,250000.0
G2871,28.802528422575758,77.56025792009856,250000.0
G2872,28.807037014763445,77.56036820529395,250000.0
G2873,28.811545603551476,77.56047851576898,250000.0
G2874,28.816054188939454,77.56058885152825,250000.0
G2875,28.820562770926955,77.56069921257634,250000.0
G2876,28.825071349513593,77.5608095989179,250000.0
G2877,28.829579924698937,77.56092001055752,250000.0
G2878,28.83408849648263,77.56103044749985,250000.0
G2879,28.83859706486424,77.56114090974947,250000.0
G2880,28.843105629843354,77.561251397311,250000.0
G2881,28.847614191419595,77.56136191018906,250000.0
G2882,28.852122749592553,77.56147244838829,250000.0
G2883,28.85663130436183,77.56158301191329,250000.0
G2884,28.861139855726996,77.56169360076869,250000.0
G2885,28.865648403687683,77.56180421495911,250000.0
G2886,28.870156948243476,77.5619148544892,250000.0
G2887,28.874665489393962,77.56202551936356,250000.0
G2888,28.879174027138763,77.56213620958682,250000.0
G2889,28.883682561477453,77.56224692516365,250000.0
G2890,28.887722547191675,77.56204443920781,189217.9339242545
G2891,28.890587761911572,77.56010075347392,1116.0453742244536
G2892,28.649939829124296,77.56124589078966,148113.2579086898
G2893,28.65364019365038,77.56173659850396,249257.4227871253
G2894,28.658071720245747,77.56162454079443,225079.82800564778
G2895,28.660919800122713,77.5602877696494,21611.311588910543
G2896,28.687128965985703,77.56065745909122,11714.131505598125
G2897,28.690070187648974,77.5617384681848,152435.3155240221
G2898,28.694367566283187,77.56231958099953,206573.12661077845
G2899,28.698736197374217,77.56283662646405,249466.8169615268
G2900,28.70324170436903,77.56295182538024,250000.0
G2901,28.70775035324461,77.56306177438128,250000.0
G2902,28.712258998727883,77.56317174861108,250000.0
G2903,28.716767640818468,77.5632817480742,250000.0
G2904,28.721276279515944,77.56339177277528,250000.0
G2905,28.725784914819926,77.56350182271883,250000.0
G2906,28.730293546729985,77.56361189790952,250000.0
G2907,28.73480217524574,77.56372199835188,250000.0
G2908,28.73931080036677,77.56383212405052,250000.0
G2909,28.743819422092677,77.56394227501005,250000.0
G2910,28.748328040423065,77.56405245123504,250000.0
G2911,28.75283665535752,77.5641626527301,250000.0
G2912,28.757345266895637,77.56427287949984,250000.0
G2913,28.761853875037026,77.56438313154882,250000.0
G2914,28.76636247978126,77.56449340888167,250000.0
G2915,28.77087108112796,77.56460371150301,250000.0
G2916,28.775379679076707,77.56471403941741,250000.0
G2917,28.779888273627094,77.56482439262949,250000.0
G2918,28.78439686477875,77.56493477114384,250000.0
G2919,28.788905452531235,77.56504517496509,250000.0
G2920,28.79341403688414,77.56515560409785,250000.0
G2921,28.797922617837095,77.56526605854671,250000.0
G2922,28.802431195389694,77.5653765383163,250000.0
G2923,28.8069397695415,77.56548704341124,250000.0
G2924,28.81144834029212,77.56559757383613,250000.0
G2925,28.815956907641183,77.56570812959559,250000.0
G2926,28.82046547158826,77.56581871069424,250000.0
G2927,28.824974032132953,77.56592931713672,250000.0
G2928,28.829482589274832,77.56603994892762,250000.0
G2929,28.833991143013552,77.56615060607157,250000.0
G2930,28.83849969334867,77.56626128857323,250000.0
G2931,28.843008240279772,77.5663719964372,250000.0
G2932,28.847516783806487,77.5664827296681,250000.0
G2933,28.852025323928405,77.56659348827054,250000.0
G2934,28.856533860645104,77.56670427224921,250000.0
G2935,28.861042393956204,77.56681508160871,250000.0
G2936,28.86555092386129,77.56692591635367,250000.0
G2937,28.870059450359957,77.56703677648873,250000.0
G2938,28.874567973451814,77.56714766201854,250000.0
G2939,28.87907649313645,77.56725857294771,250000.0
G2940,28.883585009413455,77.56736950928091,250000.0
G2941,28.88687688216998,77.56727534393393,113105.37942715535
G2942,28.650980456061674,77.56450307996148,4660.878624800118
G2943,28.653059677590942,77.56498518606018,51579.060279988575
G2944,28.657701834427055,77.56449283946762,1038.7103020244567
G2945,28.696291049027785,77.56544876639252,725.6514869255458
G2946,28.699713544507343,77.56647133985432,60940.538927242036
G2947,28.7032741079081,77.5679346887422,233143.49372987062
G2948,28.70765331145679,77.56817576108993,250000.0
G2949,28.71216193890003,77.56828595415988,250000.0
G2950,28.716670562949066,77.56839617251327,250000.0
G2951,28.721179183603493,77.56850641615476,250000.0
G2952,28.725687800862907,77.56861668508891,250000.0
G2953,28.730196414726908,77.56872697932033,250000.0
G2954,28.734705025195073,77.56883729885361,250000.0
G2955,28.739213632267013,77.56894764369335,250000.0
G2956,28.74372223594232,77.56905801384417,250000.0
G2957,28.74823083622059,77.56916840931065,250000.0
G2958,28.752739433101425,77.56927883009742,250000.0
G2959,28.7572480265844,77.56938927620905,250000.0
G2960,28.761756616669143,77.56949974765018,250000.0
G2961,28.76626520335522,77.56961024442543,250000.0
G2962,28.770773786642238,77.56972076653939,250000.0
G2963,28.775282366529797,77.56983131399666,250000.0
G2964,28.779790943017485,77.56994188680189,250000.0
G2965,28.784299516104916,77.57005248495966,250000.0
G2966,28.78880808579167,77.5701631084746,250000.0
G2967,28.79331665207733,77.57027375735134,250000.0
G2968,28.797825214961524,77.57038443159452,250000.0
G2969,28.802333774443827,77.5704951312087,250000.0
G2970,28.806842330523835,77.57060585619857,250000.0
G2971,28.811350883201154,77.5707166065687,250000.0
G2972,28.81585943247539,77.57082738232376,250000.0
G2973,28.820367978346116,77.57093818346833,250000.0
G2974,28.824876520812936,77.57104901000709,250000.0
G2975,28.82938505987545,77.57115986194464,250000.0
G2976,28.833893595533247,77.57127073928562,250000.0
G2977,28.83840212778594,77.5713816420347,250000.0
G2978,28.84291065663311,77.57149257019645,250000.0
G2979,28.84741918207436,77.57160352377555,250000.0
G2980,28.85192770410929,77.57171450277662,250000.0
G2981,28.856436222737486,77.57182550720431,250000.0
G2982,28.860944737958548,77.57193653706327,250000.0
G2983,28.86545324977209,77.57204759235813,250000.0
G2984,28.869961758177684,77.57215867309353,250000.0
G2985,28.874470263174953,77.57226977927412,250000.0
G2986,28.878978764763467,77.57238091090457,250000.0
G2987,28.883487262942836,77.5724920679895,250000.0
G2988,28.886614529509224,77.57283181028302,92898.35410696652
G2989,28.703634203475428,77.57324516944976,183730.28657341603
G2990,28.7075560766661,77.57328972251972,250000.0
G2991,28.712064686033465,77.5734001344252,250000.0
G2992,28.71657329200511,77.57351057166429,250000.0
G2993,28.721081894580628,77.5736210342416,250000.0
G2994,28.725590493759626,77.57373152216172,250000.0
G2995,28.73009908954169,77.57384203542928,250000.0
G2996,28.734607681926413,77.57395257404887,250000.0
G2997,28.739116270913403,77.57406313802511,250000.0
G2998,28.74362485650224,77.5741737273626,250000.0
G2999,28.748133438692523,77.57428434206598,250000.0
G3000,28.75264201748386,77.57439498213982,250000.0
G3001,28.757150592875828,77.57450564758878,250000.0
G3002,28.761659164868036,77.57461633841744,250000.0
G3003,28.766167733460062,77.57472705463046,250000.0
G3004,28.770676298651534,77.57483779623243,250000.0
G3005,28.77518486044201,77.57494856322798,250000.0
G3006,28.779693418831105,77.57505935562172,250000.0
G3007,28.784201973818416,77.5751701734183,250000.0
G3008,28.78871052540354,77.57528101662233,250000.0
G3009,28.79321907358606,77.57539188523845,250000.0
G3010,28.797727618365595,77.57550277927128,250000.0
G3011,28.802236159741714,77.57561369872545,250000.0
G3012,28.806744697714013,77.5757246436056,250000.0
G3013,28.811253232282105,77.57583561391635,250000.0
G3014,28.815761763445582,77.57594660966235,250000.0
G3015,28.82027029120405,77.57605763084825,250000.0
G3016,28.82477881555709,77.57616867747866,250000.0
G3017,28.829287336504276,77.57627974955824,250000.0
G3018,28.833795854045253,77.57639084709162,250000.0
G3019,28.83830436817959,77.57650197008344,250000.0
G3020,28.842812878906873,77.57661311853838,250000.0
G3021,28.84732138622674,77.57672429246102,250000.0
G3022,28.851829890138738,77.57683549185607,250000.0
G3023,28.85633839064249,77.57694671672816,250000.0
G3024,28.86084688773758,77.57705796708193,250000.0
G3025,28.865355381423623,77.57716924292204,250000.0
G3026,28.869863871700197,77.57728054425314,250000.0
G3027,28.874372358566912,77.57739187107988,250000.0
G3028,28.87888084202335,77.57750322340694,250000.0
G3029,28.883389322069124,77.57761460123895,250000.0
G3030,28.887740938553474,77.57789053916784,228879.13450077633
G3031,28.890666221864066,77.57944939847071,24116.331122525633
G3032,28.703396303566333,77.57826751020747,199910.52430946735
G3033,28.707458648876056,77.57840365862047,250000.0
G3034,28.71196724013169,77.5785142893569,250000.0
G3035,28.71647582799009,77.57862494547707,250000.0
G3036,28.720984412450857,77.5787356269856,250000.0
G3037,28.72549299351358,77.5788463338871,250000.0
G3038,28.730001571177855,77.57895706618619,250000.0
G3039,28.73451014544328,77.5790678238875,250000.0
G3040,28.739018716309445,77.57917860699563,250000.0
G3041,28.743527283775947,77.57928941551518,250000.0
G3042,28.748035847842385,77.57940024945081,250000.0
G3043,28.752544408508346,77.57951110880714,250000.0
G3044,28.757052965773422,77.57962199358879,250000.0
G3045,28.76156151963723,77.57973290380036,250000.0
G3046,28.766070070099335,77.57984383944653,250000.0
G3047,28.77057861715935,77.5799548005319,250000.0
G3048,28.77508716081687,77.58006578706107,250000.0
G3049,28.779595701071475,77.58017679903874,250000.0
G3050,28.78410423792279,77.58028783646948,250000.0
G3051,28.788612771370385,77.58039889935797,250000.0
G3052,28.793121301413862,77.58050998770882,250000.0
G3053,28.79762982805281,77.5806211015267,250000.0
G3054,28.802138351286846,77.5807322408162,250000.0
G3055,28.806646871115536,77.58084340558203,250000.0
G3056,28.811155387538484,77.58095459582877,250000.0
G3057,28.815663900555315,77.58106581156109,250000.0
G3058,28.820172410165593,77.58117705278366,250000.0
G3059,28.824680916368916,77.58128831950108,250000.0
G3060,28.829189419164877,77.58139961171804,250000.0
G3061,28.833697918553092,77.58151092943916,250000.0
G3062,28.838206414533147,77.58162227266912,250000.0
G3063,28.842714907104632,77.58173364141254,250000.0
G3064,28.84722339626715,77.58184503567412,250000.0
G3065,28.8517318820203,77.5819564554585,250000.0
G3066,28.856240364363654,77.58206790077031,250000.0
G3067,28.860748843296832,77.58217937161425,250000.0
G3068,28.865257318819427,77.58229086799494,250000.0
G3069,28.869765790931037,77.58240238991709,250000.0
G3070,28.874274259631246,77.58251393738534,250000.0
G3071,28.87878272491966,77.58262551040434,250000.0
G3072,28.883291186795862,77.58273710897879,250000.0
G3073,28.887799645259467,77.58284873311335,250000.0
G3074,28.891200502988518,77.58276719134628,121131.99644824702
G3075,28.703337325286483,77.5835148871543,194130.49175860424
G3076,28.70736102809017,77.5835175693421,250000.0
G3077,28.71186960119823,77.58362841890487,250000.0
G3078,28.716378170907536,77.5837392939015,250000.0
G3079,28.720886737217697,77.58385019433663,250000.0
G3080,28.7253953001283,77.5839611202149,250000.0
G3081,28.72990385963893,77.5840720715409,250000.0
G3082,28.734412415749198,77.58418304831929,250000.0
G3083,28.738920968458675,77.58429405055467,250000.0
G3084,28.743429517766977,77.58440507825169,250000.0
G3085,28.747938063673686,77.58451613141497,250000.0
G3086,28.752446606178406,77.58462721004915,250000.0
G3087,28.75695514528072,77.58473831415884,250000.0
G3088,28.761463680980242,77.58484944374872,250000.0
G3089,28.765972213276548,77.5849605988234,250000.0
G3090,28.770480742169237,77.58507177938752,250000.0
G3091,28.774989267657904,77.58518298544571,250000.0
G3092,28.779497789742134,77.58529421700264,250000.0
G3093,28.784006308421546,77.58540547406292,250000.0
G3094,28.788514823695724,77.58551675663124,250000.0
G3095,28.793023335564254,77.5856280647122,250000.0
G3096,28.79753184402674,77.58573939831047,250000.0
G3097,28.802040349082773,77.58585075743069,250000.0
G3098,28.806548850731946,77.5859621420775,250000.0
G3099,28.811057348973847,77.5860735522556,250000.0
G3100,28.8155658438081,77.5861849879696,250000.0
G3101,28.82007433523428,77.58629644922416,250000.0
G3102,28.824582823251976,77.58640793602397,250000.0
G3103,28.829091307860793,77.58651944837364,250000.0
G3104,28.83359978906032,77.58663098627787,250000.0
G3105,28.838108266850167,77.5867425497413,250000.0
G3106,28.842616741229904,77.58685413876859,250000.0
G3107,28.84712521219916,77.58696575336442,250000.0
G3108,28.851633679757505,77.58707739353345,250000.0
G3109,28.85614214390453,77.58718905928035,250000.0
G3110,28.860650604639844,77.58730075060978,250000.0
G3111,28.86515906196305,77.58741246752642,250000.0
G3112,28.869667515873736,77.58752421003494,250000.0
G3113,28.87417596637149,77.58763597814001,250000.0
G3114,28.878390426804426,77.5872522367184,191810.11337193954
G3115,28.882969829084928,77.5860477715024,69716.91691372306
G3116,28.88773039784417,77.58609289973855,66545.97331646345
G3117,28.890412698722788,77.58588450314272,8216.039854631104
G3118,28.699726888751258,77.58914763963165,66263.36271492054
G3119,28.702754769205356,77.58852054575523,249987.08282105078
G3120,28.707263214311958,77.58863145463448,250000.0
G3121,28.71177176923661,77.58874252301895,250000.0
G3122,28.71628032076098,77.58885361688743,250000.0
G3123,28.72078886888468,77.58896473624455,250000.0
G3124,28.725297413607304,77.58907588109494,250000.0
G3125,28.729805954928437,77.58918705144325,250000.0
G3126,28.734314492847677,77.58929824729408,250000.0
G3127,28.738823027364617,77.5894094686521,250000.0
G3128,28.743331558478854,77.58952071552194,250000.0
G3129,28.747840086189974,77.58963198790822,250000.0
G3130,28.75234861049758,77.58974328581562,250000.0
G3131,28.756857131401265,77.58985460924875,250000.0
G3132,28.761365648900615,77.58996595821228,250000.0
G3133,28.765874162995235,77.59007733271083,250000.0
G3134,28.77038267368471,77.59018873274907,250000.0
G3135,28.774891180968645,77.59030015833163,250000.0
G3136,28.779399684846613,77.59041160946319,250000.0
G3137,28.783908185318243,77.59052308614837,250000.0
G3138,28.788416682383094,77.59063458839185,250000.0
G3139,28.792925176040786,77.59074611619826,250000.0
G3140,28.7974336662909,77.59085766957227,250000.0
G3141,28.801942153133037,77.59096924851855,250000.0
G3142,28.806450636566783,77.59108085304175,250000.0
G3143,28.810959116591732,77.59119248314653,250000.0
G3144,28.815467593207497,77.59130413883754,250000.0
G3145,28.819976066413666,77.59141582011947,250000.0
G3146,28.82448453620982,77.59152752699697,250000.0
G3147,28.828993002595542,77.59163925947472,250000.0
G3148,28.833501465570468,77.59175101755737,250000.0
G3149,28.83800992513417,77.59186280124962,250000.0
G3150,28.842518381286244,77.5919746105561,250000.0
G3151,28.84702683402629,77.59208644548153,250000.0
G3152,28.851535283353904,77.59219830603055,250000.0
G3153,28.856043729268666,77.59231019220785,250000.0
G3154,28.86055217177018,77.59242210401811,250000.0
G3155,28.865060610858045,77.59253404146601,250000.0
G3156,28.869569046531865,77.59264600455623,250000.0
G3157,28.873614057668266,77.59259864180865,194875.26250059422
G3158,28.876607684237936,77.59042110237617,1819.0579284060718
G3159,28.700072659019664,77.5912206707644,3805.166851641199
G3160,28.70319191639033,77.5923874032206,109906.11004786303
G3161,28.70726170460234,77.59363109119069,236712.26950775186
G3162,28.711673744250355,77.59385660164902,250000.0
G3163,28.71618227755394,77.59396791438473,250000.0
G3164,28.720690807455338,77.5940792526592,250000.0
G3165,28.72519933395413,77.59419061647709,250000.0
G3166,28.72970785704991,77.59430200584303,250000.0
G3167,28.73421637674227,77.5944134207617,250000.0
G3168,28.738724893030806,77.5945248612377,250000.0
G3169,28.743233405915113,77.59463632727572,250000.0
G3170,28.74774191539478,77.59474781888038,250000.0
G3171,28.752250421469405,77.59485933605635,250000.0
G3172,28.756758924138577,77.59497087880827,250000.0
G3173,28.761267423401897,77.59508244714078,250000.0
G3174,28.765775919258942,77.59519404105858,250000.0
G3175,28.770284411709333,77.5953056605663,250000.0
G3176,28.774792900752637,77.59541730566858,250000.0
G3177,28.779301386388465,77.59552897637009,250000.0
G3178,28.783809868616405,77.59564067267551,250000.0
G3179,28.788318347436057,77.5957523945895,250000.0
G3180,28.792826822847,77.59586414211672,250000.0
G3181,28.797335294848857,77.59597591526183,250000.0
G3182,28.80184376344118,77.5960877140295,250000.0
G3183,28.806352228623588,77.5961995384244,250000.0
G3184,28.810860690395682,77.5963113884512,250000.0
G3185,28.815369148757053,77.59642326411456,250000.0
G3186,28.81987760370728,77.5965351654192,250000.0
G3187,28.82438605524597,77.59664709236974,250000.0
G3188,28.828894503372705,77.59675904497087,250000.0
G3189,28.8334029480871,77.5968710232273,250000.0
G3190,28.837911389388747,77.59698302714366,250000.0
G3191,28.84241982727722,77.59709505672468,250000.0
G3192,28.846928261752126,77.59720711197502,250000.0
G3193,28.85143669281306,77.59731919289936,250000.0
G3194,28.855945120459616,77.59743129950239,250000.0
G3195,28.860453544691385,77.59754343178881,250000.0
G3196,28.86496196550798,77.59765558976329,250000.0
G3197,28.869470382908972,77.59776777343053,250000.0
G3198,28.873756415993494,77.59799902431511,223847.29654460654
G3199,28.876348136436945,77.60009849738435,3069.904713599358
G3200,28.70823872924129,77.59792221545598,84420.4018017511
G3201,28.711602275757233,77.59894474515751,246896.30082427786
G3202,28.716084041289967,77.59908218634324,250000.0
G3203,28.720592552933212,77.59919374353042,250000.0
G3204,28.725101061172328,77.59930532631117,250000.0
G3205,28.729609566006886,77.59941693469013,250000.0
G3206,28.734118067436516,77.59952856867196,250000.0
G3207,28.73862656546079,77.59964022826132,250000.0
G3208,28.7431350600793,77.59975191346285,250000.0
G3209,28.74764355129165,77.59986362428123,250000.0
G3210,28.752152039097417,77.59997536072112,250000.0
G3211,28.75666052349621,77.60008712278717,250000.0
G3212,28.761169004487613,77.60019891048404,250000.0
G3213,28.765677482071226,77.6003107238164,250000.0
G3214,28.77018595624664,77.60042256278894,250000.0
G3215,28.774694427013443,77.60053442740626,250000.0
G3216,28.779202894371224,77.60064631767311,250000.0
G3217,28.783711358319607,77.6007582335941,250000.0
G3218,28.788219818858156,77.60087017517395,250000.0
G3219,28.792728275986455,77.6009821424173,250000.0
G3220,28.797236729704142,77.60109413532884,250000.0
G3221,28.80174518001077,77.60120615391321,250000.0
G3222,28.806253626905942,77.60131819817515,250000.0
G3223,28.810762070389256,77.60143026811932,250000.0
G3224,28.815270510460326,77.60154236375035,250000.0
G3225,28.81977894711871,77.601654485073,250000.0
G3226,28.82428738036401,77.60176663209191,250000.0
G3227,28.828795810195835,77.60187880481176,250000.0
G3228,28.833304236613785,77.60199100323726,250000.0
G3229,28.83781265961743,77.60210322737309,250000.0
G3230,28.842321079206368,77.60221547722395,250000.0
G3231,28.846829495380213,77.60232775279452,250000.0
G3232,28.85133790813855,77.6024400540895,250000.0
G3233,28.855846317480957,77.60255238111357,250000.0
G3234,28.860354723407042,77.60266473387144,250000.0
G3235,28.8648631259164,77.6027771123678,250000.0
G3236,28.86937152500863,77.60288951660738,250000.0
G3237,28.873796978130645,77.60293334571617,240074.16645246523
G3238,28.87643162169207,77.60152372789622,12787.103340858212
G3239,28.712004309551688,77.60361725207672,171505.63097967935
G3240,28.715985611972602,77.60419643271284,250000.0
G3241,28.720494105321844,77.60430820880808,250000.0
G3242,28.72498130276631,77.60439555134614,247395.9754688414
G3243,28.729599958414624,77.60442546713004,237739.4334040952
G3244,28.734019564933966,77.60464369097468,250000.0
G3245,28.73852804465811,77.60475556967275,250000.0
G3246,28.74303652097497,77.60486747403316,250000.0
G3247,28.747544993884123,77.6049794040606,250000.0
G3248,28.752053463385185,77.60509135975974,250000.0
G3249,28.75656192947772,77.60520334113525,250000.0
G3250,28.761070392161344,77.60531534819181,250000.0
G3251,28.765578851435627,77.60542738093409,250000.0
G3252,28.77008730730019,77.60553943936675,250000.0
G3253,28.774595759754604,77.60565152349447,250000.0
G3254,28.77910420879847,77.60576363332196,250000.0
G3255,28.78361265443138,77.60587576885386,250000.0
G3256,28.788121096652944,77.60598793009488,250000.0
G3257,28.79262953546272,77.60610011704968,250000.0
G3258,28.797137970860327,77.60621232972295,250000.0
G3259,28.801646402845357,77.60632456811939,250000.0
G3260,28.806154831417384,77.60643683224369,250000.0
G3261,28.810663256576028,77.6065491221005,250000.0
G3262,28.815171678320862,77.60666143769456,250000.0
G3263,28.8196800966515,77.60677377903053,250000.0
G3264,28.824188511567517,77.60688614611311,250000.0
G3265,28.828696923068495,77.60699853894701,250000.0
G3266,28.833205331154062,77.60711095753689,250000.0
G3267,28.8377137358238,77.6072234018875,250000.0
G3268,28.842222137077275,77.60733587200349,250000.0
G3269,28.84673053491413,77.6074483678896,250000.0
G3270,28.85123892933392,77.60756088955051,250000.0
G3271,28.855747320336246,77.60767343699092,250000.0
G3272,28.860255707920714,77.60778601021556,250000.0
G3273,28.864764092086904,77.60789860922914,250000.0
G3274,28.86927247283442,77.60801123403633,250000.0
G3275,28.873748300515807,77.60815722230305,246152.97431029633
G3276,28.876773373271085,77.60877029711612,56938.981196724315
G3277,28.71324026766217,77.6070635376231,7914.73255439767
G3278,28.71613487192,77.60916524995093,220071.40274319123
G3279,28.720395464624783,77.60942264844203,250000.0
G3280,28.724059752051858,77.60921220796727,149267.01659756244
G3281,28.73056298315207,77.60925178069861,109352.03529558153
G3282,28.73392086923817,77.60975878761973,250000.0
G3283,28.738429330626335,77.6098708854218,250000.0
G3284,28.742937788605676,77.60998300893641,250000.0
G3285,28.74744624317578,77.61009515816825,250000.0
G3286,28.751954694336252,77.61020733312198,250000.0
G3287,28.75646314208667,77.61031953380228,250000.0
G3288,28.760971586426628,77.61043176021386,250000.0
G3289,28.76548002735572,77.61054401236136,250000.0
G3290,28.76998846487355,77.61065629024948,250000.0
G3291,28.77449689897969,77.61076859388294,250000.0
G3292,28.779005329673755,77.61088092326638,250000.0
G3293,28.783513756955323,77.61099327840451,250000.0
G3294,28.788022180823994,77.61110565930201,250000.0
G3295,28.792530601279346,77.61121806596358,250000.0
G3296,28.797039018320998,77.61133049839394,250000.0
G3297,28.801547431948517,77.61144295659773,250000.0
G3298,28.806055842161506,77.61155544057968,250000.0
G3299,28.810564248959558,77.61166795034448,250000.0
G3300,28.815072652342273,77.61178048589683,250000.0
G3301,28.819581052309232,77.61189304724145,250000.0
G3302,28.82408944886004,77.61200563438301,250000.0
G3303,28.82859784199427,77.61211824732624,250000.0
G3304,28.833106231711543,77.61223088607582,250000.0
G3305,28.837614618011436,77.6123435506365,250000.0
G3306,28.842123000893537,77.61245624101294,250000.0
G3307,28.84663138035745,77.61256895720989,250000.0
G3308,28.851139756402763,77.61268169923201,250000.0
G3309,28.855648129029078,77.61279446708409,250000.0
G3310,28.860156498235977,77.61290726077078,250000.0
G3311,28.86466486402306,77.61302008029682,250000.0
G3312,28.869173226389925,77.61313292566693,250000.0
G3313,28.87364638793437,77.61325836070489,245852.92081482205
G3314,28.87692334149382,77.61471789179798,50652.36805465316
G3315,28.71663020848535,77.61324100781259,80637.66701197156
G3316,28.720510002589812,77.61373868043327,165929.59420129965
G3317,28.72320607039374,77.61314413505299,33340.06584409695
G3318,28.731529812982515,77.61232516807483,281.7920547518395
G3319,28.734212583407466,77.61482443263975,205491.91800244362
G3320,28.73833042336902,77.61498617545831,250000.0
G3321,28.742838862974985,77.61509851812247,250000.0
G3322,28.74734729917018,77.61521088655401,250000.0
G3323,28.751855731954198,77.61532328075765,250000.0
G3324,28.75636416132662,77.61543570073806,250000.0
G3325,28.760872587287054,77.61554814649996,250000.0
G3326,28.765381009835075,77.61566061804801,250000.0
G3327,28.769889428970295,77.61577311538693,250000.0
G3328,28.774397844692285,77.61588563852139,250000.0
G3329,28.778906257000653,77.61599818745611,250000.0
G3330,28.783414665894984,77.61611076219577,250000.0
G3331,28.78792307137488,77.61622336274507,250000.0
G3332,28.79243147343992,77.61633598910873,250000.0
G3333,28.796939872089702,77.61644864129144,250000.0
G3334,28.801448267323824,77.6165613192979,250000.0
G3335,28.805956659141863,77.61667402313282,250000.0
G3336,28.810465047543424,77.6167867528009,250000.0
G3337,28.814973432528113,77.61689950830687,250000.0
G3338,28.819481814095493,77.61701228965542,250000.0
G3339,28.82399019224517,77.61712509685127,250000.0
G3340,28.828498566976723,77.61723792989912,250000.0
G3341,28.833006938289785,77.61735078880369,250000.0
G3342,28.83751530618391,77.61746367356972,250000.0
G3343,28.84202367065871,77.6175765842019,250000.0
G3344,28.846532031713764,77.61768952070496,250000.0
G3345,28.85104038934868,77.61780248308362,250000.0
G3346,28.855548743563027,77.6179154713426,250000.0
G3347,28.860057094356435,77.61802848548663,250000.0
G3348,28.864565441728463,77.61814152552044,250000.0
G3349,28.869073785678726,77.61825459144875,250000.0
G3350,28.873582126206802,77.61836768327629,250000.0
G3351,28.8779507993411,77.61861400363597,230981.6207020053
G3352,28.880543649209383,77.61858492362808,7928.861897955405
G3353,28.73424590167747,77.61972177479451,184110.5360683157
G3354,28.738231322889742,77.62010143973211,250000.0
G3355,28.742739744086478,77.6202140015411,250000.0
G3356,28.74724816187089,77.62032658916766,250000.0
G3357,28.751756576242588,77.62043920261652,250000.0
G3358,28.75626498720115,77.62055184189238,250000.0
G3359,28.760773394746174,77.6206645069999,250000.0
G3360,28.765281798877258,77.62077719794382,250000.0
G3361,28.769790199593984,77.62088991472882,250000.0
G3362,28.774298596895953,77.62100265735961,250000.0
G3363,28.778806990782734,77.6211154258409,250000.0
G3364,28.78331538125395,77.6212282201774,250000.0
G3365,28.787823768309185,77.6213410403738,250000.0
G3366,28.79233215194801,77.62145388643484,250000.0
G3367,28.79684053217004,77.62156675836522,250000.0
G3368,28.801348908974866,77.62167965616962,250000.0
G3369,28.805857282362055,77.62179257985281,250000.0
G3370,28.810365652331225,77.62190552941945,250000.0
G3371,28.81487401888196,77.62201850487432,250000.0
G3372,28.819382382013846,77.62213150622208,250000.0
G3373,28.823890741726498,77.6222445334675,250000.0
G3374,28.828399098019467,77.62235758661527,250000.0
G3375,28.832907450892378,77.62247066567011,250000.0
G3376,28.837415800344832,77.62258377063678,250000.0
G3377,28.84192414637639,77.62269690151997,250000.0
G3378,28.84643248898665,77.62281005832442,250000.0
G3379,28.85094082817524,77.62292324105489,250000.0
G3380,28.855449163941703,77.62303644971607,250000.0
G3381,28.859957496285663,77.62314968431272,250000.0
G3382,28.8644658252067,77.62326294484956,250000.0
G3383,28.86897415070443,77.62337623133133,250000.0
G3384,28.87348247277841,77.62348954376277,250000.0
G3385,28.87777456601229,77.62359823554893,225989.37139420744
G3386,28.730895215582784,77.62692171694142,14327.121473210756
G3387,28.734093138433007,77.62599314727927,142199.93480975612
G3388,28.738132029192077,77.62521667819301,250000.0
G3389,28.742640431943713,77.62532945914215,250000.0
G3390,28.74714883128149,77.62544226595905,250000.0
G3391,28.751657227205,77.62555509864843,250000.0
G3392,28.75616561971384,77.62566795721499,250000.0
G3393,28.760674008807598,77.62578084166346,250000.0
G3394,28.765182394485855,77.62589375199853,250000.0
G3395,28.76969077674822,77.6260066882249,250000.0
G3396,28.774199155594268,77.62611965034733,250000.0
G3397,28.77870753102361,77.62623263837048,250000.0
G3398,28.783215903035813,77.62634565229911,250000.0
G3399,28.787724271630495,77.6264586921379,250000.0
G3400,28.792232636807217,77.62657175789161,250000.0
G3401,28.796740998565593,77.62668484956492,250000.0
G3402,28.801249356905217,77.62679796716259,250000.0
G3403,28.805757711825663,77.6269111106893,250000.0
G3404,28.810266063326527,77.62702428014981,250000.0
G3405,28.814774411407416,77.62713747554884,250000.0
G3406,28.81928275606791,77.62725069689111,250000.0
G3407,28.823791097307605,77.62736394418137,250000.0
G3408,28.82829943512608,77.62747721742433,250000.0
G3409,28.83280776952294,77.62759051662472,250000.0
G3410,28.837316100497777,77.6277038417873,250000.0
G3411,28.841824428050174,77.62781719291678,250000.0
G3412,28.846332752179737,77.62793057001792,250000.0
G3413,28.85084107288605,77.62804397309544,250000.0
G3414,28.85534939016869,77.62815740215409,250000.0
G3415,28.859857704027274,77.6282708571986,250000.0
G3416,28.86436601446139,77.62838433823374,250000.0
G3417,28.86887432147062,77.62849784526425,250000.0
G3418,28.873382625054564,77.62861137829486,250000.0
G3419,28.877699892186815,77.62873415841939,228818.42550239162
G3420,28.72665374637427,77.63252872273733,222.47138193895722
G3421,28.729664290294366,77.63061475834893,159234.7702427919
G3422,28.73352415459393,77.63021891661953,250000.0
G3423,28.73803254227961,77.63033189079086,250000.0
G3424,28.742540926550294,77.63044489087542,250000.0
G3425,28.747049307405568,77.63055791687795,250000.0
G3426,28.75155768484504,77.63067096880313,250000.0
G3427,28.756066058868278,77.63078404665572,250000.0
G3428,28.760574429474897,77.6308971504404,250000.0
G3429,28.765082796664462,77.63101028016193,250000.0
G3430,28.76959116043659,77.63112343582497,250000.0
G3431,28.774099520790852,77.6312366174343,250000.0
G3432,28.77860787772684,77.63134982499462,250000.0
G3433,28.783116231244165,77.63146305851065,250000.0
G3434,28.787624581342392,77.63157631798711,250000.0
G3435,28.792132928021136,77.63168960342875,250000.0
G3436,28.79664127127997,77.63180291484029,250000.0
G3437,28.80114961111849,77.63191625222647,250000.0
G3438,28.80565794753629,77.632029615592,250000.0
G3439,28.81016628053296,77.63214300494165,250000.0
G3440,28.814674610108092,77.63225642028011,250000.0
G3441,28.819182936261278,77.63236986161218,250000.0
G3442,28.823691258992106,77.63248332894253,250000.0
G3443,28.82819957830016,77.63259682227594,250000.0
G3444,28.83270789418505,77.63271034161716,250000.0
G3445,28.837216206646367,77.6328238869709,250000.0
G3446,28.841724515683676,77.63293745834194,250000.0
G3447,28.846232821296606,77.63305105573501,250000.0
G3448,28.850741123484713,77.63316467915485,250000.0
G3449,28.855249422247606,77.63327832860622,250000.0
G3450,28.85975771758488,77.63339200409389,250000.0
G3451,28.86426600949612,77.63350570562258,250000.0
G3452,28.86877429798093,77.63361943319705,250000.0
G3453,28.873282583038883,77.6337331868221,250000.0
G3454,28.8776620795727,77.63387901579112,235634.8749594838
G3455,28.880007525899018,77.63633288136967,30.55070132310804
G3456,28.72662407035613,77.63273467668364,530.5121249043259
G3457,28.729583080156587,77.63456461205575,141093.4177616612
G3458,28.733424492985513,77.63533388422356,250000.0
G3459,28.737932862155933,77.63544707747545,250000.0
G3460,28.742441227909804,77.63556029669074,250000.0
G3461,28.74694959024672,77.63567354187416,250000.0
G3462,28.751457949166284,77.63578681303046,250000.0
G3463,28.755966304668064,77.63590011016434,250000.0
G3464,28.760474656751665,77.63601343328054,250000.0
G3465,28.76498300541667,77.63612678238377,250000.0
G3466,28.769491350662683,77.63624015747878,250000.0
G3467,28.77399969248928,77.63635355857028,250000.0
G3468,28.77850803089605,77.63646698566302,250000.0
G3469,28.783016365882595,77.63658043876174,250000.0
G3470,28.787524697448507,77.63669391787114,250000.0
G3471,28.79203302559335,77.636807422996,250000.0
G3472,28.796541350316758,77.63692095414103,250000.0
G3473,28.80104967161829,77.63703451131099,250000.0
G3474,28.805557989497544,77.63714809451062,250000.0
G3475,28.810066303954105,77.63726170374464,250000.0
G3476,28.81457461498757,77.63737533901782,250000.0
G3477,28.819082922597545,77.63748900033491,250000.0
G3478,28.82359122678361,77.63760268770064,250000.0
G3479,28.828099527545334,77.63771640111977,250000.0
G3480,28.83260782488233,77.63783014059705,250000.0
G3481,28.837116118794196,77.63794390613724,250000.0
G3482,28.84162440928051,77.63805769774507,250000.0
G3483,28.846132696340863,77.63817151542531,250000.0
G3484,28.850640979974862,77.63828535918273,250000.0
G3485,28.855149260182067,77.63839922902208,250000.0
G3486,28.85965753696209,77.63851312494812,250000.0
G3487,28.864165810314525,77.63862704696562,250000.0
G3488,28.86867408023897,77.63874099507933,250000.0
G3489,28.873182346734993,77.63885496929402,250000.0
G3490,28.87745136552843,77.63899583402801,221995.25835547035
G3491,28.880288882228342,77.64131613683405,5318.024527238061
G3492,28.725565458871685,77.64050568775066,94169.62019482537
G3493,28.72881499584898,77.64040727048373,242354.12078621789
G3494,28.73332463820534,77.64044882586889,250000.0
G3495,28.737832988824643,77.64056223819661,250000.0
G3496,28.742341336025852,77.64067567653791,250000.0
G3497,28.746849679808548,77.64078914089754,250000.0
G3498,28.751358020172336,77.6409026312802,250000.0
G3499,28.755866357116798,77.64101614769065,250000.0
G3500,28.760374690641523,77.64112969013362,250000.0
G3501,28.764883020746097,77.64124325861386,250000.0
G3502,28.76939134743012,77.64135685313607,250000.0
G3503,28.77389967069316,77.64147047370503,250000.0
G3504,28.778407990534827,77.64158412032546,250000.0
G3505,28.78291630695472,77.64169779300211,250000.0
G3506,28.78742461995242,77.64181149173973,250000.0
G3507,28.79193292952751,77.64192521654306,250000.0
G3508,28.79644123567958,77.64203896741687,250000.0
G3509,28.80094953840823,77.64215274436586,250000.0
G3510,28.805457837713032,77.64226654739481,250000.0
G3511,28.80996613359359,77.6423803765085,250000.0
G3512,28.814474426049507,77.64249423171165,250000.0
G3513,28.818982715080352,77.64260811300902,250000.0
G3514,28.82349100068572,77.64272202040536,250000.0
G3515,28.827999282865203,77.64283595390545,250000.0
G3516,28.832507561618403,77.64294991351404,250000.0
G3517,28.837015836944897,77.6430638992359,250000.0
G3518,28.84152410884429,77.64317791107578,250000.0
G3519,28.84603237731615,77.64329194903846,250000.0
G3520,28.850540642360095,77.6434060131287,250000.0
G3521,28.855048903975685,77.64352010335125,250000.0
G3522,28.859557162162524,77.6436342197109,250000.0
G3523,28.864065416920223,77.64374836221243,250000.0
G3524,28.868573668248345,77.64386253086062,250000.0
G3525,28.873081916146496,77.6439767256602,250000.0
G3526,28.877525499228916,77.64401936971188,241711.42099082956
G3527,28.880520384777487,77.64286831132817,38613.27717261327
G3528,28.72609868099754,77.64312234178436,5807.302960357892
G3529,28.729303151627537,77.64468726179355,143948.74339145937
G3530,28.73322668495336,77.6455614269693,249763.83132192583
G3531,28.737732922289347,77.64567737290419,250000.0
G3532,28.742241250902037,77.64579103036678,250000.0
G3533,28.746749576094658,77.64590471389785,250000.0
G3534,28.751257897866815,77.64601842350217,250000.0
G3535,28.75576621621808,77.64613215918445,250000.0
G3536,28.760274531148067,77.64624592094945,250000.0
G3537,28.76478284265633,77.64635970880194,250000.0
G3538,28.769291150742497,77.64647352274663,250000.0
G3539,28.773799455406127,77.6465873627883,250000.0
G3540,28.77830775664681,77.64670122893169,250000.0
G3541,28.782816054464167,77.64681512118153,250000.0
G3542,28.787324348857755,77.64692903954261,250000.0
G3543,28.791832639827188,77.64704298401968,250000.0
G3544,28.79634092737204,77.64715695461746,250000.0
G3545,28.800849211491908,77.64727095134076,250000.0
G3546,28.805357492186367,77.64738497419431,250000.0
G3547,28.809865769455026,77.64749902318287,250000.0
G3548,28.814374043297477,77.64761309831123,250000.0
G3549,28.81888231371329,77.64772719958412,250000.0
G3550,28.823390580702075,77.64784132700633,250000.0
G3551,28.827898844263398,77.64795548058262,250000.0
G3552,28.832407104396882,77.64806966031777,250000.0
G3553,28.836915361102097,77.64818386621654,250000.0
G3554,28.841423614378623,77.6482980982837,250000.0
G3555,28.845931864226078,77.64841235652403,250000.0
G3556,28.850440110644037,77.64852664094232,250000.0
G3557,28.854948353632093,77.64864095154331,250000.0
G3558,28.859456593189826,77.64875528833183,250000.0
G3559,28.863964829316835,77.64886965131262,250000.0
G3560,28.868473062012715,77.64898404049048,250000.0
G3561,28.87297964772804,77.64909653456569,249810.09542935813
G3562,28.876787740538287,77.64877715950463,157580.13882322973
G3563,28.730378748026588,77.6481213150612,510.2551971626925
G3564,28.734194125706868,77.65027692197539,116214.65861117527
G3565,28.73763266255367,77.65079248154804,250000.0
G3566,28.74214097254197,77.65090635812714,250000.0
G3567,28.746649279108667,77.65102026082492,250000.0
G3568,28.75115758225333,77.65113418964614,250000.0
G3569,28.75566588197555,77.65124814459551,250000.0
G3570,28.760174178274916,77.65136212567782,250000.0
G3571,28.764682471151005,77.6514761328978,250000.0
G3572,28.769190760603433,77.65159016626023,250000.0
G3573,28.773699046631766,77.65170422576985,250000.0
G3574,28.778207329235602,77.65181831143143,250000.0
G3575,28.782715608414534,77.65193242324973,250000.0
G3576,28.78722388416815,77.65204656122951,250000.0
G3577,28.791732156496032,77.65216072537554,250000.0
G3578,28.796240425397773,77.65227491569259,250000.0
G3579,28.800748690872965,77.6523891321854,250000.0
G3580,28.805256952921194,77.65250337485878,250000.0
G3581,28.809765211542047,77.65261764371748,250000.0
G3582,28.814273466735123,77.65273193876627,250000.0
G3583,28.81878171850001,77.65284626000992,250000.0
G3584,28.8232899668363,77.65296060745322,250000.0
G3585,28.827798211743552,77.65307498110096,250000.0
G3586,28.832306453221406,77.65318938095788,250000.0
G3587,28.836814691269417,77.65330380702879,250000.0
G3588,28.84132292588718,77.65341825931846,250000.0
G3589,28.845831157074286,77.65353273783168,250000.0
G3590,28.850339384830338,77.65364724257321,250000.0
G3591,28.85484760915492,77.65376177354788,250000.0
G3592,28.859355830047605,77.65387633076045,250000.0
G3593,28.863864047508013,77.65399091421573,250000.0
G3594,28.86787018753049,77.65374127950928,176439.30775298577
G3595,28.87299877651729,77.65251580431918,65469.7813547827
G3596,28.876238997891857,77.65189055237938,2360.9997668759406
G3597,28.73456882920073,77.65583399759994,75528.29683335303
G3598,28.737532209621197,77.65590756407794,250000.0
G3599,28.74204050094929,77.65602165976885,250000.0
G3600,28.746548788854188,77.65613578162859,250000.0
G3601,28.751057073335506,77.65624992966194,250000.0
G3602,28.75556535439281,77.65636410387366,250000.0
G3603,28.760073632025694,77.6564783042685,250000.0
G3604,28.764581906233744,77.65659253085123,250000.0
G3605,28.769090177016565,77.65670678362662,250000.0
G3606,28.77359844437373,77.65682106259945,250000.0
G3607,28.77810670830483,77.65693536777447,250000.0
G3608,28.782614968809465,77.65704969915645,250000.0
G3609,28.78712322588721,77.65716405675016,250000.0
G3610,28.791631479537656,77.65727844056039,250000.0
G3611,28.796139729760405,77.65739285059192,250000.0
G3612,28.800647976555037,77.6575072868495,250000.0
G3613,28.805156219921127,77.65762174933793,250000.0
G3614,28.809664459858283,77.65773623806199,250000.0
G3615,28.81417269636609,77.65785075302644,250000.0
G3616,28.818680929444135,77.65796529423608,250000.0
G3617,28.823189159092017,77.6580798616957,250000.0
G3618,28.827697385309293,77.65819445541007,250000.0
G3619,28.8322056080956,77.658309075384,250000.0
G3620,28.836713827450495,77.65842372162227,250000.0
G3621,28.84122204337357,77.65853839412966,250000.0
G3622,28.845730255864428,77.65865309291098,250000.0
G3623,28.85023846492265,77.65876781797101,250000.0
G3624,28.85474667054781,77.65888256931456,250000.0
G3625,28.85925487273953,77.6589973469464,250000.0
G3626,28.86376307149738,77.65911215087135,250000.0
G3627,28.867341354526545,77.65916955521124,145903.00660891258
G3628,28.730609645562645,77.66339620879302,5.527857877837154
G3629,28.733608160564813,77.66131503701708,161600.65727741295
G3630,28.737431563495598,77.66102262044377,250000.0
G3631,28.741939836127607,77.6611369352417,250000.0
G3632,28.746448105334863,77.66125127625865,250000.0
G3633,28.750956371116967,77.66136564349938,250000.0
G3634,28.755464633473487,77.66148003696867,250000.0
G3635,28.759972892404036,77.6615944566713,250000.0
G3636,28.76448114790817,77.661708902612,250000.0
G3637,28.76898939998553,77.66182337479559,250000.0
G3638,28.773497648635644,77.66193787322685,250000.0
G3639,28.77800589385813,77.66205239791053,250000.0
G3640,28.782514135652594,77.66216694885142,250000.0
G3641,28.78702237401859,77.6622815260543,250000.0
G3642,28.79153060895572,77.66239612952397,250000.0
G3643,28.796038840463577,77.66251075926519,250000.0
G3644,28.80054706854175,77.66262541528275,250000.0
G3645,28.80505529318982,77.66274009758145,250000.0
G3646,28.809563514407373,77.66285480616608,250000.0
G3647,28.81407173219401,77.66296954104142,250000.0
G3648,28.81857994654932,77.66308430221227,250000.0
G3649,28.82308815747288,77.66319908968342,250000.0
G3650,28.827596364964272,77.66331390345967,250000.0
G3651,28.832104569023116,77.6634287435458,250000.0
G3652,28.836612769648987,77.66354360994663,250000.0
G3653,28.841120966841455,77.66365850266695,250000.0
G3654,28.84562916060013,77.66377342171157,250000.0
G3655,28.850137350924598,77.66388836708528,250000.0
G3656,28.854645537814438,77.66400333879291,250000.0
G3657,28.85915372126925,77.66411833683922,250000.0
G3658,28.863661901288616,77.66423336122908,250000.0
G3659,28.867880275315503,77.66455247989163,213053.22423795727
G3660,28.871449685331168,77.66631518678538,35142.55823158273
G3661,28.725709933718555,77.66819753240817,3014.013772314185
G3662,28.728959994424905,77.66679631894388,130720.89732135506
G3663,28.732822466854508,77.66602314295957,250000.0
G3664,28.73733072418049,77.66613765059536,250000.0
G3665,28.74183897808056,77.66625218449555,250000.0
G3666,28.746347228554317,77.66636674466493,250000.0
G3667,28.75085547560135,77.66648133110827,250000.0
G3668,28.755363719221236,77.66659594383036,250000.0
G3669,28.75987195941358,77.66671058283598,250000.0
G3670,28.764380196177946,77.6668252481299,250000.0
G3671,28.768888429513947,77.66693993971691,250000.0
G3672,28.77339665942115,77.66705465760181,250000.0
G3673,28.777904885899154,77.66716940178938,250000.0
G3674,28.782413108947544,77.6672841722844,250000.0
G3675,28.786921328565928,77.66739896909166,250000.0
G3676,28.791429544753846,77.66751379221597,250000.0
G3677,28.795937757510934,77.6676286416621,250000.0
G3678,28.800445966836755,77.66774351743487,250000.0
G3679,28.804954172730906,77.66785841953904,250000.0
G3680,28.80946237519296,77.66797334797947,250000.0
G3681,28.813970574222534,77.66808830276089,250000.0
G3682,28.818478769819198,77.66820328388815,250000.0
G3683,28.82298696198255,77.66831829136603,250000.0
G3684,28.82749515071215,77.66843332519935,250000.0
G3685,28.83200333600762,77.66854838539288,250000.0
G3686,28.836511517868537,77.66866347195149,250000.0
G3687,28.84101969629448,77.66877858487995,250000.0
G3688,28.845527871285057,77.66889372418305,250000.0
G3689,28.850036042839854,77.66900888986565,250000.0
G3690,28.854544210958434,77.66912408193254,250000.0
G3691,28.859052375640406,77.66923930038854,250000.0
G3692,28.863560536885362,77.66935454523846,250000.0
G3693,28.868068694692884,77.66946981648714,250000.0
G3694,28.87247385716079,77.66968782612841,236984.42693481315
G3695,28.875391240633725,77.67099056155588,34884.284715025875
G3696,28.724753866091092,77.67086961962896,124102.75542075434
G3697,28.728213211132907,77.6710232274261,250000.0
G3698,28.732721453119737,77.67113792779942,250000.0
G3699,28.7372296916795,77.67125265448253,250000.0
G3700,28.741737926811787,77.6713674074802,250000.0
G3701,28.74624615851619,77.67148218679723,250000.0
G3702,28.750754386792295,77.67159699243842,250000.0
G3703,28.755262611639697,77.67171182440853,250000.0
G3704,28.75977083305796,77.67182668271235,250000.0
G3705,28.764279051046692,77.67194156735471,250000.0
G3706,28.76878726560548,77.67205647834037,250000.0
G3707,28.773295476733885,77.67217141567411,250000.0
G3708,28.777803684431532,77.67228637936078,250000.0
G3709,28.782311888697993,77.67240136940514,250000.0
G3710,28.786820089532856,77.672516385812,250000.0
G3711,28.791328286935705,77.67263142858614,250000.0
G3712,28.79583648090612,77.6727464977324,250000.0
G3713,28.800344671443714,77.67286159325556,250000.0
G3714,28.804852858548042,77.67297671516043,250000.0
G3715,28.809361042218715,77.67309186345182,250000.0
G3716,28.813869222455324,77.67320703813455,250000.0
G3717,28.81837739925745,77.6733222392134,250000.0
G3718,28.822885572624664,77.67343746669322,250000.0
G3719,28.827393742556563,77.67355272057878,250000.0
G3720,28.83190190905276,77.67366800087495,250000.0
G3721,28.83641007211281,77.67378330758649,250000.0
G3722,28.840918231736325,77.67389864071828,250000.0
G3723,28.845426387922878,77.67401400027508,250000.0
G3724,28.849934540672063,77.67412938626173,250000.0
G3725,28.854442689983465,77.67424479868308,250000.0
G3726,28.858950835856678,77.67436023754392,250000.0
G3727,28.863458978291288,77.67447570284911,250000.0
G3728,28.867967117286877,77.67459119460347,250000.0
G3729,28.872475252843035,77.6747067128118,250000.0
G3730,28.875784995679588,77.6749373125235,116185.35256699147
G3731,28.725519954587828,77.67434737597429,9937.91740586667
G3732,28.728263627369007,77.67607720247513,231785.8108977129
G3733,28.732620246238586,77.67625268632948,250000.0
G3734,28.73712846599629,77.67636763205512,250000.0
G3735,28.74163668232494,77.67648260414549,250000.0
G3736,28.746144895224138,77.6765976026054,250000.0
G3737,28.75065310469347,77.67671262743961,250000.0
G3738,28.7551613107325,77.67682767865297,250000.0
G3739,28.759669513340846,77.67694275625021,250000.0
G3740,28.764177712518062,77.6770578602362,250000.0
G3741,28.768685908263777,77.6771729906157,250000.0
G3742,28.77319410057753,77.67728814739353,250000.0
G3743,28.777702289458936,77.67740333057448,250000.0
G3744,28.782210474907583,77.67751854016338,250000.0
G3745,28.786718656923057,77.67763377616501,250000.0
G3746,28.791226835504933,77.67774903858422,250000.0
G3747,28.79573501065282,77.6778643274258,250000.0
G3748,28.800243182366277,77.67797964269455,250000.0
G3749,28.8047513506449,77.6780949843953,250000.0
G3750,28.809259515488282,77.67821035253286,250000.0
G3751,28.813767676896028,77.67832574711205,250000.0
G3752,28.818275834867702,77.67844116813771,250000.0
G3753,28.822783989402893,77.67855661561464,250000.0
G3754,28.827292140501186,77.67867208954766,250000.0
G3755,28.831800288162192,77.6787875899416,250000.0
G3756,28.836308432385483,77.6789031168013,250000.0
G3757,28.840816573170628,77.67901867013155,250000.0
G3758,28.845324710517247,77.67913424993722,250000.0
G3759,28.84983284442491,77.67924985622312,250000.0
G3760,28.854340974893205,77.67936548899411,250000.0
G3761,28.858849101921724,77.679481148255,250000.0
G3762,28.863357225510065,77.67959683401061,250000.0
G3763,28.867865345657787,77.67971254626579,250000.0
G3764,28.872368060147004,77.67982232852194,249374.73128874585
G3765,28.875802817005393,77.67926859986096,100271.1600005953
G3766,28.725132156512654,77.68205586915921,25053.844539615682
G3767,28.728085101616,77.6811860436386,232734.1853142218
G3768,28.732530696574702,77.68072767314865,185777.7391445847
G3769,28.736979500027534,77.68079290324341,180488.19037942876
G3770,28.74156968661185,77.68155876766473,245715.2449649189
G3771,28.746043438681824,77.68171299203924,250000.0
G3772,28.750551629308507,77.68182823606172,250000.0
G3773,28.754995080306472,77.68157915249172,213005.33645581268
G3774,28.75937889780193,77.68100596687727,141365.15408206184
G3775,28.76480941868584,77.68051932305613,64000.462191581675
G3776,28.768689306607087,77.68202004299361,219584.13814221794
G3777,28.773257936942564,77.68186855451209,192416.84145634942
G3778,28.777618896926075,77.68249795794982,247677.90041713053
G3779,28.782108867579982,77.68263568450887,250000.0
G3780,28.786617030740185,77.68275114010048,250000.0
G3781,28.791125190465213,77.68286662215993,250000.0
G3782,28.795633346754656,77.682982130692,250000.0
G3783,28.800141499608106,77.68309766570152,250000.0
G3784,28.80464964902514,77.68321322719333,250000.0
G3785,28.80915779500535,77.68332881517226,250000.0
G3786,28.813665937548333,77.68344442964312,250000.0
G3787,28.81817407665366,77.68356007061074,250000.0
G3788,28.822682212320927,77.68367573807996,250000.0
G3789,28.827190344549702,77.6837914320556,250000.0
G3790,28.831698473339603,77.6839071525425,250000.0
G3791,28.8362065986902,77.68402289954551,250000.0
G3792,28.840714720601085,77.68413867306944,250000.0
G3793,28.845222839071845,77.68425447311915,250000.0
G3794,28.849730954102068,77.68437029969947,250000.0
G3795,28.854239065691328,77.68448615281524,250000.0
G3796,28.858747173839234,77.6846020324713,250000.0
G3797,28.86325730578772,77.68470987875061,249200.7591913856
G3798,28.867732980345913,77.6847660125431,243296.12031898048
G3799,28.871955585831003,77.68445625584394,184570.55419834983
G3800,28.728706949221166,77.68383709923711,154.891162663067
G3801,28.742733455292253,77.6854386553768,57067.45065506523
G3802,28.74594545906668,77.68682226030579,249258.72945006686
G3803,28.749874970165795,77.68631893755527,157627.780639667
G3804,28.752818205619366,77.68458170635773,438.70651016470015
G3805,28.775005068778597,77.68952992703484,5897.681478006379
G3806,28.777664243279695,77.68777030863525,229474.94901493174
G3807,28.782007066718858,77.68775280239137,250000.0
G3808,28.78651521098792,77.68786847756814,250000.0
G3809,28.791023351820208,77.68798417926298,250000.0
G3810,28.795531489215342,77.68809990748075,250000.0
G3811,28.800039623172896,77.68821566222623,250000.0
G3812,28.80454775369244,77.68833144350427,250000.0
G3813,28.80905588077357,77.68844725131973,250000.0
G3814,28.81356400441589,77.68856308567742,250000.0
G3815,28.818072124618986,77.68867894658217,250000.0
G3816,28.822580241382415,77.68879483403886,250000.0
G3817,28.82708835470577,77.68891074805228,250000.0
G3818,28.831596464588667,77.68902668862732,250000.0
G3819,28.83610457103067,77.68914265576879,250000.0
G3820,28.84061267403137,77.68925864948156,250000.0
G3821,28.84512077359036,77.68937466977046,250000.0
G3822,28.849628869707217,77.68949071664035,250000.0
G3823,28.85413696238152,77.68960679009606,250000.0
G3824,28.85823774681803,77.68930484419988,188946.6830571446
G3825,28.86226794005873,77.68750840040595,7311.025424303224
G3826,28.865734910253547,77.68737382372576,407.82210248314425
G3827,28.743494013030134,77.69000105817318,4121.594992050339
G3828,28.74520968415808,77.68979614406733,25722.2798889771
G3829,28.748328454084266,77.68962355439655,1595.0849209189087
G3830,28.775002528106448,77.69035103528316,1960.322491068389
G3831,28.77806210235229,77.69214510651963,150421.59426552636
G3832,28.78190507232788,77.69286989376062,250000.0
G3833,28.78641319766992,77.69298578851773,250000.0
G3834,28.790921319573602,77.69310170984316,250000.0
G3835,28.795429438038543,77.69321765774176,250000.0
G3836,28.799937553064296,77.69333363221837,250000.0
G3837,28.804445664650476,77.69344963327781,250000.0
G3838,28.808953772796652,77.69356566092495,250000.0
G3839,28.813461877502412,77.69368171516463,250000.0
G3840,28.81796997876736,77.6937977960017,250000.0
G3841,28.82172584711918,77.6930413574286,121374.02926615045
G3842,28.827391302382487,77.6927363352249,113091.82862139051
G3843,28.831660361819434,77.69388315847748,220341.7484018838
G3844,28.83600234941057,77.69426238542079,250000.0
G3845,28.8402936945013,77.69400700354984,207838.1053217987
G3846,28.845104979995863,77.69440688195677,239141.27316379643
G3847,28.849526591244054,77.6946111069954,250000.0
G3848,28.85402225932692,77.69471281479305,248498.52024145244
G3849,28.85696462622948,77.69383325529289,50814.466711488945
G3850,28.77946135426252,77.69543730481892,470.9781557100264
G3851,28.782572313223387,77.69675016550238,95744.65017168237
G3852,28.786352254889866,77.69805845281105,244944.08116325922
G3853,28.79081909372908,77.69821921385018,250000.0
G3854,28.79532719322793,77.69833538142477,250000.0
G3855,28.799835289286026,77.69845157562764,250000.0
G3856,28.80434338190294,77.69856779646366,250000.0
G3857,28.808851471078253,77.69868404393765,250000.0
G3858,28.813359556811573,77.69880031805447,250000.0
G3859,28.8172905631897,77.69840971271647,166427.10963076976
G3860,28.820268621965788,77.69655901791575,678.3035456818706
G3861,28.83318225901531,77.69707436472947,7991.991685491943
G3862,28.83590470280463,77.6973578169404,50772.31591549244
G3863,28.838519551098198,77.69706480306867,2730.0446723575355
G3864,28.846141607522885,77.69778898757944,36527.0223925907
G3865,28.849491546278177,77.6984370325213,123263.34498784605
G3866,28.853207033562818,77.69837605470704,79444.21407139525
G3867,28.787305234054323,77.70285398335902,118616.3416573405
G3868,28.79071667429033,77.70333669123376,250000.0
G3869,28.795263879972104,77.70334228508575,238196.56127718982
G3870,28.799732831841755,77.70356949240382,250000.0
G3871,28.80424090545352,77.70368593301153,250000.0
G3872,28.808748975622095,77.70380240030751,250000.0
G3873,28.813071561055217,77.7036395542307,217736.4687351025
G3874,28.81598741677552,77.70246392940922,22482.215842890477
G3875,28.78799883312434,77.70621005357512,7567.7035522242695
G3876,28.79014868923561,77.70660498991158,58701.21479617033
G3877,28.79662354748463,77.70652523987857,14113.48379794645
G3878,28.799555018695266,77.70711868532034,92712.75540269974
G3879,28.80414342303957,77.7067387769047,47092.74203091316
G3880,28.808723608460756,77.70698033410764,58899.1836026907
G3881,28.81197495362601,77.70765418345455,41728.61118881787
