grid_id,centroid_lat,centroid_lon,ndvi,ndbi,lst_celsius
G0001,28.79230719105269,77.20355158340728,0.22145769,-0.028953062,41.572723
G0002,28.795643139309902,77.20250737770456,0.17420919,-0.1848599,41.169373
G0003,28.79989376335559,77.2018868629383,0.3464861,-0.058294147,42.46823
G0004,28.80430175732228,77.20187929224849,0.17378451,0.06565319,44.8916
G0005,28.8087111874972,77.20251947327775,0.21047275,-0.0033917006,41.839325
G0006,28.81218809425989,77.20308043729318,0.23295857,0.0031931635,42.088837
G0007,28.78752094379427,77.20790241105624,0.5862805,-0.22066316,41.21039
G0008,28.790881800927437,77.20684201279558,0.3808027,-0.11187882,43.114227
G0009,28.7952397049813,77.20672980613166,0.20118979,0.0609696,49.52304
G0010,28.79974946478099,77.2068248422475,0.50902283,-0.20481975,44.782227
G0011,28.804259221279374,77.20691990015484,0.2741379,-0.025241962,44.83008
G0012,28.808768974476077,77.20701497985766,0.19186848,-0.19815312,41.3779
G0013,28.811904126507965,77.20689471856996,0.22665073,0.04658286,44.385742
G0014,28.78673531071568,77.21189230361588,0.35273483,-0.060414895,44.754883
G0015,28.7906461544353,77.21175415558658,0.31018797,-0.054295547,42.645966
G0016,28.795155901985016,77.21184938990925,0.22506073,-0.0077472455,44.72754
G0017,28.79966564623248,77.21194464606982,0.32764605,-0.06862156,41.928192
G0018,28.80417538717733,77.2120399240723,0.49293995,-0.1209937,42.003387
G0019,28.80868512481918,77.21213522392065,0.5560556,-0.2177722,43.91745
G0020,28.811456242342366,77.2118629802471,0.16092753,0.058305103,48.20706
G0021,28.78661394936593,77.2166565372228,0.5262864,-0.20561625,43.876434
G0022,28.7905621731479,77.2168734975359,0.3268809,-0.04293767,43.804657
G0023,28.79507190511073,77.21696895184893,0.5797574,-0.2130824,41.72995
G0024,28.79958163377001,77.21706442805025,0.22475289,0.029151231,43.356903
G0025,28.804091359125376,77.21715992614388,0.32856455,-0.029900502,43.674774
G0026,28.80860108117643,77.21725544613379,0.31664142,0.02235903,43.804657
G0027,28.81274410357926,77.21871700189253,0.18951644,0.044027563,48.538635
G0028,28.816436418953973,77.21955889688712,0.21050686,0.059932515,45.882843
G0029,28.778793906250662,77.2231664469902,0.2542328,0.011728125,45.647003
G0030,28.780037596526917,77.2232633649917,0.27679422,-0.02296272,43.6987
G0031,28.78705031438264,77.22172614278053,0.21399523,0.06095179,48.319855
G0032,28.7904779980215,77.22199281760089,0.2480227,0.0012156758,43.032196
G0033,28.794987714361515,77.2220884919003,0.31195542,-0.06861504,42.560516
G0034,28.799497427396645,77.22218418813839,0.2894737,-0.019094577,44.35495
G0035,28.80400713712656,77.22227990631917,0.19362463,0.06010756,45.51712
G0036,28.808516843550848,77.22237564644665,0.2989248,-0.021884888,43.83542
G0037,28.81302654666913,77.22247140852483,0.48146215,-0.16186555,42.293915
G0038,28.817319934842992,77.22274522640103,0.50464576,-0.24677688,40.072174
G0039,28.82215500018796,77.22415745390185,0.20021974,0.049280316,45.879425
G0040,28.826663943891948,77.22325106422805,0.22932947,-0.107305795,39.566315
G0041,28.830776749151607,77.22332651757246,0.3443178,-0.07036629,49.99814
G0042,28.833524884922426,77.2223583756587,0.3676907,-0.045362234,47.629425
G0043,28.778043958559078,77.22721391874173,0.3188548,-0.06437179,42.45114
G0044,28.78119043118509,77.22711359765881,0.25853443,-0.01864659,42.68698
G0045,28.786302965497963,77.2274498901881,0.29217163,-0.01740878,44.132782
G0046,28.790393629059132,77.2271121157312,0.35280064,-0.10397729,43.302216
G0047,28.794903329740368,77.22720801001297,0.19073781,0.06277981,46.41263
G0048,28.799413027115413,77.22730392628384,0.17705867,0.06595619,45.961456
G0049,28.803922721183916,77.22739986454779,0.44502068,-0.10882123,40.04483
G0050,28.80843241194548,77.22749582480881,0.22096393,0.037430815,44.949707
G0051,28.812942099399727,77.22759180707097,0.1820021,0.06856299,44.378906
G0052,28.81745178354628,77.22768781133823,0.42130363,-0.09362448,40.475525
G0053,28.821839465929195,77.22764596453095,0.18333237,0.03376806,45.67093
G0054,28.82630896170025,77.22695435932539,0.35301116,-0.045768186,43.459442
G0055,28.830166260143876,77.22600743870258,0.3020357,-0.028031796,49.13678
G0056,28.772983931612085,77.23380692959064,0.42861405,-0.09038527,44.334442
G0057,28.777096124774392,77.23216273732388,0.44410953,-0.16600855,43.418427
G0058,28.781289686369888,77.23203922945844,0.40973887,-0.089966,42.75876
G0059,28.785799377970243,77.23213529965172,0.19414677,0.06588431,48.6651
G0060,28.790309066263863,77.23223139187643,0.19069396,0.016497605,46.118683
G0061,28.794818751250364,77.23232750613658,0.38313133,-0.08956268,44.7959
G0062,28.799328432929364,77.2324236424362,0.21277632,0.016018337,46.92874
G0063,28.803838111300497,77.2325198007793,0.24453053,0.00929692,42.082
G0064,28.808347786363385,77.23261598116989,0.42249435,-0.09397172,44.91211
G0065,28.812857458117627,77.232712183612,0.23822688,0.0055382694,42.290497
G0066,28.81736712656286,77.23280840810963,0.16464524,0.08013844,47.913116
G0067,28.82109843788292,77.23290081826178,0.30804342,-0.03325671,43.466278
G0068,28.759840348430995,77.23878414752917,0.6139472,-0.24970636,40.102936
G0069,28.763555812031846,77.23872003790235,0.58617115,-0.22002096,41.958954
G0070,28.767883712026627,77.23806873145219,0.3203841,-0.043143634,42.66989
G0071,28.77232576373987,77.23712670089473,0.45597813,-0.1026196,41.586395
G0072,28.776695282022164,77.23706177578151,0.30677238,-0.0049395654,44.2695
G0073,28.78120496120216,77.23715804377063,0.22886588,-0.04209064,44.819824
G0074,28.785714637074477,77.23725433383753,0.22648698,0.014805726,44.970215
G0075,28.790224309638734,77.23735064598623,0.41596323,-0.14380735,40.913025
G0076,28.79473397889457,77.23744698022072,0.18867528,-0.035801906,48.507874
G0077,28.79924364484156,77.23754333654509,0.23933873,0.009778837,44.730957
G0078,28.80375330747938,77.23763971496331,0.34913567,-0.010623296,45.807648
G0079,28.80826296680761,77.23773611547944,0.19549681,0.06787326,46.586945
G0080,28.8127726228259,77.23783253809748,0.20159806,0.056052294,46.368195
G0081,28.817282275533856,77.23792898282149,0.4165737,-0.15379149,43.609833
G0082,28.821314737193653,77.23811773850765,0.34547403,-0.06550768,43.879852
G0083,28.75937286631233,77.24198429177291,0.35310632,-0.0521178,43.486786
G0084,28.763081368759952,77.24189101750008,0.4304714,-0.090349324,42.2153
G0085,28.767591042102023,77.24198743894823,0.48968646,-0.1438571,41.35739
G0086,28.772100712136226,77.24208388251243,0.58156496,-0.21605551,41.432587
G0087,28.77661037886219,77.2421803481967,0.3963129,-0.06201606,43.264618
G0088,28.781120042279525,77.24227683600506,0.28024325,0.0037685505,45.137695
G0089,28.785629702387865,77.24237334594156,0.190748,0.027441895,45.773468
G0090,28.79013935918682,77.2424698780102,0.45283806,-0.10079394,43.168915
G0091,28.79464901267601,77.24256643221504,0.5033179,-0.16650301,43.996063
G0092,28.79915866285507,77.2426630085601,0.5177691,-0.16201589,41.928192
G0093,28.80366830972361,77.24275960704944,0.41687146,-0.09998737,44.358368
G0094,28.80817795328125,77.24285622768706,0.20562322,0.077443786,46.101593
G0095,28.81268759352762,77.24295287047701,0.17266877,0.069617875,44.662598
G0096,28.81719723046232,77.24304953542335,0.1689811,0.062239982,43.9653
G0097,28.82145009297468,77.24309770049366,0.19607487,0.039383516,43.637177
G0098,28.75590502835295,77.24821631157509,0.17995195,0.060945094,44.83008
G0099,28.758559408433708,77.24698807094032,0.22202057,0.017240813,43.90036
G0100,28.762996319271927,77.24700890864757,0.39471328,-0.027063988,43.602997
G0101,28.767505976819383,77.24710554975994,0.31137383,-0.038039327,42.140106
G0102,28.77201563105764,77.24720221303866,0.4618942,-0.1081382,43.640594
G0103,28.776525281986327,77.24729889848778,0.56562287,-0.16482186,44.91211
G0104,28.78103492960507,77.24739560611135,0.6184963,-0.21122943,41.24115
G0105,28.78554457391348,77.24749233591342,0.5734946,-0.20483828,42.912567
G0106,28.790054214911187,77.24758908789798,0.6283808,-0.2416482,40.410583
G0107,28.79456385259781,77.24768586206912,0.2863884,-0.009609116,43.821747
G0108,28.79907348697296,77.24778265843085,0.19735286,0.060778152,43.688446
G0109,28.803583118036265,77.24787947698724,0.3280889,-0.06424124,43.503876
G0110,28.80809274578736,77.24797631774233,0.18696514,0.070848845,46.046906
G0111,28.812602370225832,77.24807318070016,0.1719155,0.0741777,42.290497
G0112,28.817111991351336,77.24817006586478,0.28464055,-0.048430637,46.221222
G0113,28.821262771952817,77.2482675332668,0.17805964,0.055743553,47.45169
G0114,28.82464209310127,77.2507777167139,0.17492794,0.0546423,49.376038
G0115,28.75577658716032,77.2516211617295,0.3125208,-0.019097812,44.231903
G0116,28.75840143115187,77.25202993907286,0.39544487,-0.09258031,43.049286
G0117,28.7629110761789,77.25212677763274,0.25827327,0.008665446,43.572235
G0118,28.7674207178958,77.25222363840528,0.44880646,-0.12214976,42.095673
G0119,28.771930356302168,77.2523205213945,0.48497012,-0.13551612,42.560516
G0120,28.776439991397652,77.25241742660445,0.18990658,0.02100431,45.260742
G0121,28.780949623181854,77.25251435403918,0.3367464,-0.06587412,44.635254
G0122,28.7854592516544,77.25261130370275,0.6629692,-0.2594111,40.26358
G0123,28.78996887681492,77.2527082755992,0.61531425,-0.28188685,41.025818
G0124,28.79447849866302,77.25280526973259,0.4954885,-0.15787983,43.6987
G0125,28.79898811719831,77.25290228610694,0.23004179,0.045524914,44.023407
G0126,28.803497732420443,77.25299932472637,0.20485017,0.04479124,47.731964
G0127,28.80800734432902,77.25309638559487,0.22231022,0.039898925,44.23874
G0128,28.81251695292365,77.25319346871652,0.21759391,0.022979453,48.230988
G0129,28.81702655820397,77.2532905740954,0.19115762,0.039100945,43.640594
G0130,28.821536160169615,77.25338770173553,0.3766531,-0.08165932,41.371063
G0131,28.82578028833112,77.2538558166187,0.32964966,-0.027502062,45.88968
G0132,28.82936814223744,77.25521471226654,0.20317233,0.03732728,43.602997
G0133,28.73752220835215,77.25841232493019,0.19601764,0.044309415,46.1597
G0134,28.740307448448565,77.25751060433738,0.16349936,0.02345419,45.848663
G0135,28.744455677214862,77.25805830026324,0.19034079,0.010353862,45.523956
G0136,28.74853094229316,77.25909103665425,0.21207672,0.0012699303,45.725616
G0137,28.754473908514917,77.25765441674282,0.4678795,-0.11532361,43.79782
G0138,28.75831601032205,77.25714756623958,0.4490172,-0.12319717,40.844666
G0139,28.762825639483925,77.25724462440527,0.33454564,-0.06067379,42.328094
G0140,28.76733526533434,77.25734170483392,0.40158173,0.030142892,43.49704
G0141,28.7718448878729,77.25743880752958,0.5712332,-0.22598362,43.07321
G0142,28.77635450709924,77.25753593249631,0.4992227,-0.09088172,40.321716
G0143,28.780864123012968,77.25763307973817,0.42175972,-0.12815534,43.66794
G0144,28.785373735613717,77.2577302492592,0.2924353,-0.0012780833,48.501038
G0145,28.78988334490109,77.25782744106348,0.24667303,-0.015406656,46.76468
G0146,28.794392950874723,77.25792465515507,0.3049832,-0.05547172,44.42334
G0147,28.79890255353422,77.25802189153802,0.29814458,0.0017854206,45.055664
G0148,28.80341215287921,77.25811915021639,0.20428038,0.07699587,52.70862
G0149,28.807921748909315,77.25821643119426,0.43196118,-0.061755102,45.28125
G0150,28.81243134162416,77.25831373447566,0.48560745,-0.08986911,44.01657
G0151,28.81694093102334,77.25841106006473,0.54229885,-0.15874808,43.821747
G0152,28.82145051710651,77.25850840796546,0.17734976,0.05982447,50.480072
G0153,28.82596009987327,77.25860577818197,0.35422122,0.01646708,45.34619
G0154,28.83040956878611,77.25872194376697,0.27268714,0.0051559526,44.69336
G0155,28.833385617105183,77.25823432231428,0.24487643,0.035795987,46.077667
G0156,28.73684399975244,77.26191553374774,0.14015341,0.030278267,47.089386
G0157,28.74019190976572,77.26187628312908,0.16172735,0.0070437053,47.18167
G0158,28.74470153627391,77.26197347168406,0.24120918,0.030509323,47.140656
G0159,28.7492070270126,77.26208590741,0.31512293,-0.015999656,46.720245
G0160,28.753720779356083,77.26216791568915,0.3658883,-0.06428837,42.895477
G0161,28.7582303959293,77.26226517114738,0.32654974,-0.037426032,43.84909
G0162,28.762740009190097,77.26236244891483,0.21821916,0.0032628349,44.0029
G0163,28.767249619138106,77.26245974899554,0.25443125,-0.017818732,44.47119
G0164,28.77175922577292,77.2625570713936,0.3310916,-0.063771084,43.264618
G0165,28.7762688290942,77.26265441611305,0.3300622,-0.0045516994,43.736298
G0166,28.78077842910151,77.26275178315797,0.23988037,0.004562673,47.373077
G0167,28.785288025794493,77.26284917253243,0.27876222,0.04111896,48.928284
G0168,28.7897976191728,77.26294658424048,0.5809083,-0.17670925,41.822235
G0169,28.794307209236013,77.2630440182862,0.4855748,-0.08842154,44.37207
G0170,28.79881679598376,77.26314147467365,0.19316582,-0.0039520073,44.481445
G0171,28.80332637941566,77.26323895340693,0.23143756,0.059348635,49.22223
G0172,28.80783595953136,77.26333645449009,0.374067,-0.023365311,45.917023
G0173,28.812345536330437,77.26343397792719,0.40300927,-0.019682491,45.34961
G0174,28.816855109812533,77.26353152372235,0.1932118,0.043820735,50.811615
G0175,28.82136467997725,77.26362909187964,0.43734032,-0.06408346,45.609406
G0176,28.825874246824245,77.2637266824031,0.17097695,-0.052997332,48.941956
G0177,28.83037040682246,77.26383838208461,0.34854683,-0.011656321,45.16504
G0178,28.83310880712356,77.26457165953798,0.46941817,-0.20176785,44.365234
G0179,28.736806542537018,77.26687351989689,0.18796082,0.053221237,45.17871
G0180,28.740106165547783,77.26699298783986,0.21697526,-0.07501026,44.566895
G0181,28.74461577612432,77.26709039579136,0.2296096,-0.0068055587,43.425262
G0182,28.74912538338824,77.26718782609018,0.2701322,-0.008671714,44.587402
G0183,28.753634987339176,77.26728527874036,0.2819334,-0.017245313,46.03665
G0184,28.758144587976727,77.26738275374599,0.19686407,0.019334802,44.47119
G0185,28.762654185300523,77.26748025111112,0.29498154,-0.03280822,44.061005
G0186,28.76716377931019,77.26757777083986,0.3266801,-0.048387457,43.93112
G0187,28.77167337000533,77.26767531293623,0.19729826,0.017141646,43.661102
G0188,28.776182957385583,77.26777287740434,0.3916226,-0.05418385,44.52588
G0189,28.780692541450552,77.26787046424826,0.2838495,0.017013919,46.918488
G0190,28.78520212219988,77.26796807347205,0.39994317,-0.13180849,43.592743
G0191,28.789711699633145,77.26806570507979,0.47717208,-0.09346806,45.87259
G0192,28.794221273750004,77.26816335907557,0.34923655,-0.012339677,48.58307
G0193,28.798730844550057,77.26826103546347,0.3850746,-0.0068386365,48.14554
G0194,28.803240412032924,77.26835873424757,0.4045554,-0.11821335,43.972137
G0195,28.807749976198235,77.26845645543195,0.34566706,-0.01122162,47.817413
G0196,28.812259537045584,77.26855419902068,0.43531984,-0.074766174,44.679688
G0197,28.816769094574624,77.26865196501788,0.28989854,-0.018154515,44.214813
G0198,28.82127864878497,77.26874975342761,0.64500785,-0.24413425,40.48578
G0199,28.82578819967622,77.26884756425396,0.44746348,-0.09405289,43.2612
G0200,28.830297747248007,77.26894539750103,0.26543316,0.03724523,44.953125
G0201,28.833205679713785,77.26902144293616,0.25193793,0.06335508,46.416046
G0202,28.736828099039784,77.27201199246811,0.17351922,0.013438103,45.9888
G0203,28.7400202279168,77.27210967020737,0.24253134,-0.021663811,43.93454
G0204,28.744529822525752,77.27220729755135,0.1917389,0.0037250535,43.989227
G0205,28.74903941382077,77.27230494729291,0.29781887,-0.015697535,43.080048
G0206,28.75354900180145,77.27240261943612,0.2908845,-0.020836947,42.816864
G0207,28.758058586467417,77.27250031398508,0.45087084,-0.09490382,43.626923
G0208,28.76256816781829,77.27259803094384,0.18925083,0.018478941,43.955048
G0209,28.767077745853697,77.2726957703165,0.1767297,0.025718665,45.26416
G0210,28.77158732057324,77.27279353210713,0.21008083,0.015498303,44.922363
G0211,28.776096891976557,77.27289131631981,0.35027543,-0.040893316,44.645508
G0212,28.78060646006324,77.27298912295865,0.39374673,-0.09943165,43.02536
G0213,28.785116024832924,77.2730869520277,0.24106695,0.05999936,46.51175
G0214,28.789625586285236,77.27318480353107,0.2106772,0.07259384,46.135773
G0215,28.794135144419784,77.27328267747284,0.32931912,-0.022126561,45.71878
G0216,28.798644699236192,77.2733805738571,0.30889794,-0.015933827,46.655304
G0217,28.80315425073408,77.27347849268793,0.4254257,-0.097436756,48.12503
G0218,28.807663798913055,77.27357643396944,0.22331284,-0.022698551,46.163116
G0219,28.812173343772745,77.27367439770573,0.19902457,0.02282115,47.342316
G0220,28.81668288531276,77.27377238390088,0.36621675,-0.08162573,46.1221
G0221,28.821192423532743,77.27387039255896,0.41854045,-0.033635218,45.134277
G0222,28.82570195843229,77.27396842368411,0.49223554,-0.14660092,44.2695
G0223,28.83021149001104,77.27406647728041,0.2368929,0.034290113,49.21881
G0224,28.833583030918597,77.27438384487722,0.20126045,0.088169366,47.67386
G0225,28.733012680308065,77.27946230497565,0.15855011,0.03566074,46.634796
G0226,28.73596182854239,77.27755095482759,0.36254725,-0.12756647,40.930115
G0227,28.73993409687585,77.27722633018138,0.5961372,-0.26530924,40.311462
G0228,28.74444367548132,77.27732417691375,0.14694919,0.03912442,45.137695
G0229,28.748953250771503,77.27742204609399,0.2169277,0.043192882,45.40091
G0230,28.753462822746016,77.27751993772615,0.17928056,0.03806793,45.766632
G0231,28.757972391404486,77.27761785181436,0.26282504,-0.02809854,43.78415
G0232,28.76248195674651,77.27771578836267,0.2958203,-0.061048448,44.262665
G0233,28.76699151877172,77.27781374737516,0.21843398,0.017258745,45.459015
G0234,28.771501077479734,77.27791172885597,0.20535022,0.029743958,45.65384
G0235,28.77601063287017,77.27800973280915,0.51073354,-0.14867777,41.470184
G0236,28.780520184942645,77.27810775923882,0.31177998,-0.05023515,44.3071
G0237,28.78502973369677,77.27820580814905,0.4216489,-0.15827382,43.517548
G0238,28.789539279132185,77.27830387954394,0.273852,0.024334272,45.578644
G0239,28.794048821248484,77.27840197342762,0.19378233,0.00778639,44.679688
G0240,28.7985583600453,77.27850008980414,0.372307,-0.0055330736,46.641632
G0241,28.803067895522243,77.27859822867762,0.2846927,-0.009323613,47.314972
G0242,28.80757742767894,77.27869639005218,0.21063584,0.057182807,52.07968
G0243,28.812086956515003,77.2787945739319,0.33553,0.0030780677,49.533295
G0244,28.816596482030043,77.2788927803209,0.19282249,0.105719954,50.88681
G0245,28.821106004223697,77.27899100922326,0.44414094,-0.098377034,47.581573
G0246,28.82561552309559,77.2790892606431,0.31686452,0.03841138,45.78714
G0247,28.83012503864532,77.27918753458455,0.40185985,-0.081561245,44.836914
G0248,28.83355651885072,77.27911516003948,0.2209788,0.07678966,45.21289
G0249,28.72823475120859,77.28437809137466,0.146244,0.026914744,45.715363
G0250,28.731363767901428,77.28290188650324,0.4180217,-0.094334684,41.969208
G0251,28.735338206545705,77.28224492408896,0.5839732,-0.18208025,42.040985
G0252,28.739847772428032,77.28234296771163,0.2750582,-0.048681755,45.202637
G0253,28.74435733499412,77.28244103382832,0.33716732,-0.042140383,42.970673
G0254,28.74886689424357,77.28253912244313,0.17302431,0.00679729,45.390656
G0255,28.753376450176,77.28263723356017,0.2549611,0.026840229,44.898438
G0256,28.75788600279104,77.28273536718352,0.24975514,-0.05999717,43.640594
G0257,28.7623955520883,77.28283352331728,0.21160369,0.014199449,45.48294
G0258,28.7669050980674,77.28293170196554,0.18186513,0.032139853,46.76126
G0259,28.771414640727947,77.28302990313243,0.2986992,-0.014382255,44.163544
G0260,28.77592418006959,77.28312812682202,0.16257909,0.020357607,45.63333
G0261,28.780433716091903,77.28322637303842,0.2710306,-0.0066125896,44.4541
G0262,28.784943248794534,77.28332464178573,0.34912747,-0.036328908,43.78073
G0263,28.7894527781771,77.28342293306807,0.5169127,-0.20877649,42.526337
G0264,28.793962304239216,77.28352124688952,0.31450567,-0.03627332,44.44043
G0265,28.79847182698049,77.28361958325422,0.33351147,0.019010372,46.23831
G0266,28.802981346400543,77.28371794216626,0.24772166,0.06590162,47.325226
G0267,28.80749086249901,77.28381632362975,0.4946338,-0.12706195,46.05374
G0268,28.81200037527549,77.2839147276488,0.25478485,0.077249765,48.678772
G0269,28.8165098847296,77.28401315422754,0.21923812,0.089333266,48.070343
G0270,28.821019390860982,77.28411160337008,0.23449202,0.06433266,47.08255
G0271,28.82552889366924,77.28421007508051,0.24140716,0.07111069,48.473694
G0272,28.82996467306823,77.2842309974893,0.40396705,-0.058039878,44.67285
G0273,28.832926547507856,77.28292393828534,0.38471517,-0.043249626,44.850586
G0274,28.70967161035762,77.2889814051118,0.17027591,0.005154145,46.47415
G0275,28.713014988922037,77.28824596823608,0.14835027,0.016015574,46.35794
G0276,28.715794634747564,77.28867047254144,0.14823292,0.013602989,47.516632
G0277,28.72374757440037,77.28927327443263,0.15989396,0.004524708,44.864258
G0278,28.726576300826167,77.28760615503126,0.14358997,0.01735762,45.45218
G0279,28.73074215164253,77.28726307938277,0.1671629,0.02692292,45.65042
G0280,28.735251704768118,77.28736131979521,0.16130565,0.033113077,46.887726
G0281,28.73976125457649,77.28745958274784,0.27657086,-0.049040247,46.552765
G0282,28.74427080106727,77.28755786824475,0.15059307,0.065282114,45.841827
G0283,28.748780344240075,77.28765617629006,0.1453049,0.07673307,46.180206
G0284,28.753289884094517,77.28775450688786,0.15604171,0.028307987,45.240234
G0285,28.757799420630207,77.28785286004228,0.1521157,0.02241923,45.02832
G0286,28.76230895384678,77.28795123575739,0.1868336,0.0084654605,45.441925
G0287,28.76681848374384,77.2880496340373,0.18974684,0.023648674,43.804657
G0288,28.77132801032101,77.28814805488618,0.3498047,-0.06473982,42.92624
G0289,28.775837533577903,77.28824649830806,0.5066526,-0.17132694,42.649384
G0290,28.780347053514145,77.2883449643071,0.35296845,-0.039327748,44.65918
G0291,28.784856570129342,77.28844345288739,0.3157105,-0.038788345,44.850586
G0292,28.78936608342312,77.28854196405305,0.4034565,-0.063752994,45.2334
G0293,28.793875593395104,77.2886404978082,0.430411,-0.061336588,45.059082
G0294,28.798385100044893,77.28873905415696,0.19722447,0.10120039,48.658264
G0295,28.802894603372117,77.28883763310344,0.347725,-0.06099896,43.07321
G0296,28.807404103376395,77.28893623465174,0.5097539,-0.10147298,41.825653
G0297,28.81191360005733,77.28903485880603,0.3461309,-0.015816357,43.64743
G0298,28.816423093414564,77.2891335055704,0.34691033,-0.05662011,47.154327
G0299,28.820932583447703,77.28923217494899,0.24268429,0.042520605,45.773468
G0300,28.825442070156363,77.28933086694589,0.20918255,0.09923399,50.56552
G0301,28.828918741052902,77.28884087983346,0.22042596,0.05505764,46.299835
G0302,28.70550779421123,77.29371558477507,0.12270851,0.031283345,46.66214
G0303,28.70833676889845,77.2921493018399,0.44612274,-0.114491016,44.628418
G0304,28.71261729136251,77.29198562034331,0.1584028,0.044377077,44.94629
G0305,28.71712642046788,77.29208447416217,0.13351952,0.022895243,45.930695
G0306,28.721594976554627,77.29235517281968,0.12970448,0.036003385,45.698273
G0307,28.7261459322735,77.29228079617151,0.14649309,0.01605353,45.339355
G0308,28.73065547260876,77.29237923327322,0.13775665,0.046330143,45.985382
G0309,28.73516500962583,77.29247769296127,0.1271602,0.06740802,46.792023
G0310,28.739674543324345,77.29257617523974,0.13758853,0.03195362,45.547882
G0311,28.744184073703916,77.29267468011278,0.13732485,0.027545497,44.662598
G0312,28.74869360076415,77.29277320758449,0.16383064,0.03561504,45.445343
G0313,28.753203124504683,77.29287175765896,0.33246082,-0.07876224,44.11911
G0314,28.75771264492512,77.29297033034031,0.28888732,-0.0054258127,45.46585
G0315,28.76222216202508,77.29306892563268,0.3109091,-0.036869306,43.958466
G0316,28.76673167580418,77.29316754354016,0.51131797,-0.16724756,42.9946
G0317,28.771241186262035,77.29326618406688,0.38441935,-0.032139845,43.435516
G0318,28.775750693398276,77.29336484721696,0.6186989,-0.22528204,41.688934
G0319,28.78026019721249,77.29346353299452,0.56836236,-0.20147644,43.27487
G0320,28.78476969770432,77.29356224140368,0.22635607,0.032165226,48.07376
G0321,28.789279194873384,77.29366097244856,0.28080294,0.034929946,47.728546
G0322,28.79378868871929,77.29375972613329,0.4207358,-0.06817709,44.686523
G0323,28.79829817924165,77.29385850246197,0.3331364,0.041452553,46.52542
G0324,28.802807741473305,77.29395719759951,0.2944805,0.012141684,45.711945
G0325,28.80731715031424,77.29405612306779,0.21434134,0.07936065,46.118683
G0326,28.810977567963683,77.29365809043871,0.2723647,0.054005437,43.602997
G0327,28.816577702743896,77.29209512604665,0.26404443,0.062333085,47.01761
G0328,28.820803391280624,77.2923798078581,0.26724088,0.04159658,48.668518
G0329,28.82557831600463,77.29231650692729,0.22969618,0.074748926,47.458527
G0330,28.827879318862355,77.29229112573414,0.35719848,-0.023023603,45.5513
G0331,28.70499578375098,77.29601511627011,0.11641282,0.016751293,45.94095
G0332,28.70818660338553,77.29647128676424,0.1305135,0.032378376,45.53763
G0333,28.71253048356722,77.29710087506372,0.19380195,0.029042352,45.992218
G0334,28.717040017715693,77.29719946350167,0.2068324,0.0071956282,45.814484
G0335,28.721549548545788,77.29729807456383,0.13481924,0.020467905,46.19046
G0336,28.726059076057123,77.29739670825435,0.13981909,0.023629464,44.9292
G0337,28.73056860024932,77.29749536457733,0.17192468,0.026759734,45.14453
G0338,28.73507812112197,77.29759404353688,0.18788953,0.009701561,45.865753
G0339,28.73958763867472,77.29769274513711,0.13850388,0.028436493,45.387238
G0340,28.744097152907173,77.29779146938216,0.1882791,0.021898896,45.561554
G0341,28.74860666381894,77.29789021627613,0.14901519,0.032666914,44.768555
G0342,28.75311617140965,77.29798898582317,0.16664921,0.039900687,44.635254
G0343,28.75762567567892,77.29808777802735,0.20620187,0.031659186,44.563477
G0344,28.76213517662633,77.29818659289285,0.28128937,-0.03598401,44.112274
G0345,28.76664467425156,77.29828543042377,0.23455983,0.040117025,44.79248
G0346,28.77115416855417,77.29838429062426,0.34485173,-0.04682738,43.401337
G0347,28.77566365953382,77.29848317349838,0.3905421,-0.057440612,45.691437
G0348,28.780173147190087,77.29858207905035,0.41674775,-0.07874882,42.813446
G0349,28.784682631522617,77.29868100728424,0.3429254,-0.032285836,45.6846
G0350,28.789192112531023,77.29877995820422,0.33692905,-0.001096955,49.335022
G0351,28.793644943275964,77.29880435115761,0.23812151,0.06944467,49.69052
G0352,28.79762548209147,77.29769849617786,0.24916859,0.024122417,45.441925
G0353,28.803579954693102,77.29711013757513,0.24174926,0.04205764,46.385284
G0354,28.807472528467027,77.29778076207097,0.39028654,-0.049618755,43.5654
G0355,28.809918110211285,77.29741813051669,0.349852,-0.035588183,44.293427
G0356,28.710158468864236,77.29978588005704,0.11733621,0.014222307,45.513702
G0357,28.71280985593065,77.30199870346044,0.19668919,0.017934795,45.188965
G0358,28.71695300056654,77.30231491466843,0.27795014,-0.046052348,44.65918
G0359,28.72146251522038,77.30241374484731,0.13912997,0.028796282,46.59378
G0360,28.72597202655411,77.30251259770475,0.25115314,-0.029873136,45.154785
G0361,28.730481534567343,77.30261147324488,0.2767989,-0.03838837,44.771973
G0362,28.734991039259683,77.3027103714718,0.15062079,0.021828728,45.50345
G0363,28.739500540630768,77.30280929238968,0.15916148,0.026985623,45.811066
G0364,28.744010038680187,77.30290823600261,0.19714671,0.0052672885,46.029816
G0365,28.748519533407578,77.30300720231473,0.6001639,-0.32034364,40.87201
G0366,28.753029024812548,77.30310619133019,0.25468987,-0.027053615,43.367157
G0367,28.757538512894723,77.3032052030531,0.37551475,-0.08347627,44.06784
G0368,28.762047997653696,77.30330423748761,0.20009676,0.072669655,47.38333
G0369,28.766557479089112,77.30340329463785,0.3022605,-0.006328311,46.867218
G0370,28.771066957200567,77.30350237450793,0.2139137,0.0,44.4541
G0371,28.775576431987687,77.303601477102,0.46908408,-0.13566665,41.969208
G0372,28.78008590345008,77.30370060242423,0.5463431,-0.1867622,41.750458
G0373,28.784595371587372,77.30379975047875,0.32927057,0.016286543,45.219727
G0374,28.78904657109935,77.30387411082783,0.30880567,0.026921812,47.041534
G0375,28.792532490143696,77.30239145580852,0.43033016,-0.10160421,44.296844
G0376,28.71346477725521,77.30716804178644,0.124608755,0.007562579,45.404327
G0377,28.71686579020569,77.30743034316077,0.15406547,-0.0008477243,45.21289
G0378,28.721375288647383,77.30752939245222,0.1583508,0.017669538,44.884766
G0379,28.72588478376761,77.30762846447246,0.33412507,-0.029249765,44.08835
G0380,28.73039427556598,77.3077275592256,0.336847,0.016193816,44.55664
G0381,28.734903764042112,77.30782667671579,0.5579157,-0.16818854,40.899353
G0382,28.73941324919561,77.30792581694716,0.20499901,0.023223976,45.8179
G0383,28.743922731026103,77.30802497992387,0.15456942,0.037874307,46.210968
G0384,28.748432209533213,77.30812416565001,0.19196117,0.038429067,45.510284
G0385,28.752941684716536,77.30822337412978,0.3240982,-0.050620243,42.550262
G0386,28.75745115657569,77.30832260536727,0.28664604,0.020679817,46.166534
G0387,28.76196062511031,77.30842185936663,0.37178043,-0.01399161,44.583984
G0388,28.766470090319995,77.30852113613203,0.59470546,-0.2789193,41.66501
G0389,28.770979552204363,77.3086204356676,0.55291647,-0.2183555,41.91452
G0390,28.77548901076304,77.3087197579775,0.2541956,0.032170616,45.75638
G0391,28.779998465995625,77.30881910306584,0.36759692,-0.03183192,45.07617
G0392,28.78450791790174,77.30891847093682,0.23964575,0.055704862,45.40091
G0393,28.78901736648102,77.30901786159454,0.37608913,-0.050980944,47.041534
G0394,28.792519876182755,77.30971480365854,0.20166197,0.09687593,45.790558
G0395,28.7138300263905,77.31231734451381,0.12261895,-0.005188265,47.8721
G0396,28.71677838663628,77.31254574892847,0.1558307,0.0005941756,44.460938
G0397,28.721287868829936,77.31264501732836,0.34467712,-0.07106693,41.8154
G0398,28.725797347700773,77.31274430850725,0.2736841,-0.007714144,44.604492
G0399,28.730306823248387,77.31284362246929,0.33401123,-0.053083286,45.78714
G0400,28.7348162954724,77.3129429592186,0.5712627,-0.19272861,43.121063
G0401,28.73932576437243,77.31304231875934,0.2783975,-0.048260998,44.38916
G0402,28.743835229948083,77.31314170109566,0.23067647,-0.0071817194,43.58249
G0403,28.74834469219899,77.3132411062317,0.4391322,-0.13830234,45.31201
G0404,28.75285415112476,77.3133405341716,0.24089459,-0.041768372,44.81299
G0405,28.757363606725,77.31343998491954,0.4253921,-0.057958134,43.14157
G0406,28.761873058999328,77.31353945847964,0.41640255,-0.026152639,42.06491
G0407,28.76638250794736,77.31363895485606,0.2082117,-0.0069222376,44.03366
G0408,28.77089195356872,77.31373847405297,0.38863766,0.021184724,43.391083
G0409,28.775401395863025,77.31383801607451,0.4087926,-0.078559175,45.6846
G0410,28.779910834829867,77.31393758092484,0.24498595,0.04776949,48.101105
G0411,28.784420270468893,77.31403716860812,0.3678415,-0.03648205,46.354523
G0412,28.788929702779704,77.31413677912852,0.35771942,-0.020352243,46.251984
G0413,28.793150592251784,77.31430129615792,0.20582403,0.08766434,47.26712
G0414,28.63763534269844,77.31790605248318,0.16146865,0.018619042,49.23932
G0415,28.639150698667823,77.31795987849443,0.24055108,-0.06031116,47.212433
G0416,28.713880687736538,77.31739934222216,0.17711923,-0.028638124,46.768097
G0417,28.716690789861477,77.3176611319213,0.13496488,-0.0016668625,45.40091
G0418,28.72120025577121,77.3177606194255,0.3034917,-0.11493711,44.936035
G0419,28.725709718356757,77.31786012975891,0.41863117,-0.07276371,41.268494
G0420,28.73021917761772,77.31795966292567,0.45165807,-0.13284385,40.967712
G0421,28.73472863355372,77.31805921892997,0.534312,-0.1467912,41.63083
G0422,28.739238086164377,77.31815879777594,0.42103046,-0.07948095,42.659637
G0423,28.743747535449288,77.31825839946774,0.34446093,-0.012840915,43.00827
G0424,28.748256981408083,77.31835802400951,0.29632422,-0.019609319,43.620087
G0425,28.75276642404038,77.31845767140543,0.43827674,-0.07308762,42.936493
G0426,28.757275863345782,77.31855734165964,0.63760173,-0.22780582,41.818817
G0427,28.76178529932391,77.31865703477632,0.41716912,-0.037698727,44.351532
G0428,28.766294731974387,77.31875675075962,0.37220865,-0.042895567,42.779266
G0429,28.770804161296816,77.31885648961371,0.55620795,-0.1795679,41.049744
G0430,28.77531358729082,77.31895625134274,0.26798874,0.03301722,45.322266
G0431,28.779823009956,77.31905603595088,0.4939575,-0.12857655,43.695282
G0432,28.784332429291997,77.31915584344233,0.28947365,-0.0360918,45.305176
G0433,28.7888418452984,77.31925567382123,0.28233853,0.02000469,47.209015
G0434,28.793260581476297,77.31939848524217,0.6720386,-0.26085755,44.683105
G0435,28.796622701451334,77.32120015949666,0.30267286,0.057905678,45.29492
G0436,28.637100153141727,77.32174102980045,0.36254302,-0.11900102,47.43802
G0437,28.639940400712582,77.3210865992163,0.16311929,0.01317478,45.858917
G0438,28.644216762611546,77.32173020070739,0.30858827,-0.07618283,45.479523
G0439,28.64879876084129,77.32271978763775,0.3578614,-0.08397925,47.424347
G0440,28.653748905683276,77.32234331474484,0.102329805,0.19708659,44.37549
G0441,28.65797669698928,77.32207025691649,0.19222394,-0.007948732,45.97171
G0442,28.66241559016585,77.32221385349723,0.21087593,-0.009629211,45.175293
G0443,28.66677254208741,77.32289680657608,0.2722816,-0.060084596,43.589325
G0444,28.669885799993967,77.32359340984499,0.18437812,-0.013382247,44.68994
G0445,28.69887712956029,77.32452497438528,0.24188606,-0.041573886,45.370117
G0446,28.70082429242993,77.32495926128422,0.14252426,0.016432945,46.347687
G0447,28.713334430827693,77.32265991139847,0.42144468,-0.14187723,44.583984
G0448,28.71660299988444,77.32277649208906,0.19022702,-0.0025394254,44.97705
G0449,28.721112449474354,77.32287619869342,0.1481049,-0.1378521,42.830536
G0450,28.72562189573872,77.3229759281772,0.2325973,-0.020855173,44.33786
G0451,28.730131338677143,77.32307568054456,0.53936064,-0.21394746,41.118103
G0452,28.734640778289236,77.32317545579969,0.38849378,-0.06551444,42.35202
G0453,28.73915021457461,77.32327525394672,0.50996286,-0.14628819,39.901276
G0454,28.74365964753288,77.32337507498983,0.5372552,-0.12681147,41.66159
G0455,28.748169077163663,77.32347491893319,0.55168855,-0.1408212,41.44626
G0456,28.752678503466573,77.32357478578093,0.44177648,-0.046393353,43.88669
G0457,28.75718792644124,77.32367467553728,0.45789793,-0.09267999,41.876923
G0458,28.76169734608725,77.32377458820638,0.34608933,0.004259768,43.305634
G0459,28.76620676240424,77.32387452379237,0.35144612,0.008293852,45.623077
G0460,28.770716175391808,77.32397448229948,0.39884815,-0.05848418,43.520966
G0461,28.77522558504959,77.32407446373185,0.22796667,0.092182964,47.044952
G0462,28.77973499137718,77.32417446809364,0.31383705,0.016931953,45.97513
G0463,28.784244394374205,77.32427449538908,0.2017194,0.08541303,49.229065
G0464,28.788753794040275,77.3243745456223,0.39826107,-0.07662916,44.293427
G0465,28.79326319037501,77.3244746187975,0.38031232,-0.029668042,44.99414
G0466,28.797717210343063,77.32464275024613,0.20900725,0.074522056,43.695282
G0467,28.800762074213257,77.32509097736403,0.51768243,-0.15982749,43.722626
G0468,28.632836037884648,77.32791472423756,0.25250676,-0.038935624,46.860382
G0469,28.63557739119027,77.32638081714221,0.2705462,-0.05158995,47.140656
G0470,28.639854143080903,77.32619659667726,0.18245706,-0.0053514168,46.891144
G0471,28.644363632813786,77.3262961332103,0.3437955,-0.15831333,45.09326
G0472,28.648873119226312,77.32639569260232,0.22563098,-0.00433197,48.723206
G0473,28.65338260231809,77.32649527485744,0.20233421,-0.029780416,47.390167
G0474,28.657892082088747,77.32659487997984,0.36019102,-0.077847846,47.362823
G0475,28.662401558537884,77.32669450797363,0.2640731,-0.04427003,45.882843
G0476,28.666911031665105,77.326794158843,0.38637325,-0.08224044,44.50537
G0477,28.671365096284934,77.32699018776941,0.22991274,-0.04399894,46.016144
G0478,28.67589903018986,77.32736230758003,0.1627558,0.014656438,48.070343
G0479,28.678309922688253,77.32829530728186,0.30290154,-0.04316233,45.564972
G0480,28.691032996195645,77.3294502642462,0.15661731,0.0051946556,46.228058
G0481,28.694375018438716,77.32836364372676,0.1628756,0.020268515,46.52542
G0482,28.69849558598725,77.32751489479806,0.22266689,0.037028607,45.561554
G0483,28.70293986693161,77.32788714945627,0.14469759,0.02035539,45.53421
G0484,28.707477353935523,77.32794081304355,0.25501347,-0.03176696,44.65576
G0485,28.71214539402576,77.32842267972325,0.3864244,-0.084138215,42.379364
G0486,28.716515016708325,77.32789182938157,0.40458548,-0.14982028,42.6904
G0487,28.721024449942547,77.32799175508192,0.42105138,-0.08643999,42.844208
G0488,28.725533879849845,77.3280917037119,0.43581933,-0.11048376,43.438934
G0489,28.730043306429828,77.3281916752757,0.2591687,-0.027050246,45.041992
G0490,28.734552729682107,77.32829166977749,0.57473725,-0.19648302,41.312958
G0491,28.73906214960631,77.32839168722141,0.42351845,-0.06852597,42.43405
G0492,28.743571566202032,77.32849172761168,0.5408185,-0.15317869,40.574646
G0493,28.74808097946889,77.32859179095243,0.64007366,-0.31386817,43.268036
G0494,28.752590389406524,77.32869187724788,0.32898208,-0.046993386,44.771973
G0495,28.75709979601452,77.32879198650218,0.5154835,-0.14108641,40.43451
G0496,28.761609199292508,77.32889211871951,0.3276687,-0.0031845584,44.799316
G0497,28.76611859924009,77.32899227390405,0.44801158,-0.056490764,42.830536
G0498,28.770627995856888,77.32909245206,0.32019234,-0.057659198,42.393036
G0499,28.77513738914252,77.3291926531915,0.3686321,-0.08143111,42.591278
G0500,28.779646779096584,77.32929287730279,0.27445868,0.03788911,45.325684
G0501,28.78415616571872,77.32939312439802,0.4085604,-0.08585961,46.180206
G0502,28.788665549008524,77.3294933944814,0.41767094,-0.15245155,44.737793
G0503,28.79317492896562,77.32959368755711,0.32616866,-0.01294934,44.095184
G0504,28.79759926973832,77.32962148619185,0.301259,0.040459536,45.571808
G0505,28.80018948141292,77.32797527645005,0.3931403,-0.016114803,46.518585
G0506,28.632453161212293,77.33101413547608,0.22402765,-0.04595862,46.88089
G0507,28.63525676847058,77.33120846228908,0.39127064,-0.13431197,44.730957
G0508,28.63976624515646,77.33130819415686,0.40930656,-0.089457154,44.11911
G0509,28.644275718521016,77.33140794892951,0.19742095,-0.034422997,44.095184
G0510,28.64878518856385,77.33150772661119,0.24241854,0.05429002,51.245697
G0511,28.65329465528456,77.33160752720605,0.25945348,0.100983,46.918488
G0512,28.657804118682783,77.33170735071826,0.37627023,-0.051687628,44.231903
G0513,28.66231357875812,77.33180719715196,0.22495398,-0.02742253,46.870636
G0514,28.666823035510188,77.33190706651132,0.3041669,-0.07934613,44.478027
G0515,28.6713324889386,77.33200695880049,0.2791301,-0.057438355,43.96872
G0516,28.67584193904296,77.33210687402367,0.17183189,0.057286605,47.629425
G0517,28.679934949479364,77.33297990219297,0.14342101,0.023286147,45.510284
G0518,28.685000270366245,77.33324613728286,0.1509659,0.019789226,45.780304
G0519,28.689489328075,77.3326019957269,0.1741375,0.007548272,46.033234
G0520,28.69387970621221,77.33250676433937,0.15039559,0.009714419,46.19046
G0521,28.69838913969054,77.3326067942949,0.13544789,0.03291351,46.52542
G0522,28.702898569842507,77.33270684720942,0.17462243,-0.011974589,43.17575
G0523,28.70740799666772,77.3328069230871,0.2026497,0.01566954,46.354523
G0524,28.71190998075479,77.33292216096486,0.2843833,0.018927151,45.52054
G0525,28.71642684033634,77.3330071437486,0.61495614,-0.21630849,42.430634
G0526,28.72093625717897,77.33310728854077,0.2688954,-0.02981865,47.660187
G0527,28.725445670693308,77.3332074563128,0.21505933,-0.022006685,45.640167
G0528,28.729955080878955,77.33330764706886,0.2642494,-0.026971284,42.782684
G0529,28.734464487735533,77.33340786081313,0.51828724,-0.16356546,40.759216
G0530,28.738973891262656,77.3335080975498,0.45912647,-0.12565199,40.909607
G0531,28.74348329145993,77.33360835728303,0.44568738,-0.119743,43.319305
G0532,28.74799268832697,77.33370864001702,0.49070594,-0.09841083,44.802734
G0533,28.75250208186341,77.33380894575595,0.24220288,0.074605994,47.643097
G0534,28.757011472068832,77.33390927450402,0.44786566,-0.1236879,42.259735
G0535,28.761520858942863,77.33400962626543,0.6213044,-0.22473167,40.106354
G0536,28.766030242485133,77.33411000104432,0.5298309,-0.13853414,41.42917
G0537,28.770539622695235,77.33421039884492,0.3244401,-0.022914028,43.028778
G0538,28.7750489995728,77.33431081967142,0.37165794,-0.054223306,44.625
G0539,28.77955837311741,77.33441126352798,0.23858626,-0.0036049492,45.46927
G0540,28.784067743328723,77.33451173041885,0.58520085,-0.21024741,42.765594
G0541,28.788577110206333,77.33461222034818,0.32604143,-0.0059861806,44.464355
G0542,28.79308647374985,77.33471273332017,0.37540075,-0.05627611,43.004852
G0543,28.796894124026544,77.33449343546354,0.28949207,0.043771964,44.4541
G0544,28.632690172518178,77.3361735692106,0.34098896,-0.12167585,45.441925
G0545,28.635168694365856,77.33631981867839,0.26377767,-0.056341257,44.87793
G0546,28.63967815464894,77.33641976873157,0.22590636,-0.035106327,46.009308
G0547,28.64418761160932,77.33651974173969,0.18202575,-0.018199656,44.72754
G0548,28.64869706524661,77.33661973770688,0.48437983,-0.18883127,44.30368
G0549,28.65320651556043,77.33671975663734,0.4546597,-0.12812015,43.88669
G0550,28.657715962550373,77.33681979853519,0.22736754,-0.04192265,47.263702
G0551,28.662225406216077,77.33691986340462,0.3172069,-0.051090803,44.970215
G0552,28.666734846557123,77.33701995124981,0.28171492,-0.26344463,40.731873
G0553,28.671244283573152,77.33712006207493,0.27682123,-0.061396252,44.279755
G0554,28.67575371726376,77.33722019588413,0.16713269,0.006829846,47.01761
G0555,28.68026314762857,77.33732035268159,0.17544304,0.011189158,46.487823
G0556,28.68477257466718,77.3374205324715,0.13417448,0.016329298,45.910187
G0557,28.689281998379226,77.33752073525801,0.17163958,0.007822214,45.6846
G0558,28.69379141876429,77.33762096104532,0.15876657,0.027419979,46.422882
G0559,28.69830083582201,77.33772120983758,0.20603336,0.032141466,45.947784
G0560,28.702810249552,77.33782148163901,0.28706592,-0.07004553,45.291504
G0561,28.707319659953853,77.33792177645375,0.40749475,-0.12073268,44.259247
G0562,28.7118290670272,77.338022094286,0.31687188,-0.032168016,45.930695
G0563,28.71633847077165,77.33812243513995,0.32777452,0.0080489125,46.5972
G0564,28.7208478711868,77.33822279901977,0.46162406,-0.103164814,44.1362
G0565,28.725357268272287,77.33832318592967,0.29925758,0.020180296,46.081085
G0566,28.72986666202772,77.3384235958738,0.35530794,-0.07034529,40.7558
G0567,28.73437605245269,77.33852402885637,0.3863403,-0.038044337,45.530792
G0568,28.738885439546834,77.33862448488158,0.3036823,-0.008866413,43.302216
G0569,28.74339482330976,77.33872496395361,0.45380595,-0.13939737,43.240692
G0570,28.74790420374108,77.33882546607666,0.6217811,-0.26014006,41.422333
G0571,28.752413580840408,77.33892599125491,0.65312254,-0.28290245,42.088837
G0572,28.756922954607347,77.33902653949256,0.3364442,-0.02719369,45.824738
G0573,28.76143232504153,77.33912711079384,0.46126977,-0.11807067,43.223602
G0574,28.765941692142555,77.3392277051629,0.59699917,-0.22169885,42.290497
G0575,28.770451055910048,77.33932832260396,0.34272075,-0.049868736,41.84616
G0576,28.77496041634361,77.33942896312124,0.3123073,0.013523737,43.24411
G0577,28.779469773442862,77.3395296267189,0.44274318,-0.11471121,41.347137
G0578,28.783979127207417,77.33963031340119,0.26007208,0.002963201,44.563477
G0579,28.788488477636896,77.33973102317228,0.35754815,-0.059084427,42.382782
G0580,28.792986818716496,77.33982406297257,0.36043766,-0.039291967,45.811066
G0581,28.79576194110481,77.3388307304269,0.587664,-0.23122238,44.635254
G0582,28.63263805039164,77.34130222728194,0.19865906,-0.05212757,46.15628
G0583,28.63508042771705,77.34143115211693,0.45113862,-0.15199757,42.30075
G0584,28.639589871561498,77.34153132035136,0.1969348,0.00794814,45.978546
G0585,28.64409931208188,77.34163151159078,0.37509274,-0.10731452,45.77005
G0586,28.6486087492778,77.34173172583932,0.25943696,-0.015143286,43.47995
G0587,28.65311818314887,77.34183196310119,0.19215862,0.09398319,48.887268
G0588,28.657627613694697,77.34193222338054,0.5480825,-0.21836457,47.677277
G0589,28.662137040914903,77.34203250668155,0.33066708,-0.08792728,47.01761
G0590,28.66664646480909,77.34213281300839,0.08306695,-0.042407997,35.891937
G0591,28.67115588537688,77.34223314236527,0.56556845,-0.21255173,41.641083
G0592,28.67566530261789,77.34233349475635,0.22788411,0.12738422,49.03424
G0593,28.680174716531702,77.3424338701858,0.15025324,-0.0062086773,46.54251
G0594,28.68468412711797,77.34253426865781,0.23893006,-0.018772755,46.029816
G0595,28.689193534376283,77.3426346901766,0.24338382,-0.0017054301,46.231476
G0596,28.69370293830625,77.34273513474629,0.28376472,-0.09339791,46.72708
G0597,28.69821233890749,77.34283560237111,0.15783247,-0.011361948,45.24707
G0598,28.70272173617962,77.34293609305524,0.25585395,-0.012471194,44.90869
G0599,28.70723113012224,77.3430366068029,0.5049961,-0.11007693,43.336395
G0600,28.711740520734985,77.34313714361821,0.6241901,-0.21845436,40.43109
G0601,28.71624990801745,77.34323770350542,0.42041132,-0.0960891,43.640594
G0602,28.720759291969244,77.34333828646871,0.533141,-0.13164344,42.222137
G0603,28.725268672589987,77.34343889251227,0.6023418,-0.22926925,42.936493
G0604,28.729778049879297,77.3435395216403,0.3233022,0.011230679,45.934113
G0605,28.73428742383677,77.343640173857,0.45585018,-0.09254665,42.492157
G0606,28.73879679446205,77.34374084916655,0.6353898,-0.2687912,40.83441
G0607,28.743306161754727,77.34384154757318,0.23402119,-0.010005385,44.231903
G0608,28.747815525714408,77.34394226908108,0.2944238,0.0026155568,46.904816
G0609,28.752324886340723,77.34404301369446,0.64804226,-0.2485308,41.86325
G0610,28.75683424363329,77.34414378141751,0.3852304,-0.071482986,46.79886
G0611,28.761343597591686,77.34424457225444,0.27923447,0.034688797,44.648926
G0612,28.765852948215564,77.34434538620948,0.3907732,-0.105682485,43.832
G0613,28.77036229550452,77.34444622328681,0.38023457,0.032627765,42.461395
G0614,28.774871639458173,77.34454708349064,0.39135647,-0.049508337,44.4541
G0615,28.77938098007612,77.3446479668252,0.34194025,0.022238389,47.40384
G0616,28.783890317358,77.34474887329472,0.4342138,-0.09479455,43.66452
G0617,28.78839965130341,77.34484980290335,0.292935,-0.042577684,43.845673
G0618,28.79290898191198,77.34495075565539,0.4038925,-0.09204255,43.373993
G0619,28.797142346603287,77.34571959871113,0.29570857,0.040580623,43.29196
G0620,28.80115808529588,77.34687322826784,0.40785086,-0.058412127,43.189423
G0621,28.804251907399475,77.34773336156638,0.27228194,0.054030318,44.597656
G0622,28.632582806855904,77.34639828761173,0.20463856,-0.08309831,45.841827
G0623,28.634991968527352,77.34654246255467,0.35956773,-0.08593558,43.53122
G0624,28.63950139589734,77.34664284896618,0.22619684,-0.03956957,45.274414
G0625,28.644010819941883,77.34674325843272,0.45018628,-0.16107386,43.483368
G0626,28.648520240660588,77.34684369095845,0.5424364,-0.20298584,43.804657
G0627,28.65302965805307,77.34694414654756,0.19895709,0.0063737785,44.57373
G0628,28.657539072118944,77.34704462520422,0.53415453,-0.22020592,47.612335
G0629,28.662048482857816,77.34714512693262,0.43245834,-0.13390909,45.981964
G0630,28.66655789026929,77.34724565173696,0.102875814,0.00040078117,31.496368
G0631,28.671067294352987,77.34734619962143,0.19252919,-0.01686936,46.61429
G0632,28.67557669510854,77.34744677059018,0.42829603,-0.16033792,46.85013
G0633,28.68008609253552,77.34754736464744,0.23677218,-0.030333126,44.94629
G0634,28.684595486633565,77.3476479817974,0.31888583,-0.050988555,42.820282
G0635,28.689104877402283,77.34774862204424,0.20043704,-0.00880525,45.243652
G0636,28.69361426484127,77.34784928539216,0.18174982,0.007749894,46.788605
G0637,28.698123648950173,77.34794997184534,0.21529199,-0.008683616,45.588898
G0638,28.702633029728567,77.348050681408,0.27964044,-0.036097437,44.32419
G0639,28.70714240717609,77.34815141408434,0.5332047,-0.13176842,42.43747
G0640,28.71165178129233,77.34825216987855,0.59375393,-0.19388543,40.547302
G0641,28.716161152076936,77.34835294879483,0.5906907,-0.16586035,40.523376
G0642,28.720670519529484,77.34845375083738,0.37708962,-0.07350164,44.700195
G0643,28.7251798836496,77.3485545760104,0.4724765,-0.1337026,42.813446
G0644,28.729689244436905,77.34865542431812,0.42833406,-0.07240687,43.520966
G0645,28.734198601890995,77.34875629576474,0.47815025,-0.111229725,42.563934
G0646,28.738707956011496,77.34885719035447,0.2168364,0.0030854687,44.799316
G0647,28.74321730679802,77.3489581080915,0.64248514,-0.23849638,40.943787
G0648,28.74772665425017,77.34905904898004,0.37883705,-0.03577425,44.583984
G0649,28.75223599836757,77.34916001302433,0.38096425,-0.031462457,45.691437
G0650,28.756745339149827,77.34926100022857,0.4333862,-0.080328256,43.736298
G0651,28.76125467659655,77.34936201059696,0.3909289,-0.119367704,46.135773
G0652,28.765764010707368,77.34946304413374,0.2536744,0.035488848,46.61429
G0653,28.770273341481857,77.34956410084312,0.55966735,-0.20554538,42.375946
G0654,28.77478266891968,77.34966518072933,0.5184128,-0.12913394,43.96872
G0655,28.779291993020408,77.34976628379657,0.42445675,-0.07832844,44.730957
G0656,28.783801313783687,77.34986741004909,0.53836864,-0.14899886,44.94629
G0657,28.788310631209104,77.34996855949107,0.34409165,-0.02901413,44.74121
G0658,28.79281994529629,77.35006973212678,0.3463292,-0.0064665335,43.29538
G0659,28.797329256044844,77.35017092796042,0.32314345,-0.00043890116,43.914032
G0660,28.80183856345439,77.35027214699623,0.26383144,0.05513895,44.683105
G0661,28.804738341512103,77.34974023757526,0.32742563,-0.00016879028,45.418
G0662,28.632522826627845,77.35154075898676,0.1598676,-0.042983256,47.410675
G0663,28.63490331679996,77.35165374994159,0.20696601,-0.02599805,44.782227
G0664,28.639412727659646,77.35175435452601,0.32484168,-0.087514386,45.61966
G0665,28.64392213519252,77.35185498221549,0.22609074,0.0022835783,45.26416
G0666,28.648431539398175,77.35195563301421,0.23776102,-0.018897062,45.506866
G0667,28.65294094027624,77.35205630692637,0.20553565,-0.05233845,44.953125
G0668,28.657450337826305,77.35215700395615,0.15256459,0.024196966,48.839417
G0669,28.661959732047997,77.35225772410777,0.2120776,0.09900191,50.562103
G0670,28.66646912294091,77.3523584673854,0.17600907,-0.052605852,42.710907
G0671,28.67097851050468,77.35245923379325,0.5385611,-0.1921619,43.637177
G0672,28.6754878947389,77.35256002333551,0.20461735,-0.0156998,45.70169
G0673,28.67999727564318,77.3526608360164,0.2560436,-0.028235259,44.351532
G0674,28.684506653217152,77.35276167184009,0.26218414,-0.057698194,44.23532
G0675,28.68901602746041,77.3528625308108,0.1961392,0.008578994,44.587402
G0676,28.693525398372568,77.35296341293274,0.15148482,0.024670616,45.000977
G0677,28.69803476595325,77.3530643182101,0.19916037,0.07875527,46.046906
G0678,28.70254413020204,77.35316524664708,0.62405264,-0.22255863,40.663513
G0679,28.70705349111857,77.35326619824792,0.52844745,-0.09964892,43.975555
G0680,28.711562848702464,77.35336717301679,0.48844036,-0.13153824,44.515625
G0681,28.71607220295332,77.35346817095794,0.63819337,-0.23044702,40.40033
G0682,28.72058155387073,77.35356919207555,0.5233219,-0.1684874,43.121063
G0683,28.725090901454333,77.35367023637387,0.48564324,-0.05679008,44.23532
G0684,28.729600245703743,77.35377130385707,0.20877716,0.1182482,47.776398
G0685,28.734109586618548,77.3538723945294,0.34266338,-0.058160122,46.422882
G0686,28.738618924198384,77.35397350839506,0.3913367,-0.07410646,42.28708
G0687,28.743128258442862,77.35407464545827,0.28046903,0.015956141,42.143524
G0688,28.747637589351573,77.35417580572326,0.21667022,0.040146753,46.026398
G0689,28.75214691692415,77.35427698919425,0.3382944,-0.02759418,45.359863
G0690,28.7566562411602,77.35437819587546,0.47375104,-0.11584126,45.708527
G0691,28.76116556205933,77.3544794257711,0.58581644,-0.25434616,43.23044
G0692,28.76567487962116,77.35458067888541,0.39738846,-0.061480816,42.33493
G0693,28.7701841938453,77.35468195522263,0.3897231,-0.10622438,42.003387
G0694,28.77469350473136,77.354783254787,0.48074755,-0.09448951,45.513702
G0695,28.77920281227894,77.35488457758268,0.21172525,0.01768887,44.77539
G0696,28.78371211648768,77.35498592361397,0.5229742,-0.17560208,43.00827
G0697,28.788221417357175,77.35508729288507,0.2156299,0.069578245,45.807648
G0698,28.792730714887064,77.35518868540024,0.25635037,0.06618979,45.776886
G0699,28.79724091020206,77.35528797489314,0.3675024,-0.035541736,47.41751
G0700,28.80109620037075,77.3545290098508,0.37394097,-0.050869156,43.206512
G0701,28.804106809478483,77.35296271167957,0.4494663,-0.12706701,44.057587
G0702,28.63244483161504,77.3566781050292,0.15559088,-0.024826782,47.827667
G0703,28.634814472538054,77.35676501422763,0.20120893,-0.014249417,45.63675
G0704,28.63932386685162,77.35686583698077,0.25887182,-0.035997596,46.14261
G0705,28.64383325783699,77.35696668288901,0.22352059,0.014016887,45.561554
G0706,28.64834264549377,77.35706755195653,0.5569569,-0.26815444,41.080505
G0707,28.65285202982156,77.35716844418755,0.33418086,-0.10040968,44.81299
G0708,28.65736141081998,77.35726935958627,0.23911528,-0.016179284,48.24466
G0709,28.661870788488645,77.35737029815691,0.19738774,-0.016390827,48.398468
G0710,28.66638016282716,77.35747125990363,0.1664518,0.057266083,49.225647
G0711,28.670889533835133,77.35757224483068,0.2672336,-0.02362754,45.968292
G0712,28.67539890151219,77.35767325294225,0.27057868,0.019552499,44.078094
G0713,28.67990826585792,77.35777428424254,0.27412444,-0.09324805,45.07959
G0714,28.684417626871955,77.35787533873575,0.2901897,-0.09933684,45.240234
G0715,28.68892698455388,77.35797641642614,0.2371913,-0.05268985,46.648468
G0716,28.69343633890334,77.35807751731788,0.20564285,0.013525117,45.530792
G0717,28.697945689919923,77.35817864141521,0.4666675,-0.1407865,42.55368
G0718,28.702455037603247,77.35827978872231,0.64264476,-0.22629872,41.432587
G0719,28.706964381952925,77.35838095924343,0.5404874,-0.107614845,44.231903
G0720,28.711473722968577,77.3584821529828,0.15147898,0.058866363,47.598663
G0721,28.715983060649798,77.3585833699446,0.62828654,-0.23130761,40.376404
G0722,28.7204923949962,77.35868461013307,0.29613435,0.0024837244,45.510284
G0723,28.72500172600741,77.35878587355242,0.4677561,-0.04961369,44.68994
G0724,28.729511053683023,77.35888716020689,0.51919496,-0.1668709,42.256317
G0725,28.734020378022663,77.35898847010071,0.40809524,0.009320987,47.209015
G0726,28.73852969902594,77.3590898032381,0.38171133,-0.052962102,44.231903
G0727,28.74303901669246,77.35919115962328,0.22063532,0.042029407,46.40921
G0728,28.74754833102184,77.35929253926048,0.3065676,-0.009537581,46.19388
G0729,28.75205764201369,77.35939394215394,0.42720318,-0.07548123,42.328094
G0730,28.75656694966762,77.3594953683079,0.5054528,-0.13055724,41.709442
G0731,28.76107625398324,77.35959681772657,0.4412999,-0.098260984,43.1279
G0732,28.76558555496018,77.3596982904142,0.6623523,-0.28389004,39.802155
G0733,28.770094852598024,77.35979978637502,0.5198151,-0.22305737,43.16208
G0734,28.77460414689641,77.35990130561328,0.59971535,-0.19366996,42.13327
G0735,28.779113437854942,77.3600028481332,0.4271952,-0.12755863,44.529297
G0736,28.78362272547322,77.36010441393904,0.34851336,0.0108417375,44.871094
G0737,28.7878660899225,77.35968540227312,0.3219356,-0.009639566,45.951202
G0738,28.79233827614345,77.35807131506435,0.26527637,0.026794624,46.655304
G0739,28.797432627307916,77.35840452523357,0.27805245,0.03834483,45.71878
G0740,28.63236811188992,77.36173648247781,0.1667097,-0.01623621,47.28763
G0741,28.63472543574486,77.36187625536277,0.19999182,-0.049240917,44.90869
G0742,28.63923481347647,77.36197729628043,0.17903332,0.015302518,44.72412
G0743,28.643744187878504,77.36207836040322,0.56714225,-0.23204298,43.182587
G0744,28.64825355895056,77.36217944773534,0.21378914,-0.02173375,45.609406
G0745,28.65276292669225,77.36228055828104,0.22396429,-0.03913351,46.10843
G0746,28.657272291103187,77.36238169204448,0.30543286,-0.08490294,45.588898
G0747,28.661781652182984,77.36248284902993,0.20810877,-0.026541796,46.57669
G0748,28.66629100993124,77.36258402924155,0.34497356,-0.055182178,46.853546
G0749,28.67080036434757,77.36268523268359,0.20902404,0.06920253,48.572815
G0750,28.6753097154316,77.36278645936024,0.26120844,-0.058564655,45.493195
G0751,28.67981906318292,77.36288770927573,0.16289262,0.022224076,45.428253
G0752,28.68432840760116,77.36298898243429,0.23947905,-0.025793353,44.15329
G0753,28.68883774868592,77.36309027884012,0.41397125,-0.13967867,42.430634
G0754,28.6933470864368,77.36319159849747,0.38837087,-0.12144632,40.04483
G0755,28.69785642085344,77.36329294141052,0.6306893,-0.22663984,40.133698
G0756,28.70236575193541,77.36339430758355,0.5510729,-0.1601938,42.027313
G0757,28.70687507968237,77.36349569702074,0.32906732,-0.038479928,43.165497
G0758,28.71138440409389,77.36359710972633,0.44736794,-0.07524174,44.341278
G0759,28.715893725169604,77.36369854570458,0.6568135,-0.23663466,40.55072
G0760,28.720403042909115,77.36380000495967,0.3735204,-0.017082032,43.322723
G0761,28.724912357312025,77.36390148749585,0.5202612,-0.14230838,42.8237
G0762,28.729421668377977,77.36400299331737,0.20668839,0.07834275,45.571808
G0763,28.733930976106542,77.36410452242846,0.31746516,-0.009571544,42.52292
G0764,28.738440280497368,77.36420607483333,0.33285275,0.008433264,46.286163
G0765,28.74294958155004,77.36430765053626,0.30448556,-0.016277762,45.489777
G0766,28.747458879264187,77.36440924954145,0.43848196,-0.10121352,43.78073
G0767,28.7519681736394,77.36451087185316,0.59449553,-0.19346522,41.97946
G0768,28.75647746467532,77.36461251747562,0.55528855,-0.17872429,40.90619
G0769,28.76098675237153,77.36471418641308,0.5435383,-0.2204315,41.44626
G0770,28.76549603672765,77.36481587866979,0.41513073,-0.040045764,43.473114
G0771,28.77000531774329,77.36491759424997,0.52977437,-0.16990829,44.197723
G0772,28.774514595418097,77.36501933315789,0.2862962,0.035137743,48.7984
G0773,28.77902386975163,77.36512109539781,0.47667456,-0.12315798,45.19922
G0774,28.783533140743533,77.36522288097395,0.20467101,0.0784902,47.581573
G0775,28.786039940468267,77.36560171472132,0.36355233,-0.068180144,43.790985
G0776,28.632326294017854,77.36652012284749,0.15344658,-0.021365764,45.640167
G0777,28.634636206423576,77.366987473297,0.22302602,-0.02704772,43.71237
G0778,28.639145567537405,77.36708873237497,0.41404977,-0.14035489,44.618164
G0779,28.643654925320277,77.36719001470809,0.5746811,-0.21617822,42.615204
G0780,28.648164279771777,77.36729132030062,0.17279142,0.0016972993,46.347687
G0781,28.652673630891528,77.36739264915676,0.5401207,-0.31246784,43.336395
G0782,28.65718297867914,77.36749400128073,0.3224738,-0.07260764,45.858917
G0783,28.66169232313422,77.36759537667676,0.23546009,-0.033532694,45.995636
G0784,28.666201664256377,77.36769677534905,0.34464246,-0.11143873,47.492706
G0785,28.67071100204522,77.36779819730187,0.27694157,-0.048273448,46.993683
G0786,28.675220336500377,77.36789964253938,0.1446014,0.0023048846,46.785187
G0787,28.67972966762144,77.36800111106587,0.1521036,-0.007865359,46.282745
G0788,28.684238995408013,77.36810260288553,0.40557113,-0.15578038,44.498535
G0789,28.688748319859727,77.3682041180026,0.49490917,-0.16613974,43.2612
G0790,28.69325764097618,77.36830565642131,0.54297495,-0.17488606,42.10251
G0791,28.697766958756983,77.36840721814589,0.5898935,-0.17442599,40.67035
G0792,28.702276273201758,77.3685088031806,0.47545978,-0.1448256,42.382782
G0793,28.706785584310108,77.36861041152964,0.4478546,-0.042716976,45.766632
G0794,28.71129489208164,77.36871204319725,0.5172844,-0.13232878,43.285126
G0795,28.71580419651596,77.3688136981877,0.69182986,-0.2754512,40.020905
G0796,28.72031349761269,77.36891537650517,0.2901447,-0.013655894,42.769012
G0797,28.72482279537144,77.36901707815396,0.49515605,-0.14186448,42.74167
G0798,28.72933208979182,77.36911880313829,0.22160465,0.024932455,43.21335
G0799,28.73384138087344,77.3692205514624,0.19708559,0.10715589,44.351532
G0800,28.738350668615908,77.36932232313055,0.53908503,-0.19823942,43.131317
G0801,28.74285995301884,77.36942411814697,0.49192068,-0.1081661,43.654266
G0802,28.747369234081845,77.3695259365159,0.36318776,-0.066227525,43.151825
G0803,28.75187851180453,77.36962777824162,0.6022955,-0.23469366,41.921356
G0804,28.756387786186515,77.36972964332834,0.6241509,-0.2512724,40.56781
G0805,28.7608970572274,77.36983153178035,0.30369228,-0.022729974,47.667023
G0806,28.765406324926808,77.36993344360188,0.40646228,-0.076142065,44.4541
G0807,28.76991558928435,77.37003537879718,0.5417413,-0.21859655,42.60495
G0808,28.774424850299624,77.37013733737055,0.24332644,0.042821854,45.862335
G0809,28.77893410797225,77.37023931932619,0.3828012,-0.016943138,45.353027
G0810,28.78310330402405,77.37002117554027,0.3409902,-0.010059899,44.730957
G0811,28.786009343442966,77.3684457469134,0.44801098,-0.1242406,44.47119
G0812,28.632301396033004,77.37038727364907,0.20475015,-0.056245793,45.80423
G0813,28.634553193997093,77.37209387134715,0.24849533,-0.026243735,43.14499
G0814,28.63905612903764,77.3722001452143,0.4563475,-0.21265724,44.33786
G0815,28.64356547016552,77.37230164575358,0.35719448,-0.0910606,44.39258
G0816,28.64807480796063,77.37240316960226,0.20022623,-0.0015686436,45.964874
G0817,28.65258414242261,77.37250471676464,0.2247862,-0.0024942744,46.61087
G0818,28.657093473551047,77.3726062872449,0.28869444,-0.082554564,45.759796
G0819,28.661602801345577,77.3727078810473,0.37357357,-0.09638653,46.6929
G0820,28.666112125805785,77.37280949817607,0.22006358,-0.044248477,45.53421
G0821,28.6706214469313,77.37291113863542,0.23767936,0.052396744,49.57773
G0822,28.675130764721725,77.37301280242959,0.18875761,-0.0004570358,48.460022
G0823,28.679640079176664,77.37311448956282,0.34796882,-0.07360104,47.793488
G0824,28.684149390295733,77.37321620003937,0.35091126,-0.11505313,45.31543
G0825,28.68865869807855,77.37331793386343,0.46234414,-0.13532054,43.54489
G0826,28.693168002524704,77.37341969103929,0.45814174,-0.09271112,42.140106
G0827,28.697677303633824,77.37352147157117,0.38995126,-0.096178874,41.976044
G0828,28.702186601405515,77.3736232754633,0.42375252,-0.027461315,45.236816
G0829,28.70669589583938,77.37372510271994,0.41606954,0.005930228,46.84671
G0830,28.711205186935043,77.37382695334534,0.6969732,-0.26865518,38.434967
G0831,28.715714474692103,77.37392882734375,0.61556864,-0.21496025,39.419342
G0832,28.72022375911018,77.3740307247194,0.3149587,0.0058405674,45.968292
G0833,28.724733040188877,77.37413264547654,0.2752768,0.0058512385,44.85742
G0834,28.7292423179278,77.37423458961943,0.25390816,-0.023436867,44.65918
G0835,28.733751592326573,77.37433655715233,0.3488679,-0.082590476,45.12744
G0836,28.738260863384795,77.3744385480795,0.3356423,0.0024723872,45.899933
G0837,28.742770131102088,77.37454056240516,0.2966448,-0.040841587,43.31247
G0838,28.747279395478053,77.37464260013358,0.5569571,-0.2436096,44.686523
G0839,28.751788656512307,77.37474466126905,0.5803749,-0.18167633,42.153778
G0840,28.75629791420446,77.3748467458158,0.4534241,-0.1137007,41.572723
G0841,28.76080716855412,77.3749488537781,0.24649125,0.011914954,44.8916
G0842,28.7653164195609,77.3750509851602,0.23042361,0.08031419,45.284668
G0843,28.7698256672244,77.37515313996637,0.20473792,0.078249425,43.879852
G0844,28.77433491154425,77.37525531820089,0.57225305,-0.1819392,45.069336
G0845,28.77884415252005,77.375357519868,0.32387248,-0.04973005,44.7583
G0846,28.78188839468404,77.37487422324307,0.5432917,-0.24836539,45.356445
G0847,28.63451225955632,77.37720014482495,0.39920813,-0.121147834,43.069794
G0848,28.638966497980416,77.37731153474844,0.23498115,-0.012546251,45.335938
G0849,28.643475822417454,77.3774132534896,0.27310973,-0.049340043,45.640167
G0850,28.64798514352035,77.37751499559026,0.4675846,-0.12900467,44.990723
G0851,28.65249446128872,77.37761676105464,0.33968383,0.03791491,48.097687
G0852,28.65700377572216,77.37771854988696,0.17538348,-0.113629356,44.74121
G0853,28.66151308682029,77.37782036209151,0.32985038,-0.070466265,45.92386
G0854,28.66602239458271,77.37792219767248,0.33217877,-0.103803635,44.74463
G0855,28.67053169900904,77.37802405663413,0.17980003,0.007656553,45.021484
G0856,28.675041000098883,77.37812593898072,0.17298172,0.005322864,47.61917
G0857,28.67955029785185,77.37822784471648,0.21978787,-0.03712755,47.16458
G0858,28.68405959226756,77.37832977384565,0.2392793,0.095614076,48.791565
G0859,28.688568883345607,77.3784317263725,0.18451983,0.007900636,46.081085
G0860,28.6930781710856,77.37853370230125,0.4417,-0.036662407,41.422333
G0861,28.69758745548717,77.37863570163617,0.61008024,-0.19079727,39.381744
G0862,28.702096736549915,77.37873772438151,0.6774157,-0.24920388,40.793396
G0863,28.70660601427343,77.3788397705415,0.6688048,-0.2548753,38.83487
G0864,28.71111528865735,77.37894184012045,0.6810413,-0.2737144,39.03653
G0865,28.715624559701272,77.37904393312256,0.5903539,-0.22332515,39.952545
G0866,28.7201338274048,77.37914604955212,0.35328576,-0.02443917,43.685028
G0867,28.724643091767557,77.37924818941336,0.6319967,-0.23321074,38.510162
G0868,28.729152352789157,77.37935035271057,0.7465379,-0.37220854,38.537506
G0869,28.733661610469188,77.379452539448,0.41102037,-0.10679889,43.46286
G0870,28.73817086480728,77.3795547496299,0.45915303,-0.08063573,44.16696
G0871,28.742680115803037,77.37965698326057,0.28174067,0.013509517,46.959503
G0872,28.74718936345607,77.37975924034424,0.54886067,-0.15707858,41.49411
G0873,28.75169860776598,77.3798615208852,0.5110528,-0.15117875,45.92386
G0874,28.7562078487324,77.3799638248877,0.58953595,-0.20872265,41.1557
G0875,28.76071708635492,77.38006615235602,0.58317167,-0.20718636,42.933075
G0876,28.76522632063316,77.38016850329443,0.5756602,-0.20145695,44.87451
G0877,28.76973555156672,77.38027087770722,0.44943172,-0.12709922,40.878845
G0878,28.774244779155225,77.38037327559863,0.2758236,0.045748323,46.93216
G0879,28.778716097325525,77.38044738448511,0.5698615,-0.18359473,43.592743
G0880,28.781219691641628,77.37925956467035,0.5143403,-0.14123075,44.122528
G0881,28.634569962547005,77.38224133498464,0.36799332,-0.09373465,43.421844
G0882,28.638876674368955,77.38242290092732,0.38189423,-0.14053361,42.90915
G0883,28.64338598207934,77.38252483786616,0.20551144,0.013315859,43.937958
G0884,28.647895286454187,77.38262679821452,0.20584007,0.011444256,45.07617
G0885,28.652404587493105,77.38272878197667,0.25505593,-0.0015544983,46.169952
G0886,28.6569138851957,77.38283078915683,0.43471313,-0.10773783,47.36624
G0887,28.661423179561595,77.38293281975925,0.29504064,-0.042193227,45.01123
G0888,28.66593247059038,77.3830348737882,0.26673812,-0.06171662,45.035156
G0889,28.67044175828168,77.38313695124795,0.19466051,-0.00853192,45.80423
G0890,28.674951042635094,77.3832390521427,0.29544312,-0.024519812,50.897064
G0891,28.67946032365024,77.38334117647672,0.1836938,-0.010810454,48.46344
G0892,28.683969601326726,77.38344332425427,0.18167563,-0.0037253203,46.34427
G0893,28.688478875664156,77.38354549547964,0.18335256,0.0027052937,47.024445
G0894,28.69298814666213,77.38364769015703,0.57590556,-0.22644578,39.84659
G0895,28.69749741432028,77.38374990829075,0.54074186,-0.16714917,40.947205
G0896,28.7020066786382,77.38385214988504,0.46275923,-0.14803147,41.548798
G0897,28.7065159396155,77.38395441494416,0.4441949,-0.0791494,42.46823
G0898,28.711025197251807,77.38405670347237,0.6441626,-0.21603389,40.547302
G0899,28.71553445154671,77.38415901547394,0.3453003,-0.05503989,41.299255
G0900,28.72004370249982,77.38426135095312,0.5602841,-0.21606402,41.336884
G0901,28.72455295011075,77.38436370991423,0.56541675,-0.22569539,42.861298
G0902,28.72906219437913,77.38446609236148,0.6339668,-0.24606563,39.94229
G0903,28.733571435304533,77.38456849829919,0.5505256,-0.16919066,39.412506
G0904,28.7380806728866,77.38467092773159,0.6237079,-0.22295074,38.199127
G0905,28.742589907124927,77.38477338066298,0.39350757,-0.026495349,42.950165
G0906,28.747099138019124,77.38487585709761,0.6258231,-0.25731596,43.097137
G0907,28.75160836556881,77.38497835703978,0.38415727,-0.043050293,45.807648
G0908,28.756117589773588,77.38508088049379,0.6202584,-0.22011277,43.30905
G0909,28.76062681063306,77.38518342746386,0.47342864,-0.16852638,46.10843
G0910,28.76513602814685,77.38528599795431,0.33118275,-0.04358035,43.032196
G0911,28.76964524231456,77.38538859196942,0.2839975,0.036762744,42.710907
G0912,28.77415445313581,77.38549120951346,0.4503501,-0.09309942,41.84616
G0913,28.77842543623417,77.38550395194308,0.5046755,-0.13258943,45.2334
G0914,28.63501775632737,77.38728085644077,0.43748826,-0.04659907,44.259247
G0915,28.6387866582065,77.38753424370093,0.17358121,0.032707818,43.644012
G0916,28.6432959491544,77.38763639883318,0.22850022,-0.013921599,46.163116
G0917,28.64780523676536,77.38773857742501,0.26306418,0.03191104,45.708527
G0918,28.652314521039,77.38784077948068,0.17374226,0.0179257,45.462433
G0919,28.656823801974923,77.38794300500442,0.47400686,-0.124027945,44.358368
G0920,28.66133307957273,77.3880452540005,0.20455703,-0.18418509,42.09909
G0921,28.665842353832048,77.38814752647316,0.449091,-0.12216665,46.37845
G0922,28.670351624752467,77.38824982242672,0.2689049,-0.018746275,47.99173
G0923,28.67486089233361,77.38835214186538,0.20328341,0.041556038,47.06546
G0924,28.67937015657508,77.38845448479341,0.46217182,-0.15953475,45.790558
G0925,28.683879417476483,77.38855685121511,0.2456066,-0.0030166516,46.453644
G0926,28.68838867503743,77.38865924113473,0.49798405,-0.1429772,42.006805
G0927,28.69289792925753,77.38876165455652,0.43728024,-0.056935206,41.548798
G0928,28.69740718013639,77.38886409148476,0.3955474,-0.090432085,40.878845
G0929,28.70191642767363,77.38896655192373,0.6170268,-0.2422574,40.10977
G0930,28.706425671868843,77.3890690358777,0.5291771,-0.15809694,41.856415
G0931,28.710934912721655,77.38917154335091,0.29571322,0.03415657,47.58841
G0932,28.71544415023167,77.38927407434768,0.5423466,-0.21441044,38.838287
G0933,28.71995338439848,77.38937662887226,0.51340055,-0.1169768,42.53659
G0934,28.724462615221714,77.38947920692893,0.40392944,-0.21454607,39.12198
G0935,28.728971842700982,77.38958180852197,0.48249322,-0.10068511,44.44043
G0936,28.733481066835875,77.38968443365566,0.41377172,-0.07192055,42.601532
G0937,28.737990287626022,77.38978708233428,0.57694083,-0.15280035,42.170868
G0938,28.74249950507103,77.38988975456212,0.7283022,-0.35044116,36.51062
G0939,28.7470087191705,77.38999245034347,0.6390821,-0.24203888,38.6503
G0940,28.751517929924045,77.39009516968258,0.6389859,-0.23734288,41.71286
G0941,28.75602713733128,77.39019791258377,0.66479546,-0.23322292,39.28604
G0942,28.7605363413918,77.39030067905134,0.5245283,-0.10969893,45.000977
G0943,28.76504554210524,77.39040346908953,0.2721317,0.04650474,47.01761
G0944,28.76955473947118,77.39050628270269,0.32550326,-0.014721469,41.835907
G0945,28.77406393348925,77.39060911989506,0.2693871,0.05408526,42.205048
G0946,28.77763667898082,77.3903059816166,0.56452304,-0.22672433,41.907684
G0947,28.82513781138085,77.393697951995,0.31406778,-0.0075674895,49.047913
G0948,28.827817152549624,77.39280963541908,0.25393915,0.040939443,46.293
G0949,28.63558339969138,77.39208227465147,0.19014336,-0.0034596475,45.16162
G0950,28.638696449496297,77.3926455630192,0.25745806,-0.017487904,46.354523
G0951,28.64320572364588,77.39274793634064,0.30670348,0.012738297,45.7222
G0952,28.64771499445713,77.39285033317168,0.33869994,-0.018411573,44.38916
G0953,28.65222426192966,77.3929527535166,0.49669853,-0.12103235,42.464813
G0954,28.656733526063057,77.39305519737965,0.5663992,-0.2302635,40.376404
G0955,28.661242786856963,77.39315766476513,0.53870845,-0.15811889,44.01657
G0956,28.665752044310956,77.39326015567727,0.5299135,-0.15898314,47.106476
G0957,28.67026129842466,77.39336267012037,0.17564487,-0.002422409,44.553223
G0958,28.67477054919767,77.39346520809868,0.22342184,-0.027089853,45.65384
G0959,28.67927979662961,77.39356776961648,0.43583345,-0.08241957,44.074677
G0960,28.68378904072009,77.39367035467805,0.52163696,-0.15520753,40.960876
G0961,28.688298281468697,77.39377296328763,0.4901585,-0.13671182,41.196716
G0962,28.692807518875057,77.39387559544956,0.70073915,-0.3138199,40.810486
G0963,28.69731675293878,77.39397825116806,0.3818241,-0.032096457,41.876923
G0964,28.701825983659464,77.39408093044744,0.610701,-0.2830821,37.80948
G0965,28.706335211036723,77.39418363329197,0.45663172,-0.07892583,41.904266
G0966,28.71084443507017,77.39428635970592,0.44495332,-0.05446929,45.021484
G0967,28.71535365575941,77.3943891096936,0.4448766,-0.053035114,43.736298
G0968,28.71986287310405,77.39449188325929,0.41967863,-0.06930983,42.47165
G0969,28.7243720871037,77.39459468040725,0.45431572,-0.0760736,43.996063
G0970,28.72888129775797,77.3946975011418,0.46793005,-0.09103117,44.11911
G0971,28.733390505066478,77.3948003454672,0.674309,-0.30688512,40.933533
G0972,28.737899709028817,77.39490321338776,0.47448298,-0.09939579,42.65622
G0973,28.7424089096446,77.39500610490778,0.40520978,-0.05221551,46.02298
G0974,28.746918106913444,77.39510902003153,0.6168175,-0.23635617,39.47403
G0975,28.75142730083496,77.3952119587633,0.27106315,0.06566902,48.976135
G0976,28.75593649140875,77.39531492110741,0.49543527,-0.09577912,44.662598
G0977,28.76044567863442,77.39541790706815,0.4455764,-0.07095774,48.401886
G0978,28.764954862511583,77.39552091664982,0.22406656,0.09521,51.20468
G0979,28.769464043039854,77.39562394985671,0.43650872,-0.3049869,38.930573
G0980,28.773973220218835,77.39572700669314,0.4534587,-0.088391215,41.111267
G0981,28.777353274540637,77.3965092993784,0.34888124,-0.046997312,42.314423
G0982,28.802275764823968,77.39746341344193,0.4251349,-0.0439072,46.09134
G0983,28.805081227271117,77.39728760220129,0.3664243,0.010580412,45.876007
G0984,28.80866167911017,77.39865414890536,0.32447436,0.017197952,46.723663
G0985,28.823922502653964,77.39704116597602,0.49105063,-0.116826765,42.697235
G0986,28.82805345242725,77.39699387843967,0.4144336,-0.012899934,45.260742
G0987,28.83070444866216,77.39833281160948,0.3628054,0.01938043,44.25583
G0988,28.63572993498453,77.39857433318663,0.1486293,0.013795872,45.90677
G0989,28.63864019674582,77.39774924625263,0.43719995,-0.10691488,46.74417
G0990,28.64311530555705,77.39785945033847,0.28062704,0.024044814,46.12552
G0991,28.64762455953276,77.39796206540446,0.45338383,-0.124674186,43.961884
G0992,28.65213381016834,77.39806470403438,0.35910407,-0.040687058,44.20114
G0993,28.656643057463395,77.3981673662325,0.43135214,-0.0853841,45.284668
G0994,28.66115230141753,77.39827005200308,0.6470435,-0.2621125,39.535553
G0995,28.665661542030367,77.39837276135043,0.6338288,-0.3333674,41.183044
G0996,28.6701707793015,77.3984754942788,0.19477129,0.007428491,44.313934
G0997,28.674680013230557,77.3985782507925,0.5105647,-0.20371889,44.310516
G0998,28.679189243817103,77.39868103089577,0.19119573,-0.004563377,45.899933
G0999,28.6836984710608,77.39878383459292,0.29853666,0.041736674,44.512207
G1000,28.68820769496122,77.39888666188824,0.36303344,-0.08244108,44.546387
G1001,28.692716915517973,77.398989512786,0.6068421,-0.2485416,39.952545
G1002,28.697226132730687,77.39909238729048,0.62730455,-0.31456712,39.97647
G1003,28.70173534659896,77.399195285406,0.3015923,-0.06267846,45.80423
G1004,28.7062445571224,77.39929820713681,0.4353355,-0.117793515,43.22702
G1005,28.710753764300605,77.39940115248721,0.5017113,-0.11141219,43.066376
G1006,28.715262968133207,77.39950412146153,0.4239839,-0.012992149,42.04782
G1007,28.719772168619794,77.39960711406404,0.5611651,-0.11651658,40.311462
G1008,28.72428136575998,77.39971013029901,0.5258619,-0.18933374,42.584442
G1009,28.72879055955338,77.39981317017076,0.45131046,-0.1035034,43.182587
G1010,28.733299749999595,77.39991623368358,0.5985898,-0.20680098,41.986298
G1011,28.73780893709824,77.40001932084179,0.6527612,-0.24209225,43.41501
G1012,28.74231812084892,77.40012243164969,0.6993463,-0.29207832,40.458435
G1013,28.746827301251248,77.40022556611154,0.25602016,0.05004385,46.651886
G1014,28.75133647830482,77.4003287242317,0.42311335,-0.061251696,45.411163
G1015,28.75584565200927,77.40043190601443,0.3306555,-0.005905197,48.02591
G1016,28.760354822364175,77.40053511146405,0.27244085,0.07078731,47.742218
G1017,28.76486398936917,77.40063834058489,0.23135944,0.0869644,51.32431
G1018,28.769373153023853,77.40074159338123,0.4088053,-0.32516706,37.023315
G1019,28.77388231332784,77.4008448698574,0.53967446,-0.15378705,41.825653
G1020,28.778058616948996,77.401054995668,0.44778395,-0.07155736,42.60495
G1021,28.78068974652194,77.4034215609578,0.39821878,-0.034262154,44.08835
G1022,28.79358040889835,77.40359579189368,0.38668475,-0.029668696,42.844208
G1023,28.796682267360502,77.40317427373486,0.4335545,-0.07000452,43.39792
G1024,28.801093229719168,77.40162517878585,0.49608105,-0.09652958,41.35739
G1025,28.805446341603275,77.40156846858797,0.38119504,-0.0037620235,45.441925
G1026,28.80966163079877,77.40188228006217,0.55491644,-0.15178156,44.378906
G1027,28.81536212076301,77.403902341675,0.7748969,-0.4006225,38.6127
G1028,28.819183700060844,77.40275132068692,0.3894945,-0.0012167877,41.99997
G1029,28.823585187784506,77.40205185160687,0.5081698,-0.17850585,40.260162
G1030,28.82799197547877,77.40208603616857,0.30093142,0.04526837,45.61624
G1031,28.831994360695795,77.40284502837494,0.49876457,-0.13972189,45.04883
G1032,28.83539374972529,77.4039674035673,0.27060938,0.057241816,42.095673
G1033,28.850787613604894,77.40365844737897,0.27034658,0.06865633,45.065918
G1034,28.85455056900187,77.40407961570595,0.4026967,-0.10983718,41.54196
G1035,28.859736290655523,77.40513823572257,0.378226,-0.05486307,44.14987
G1036,28.862038007657304,77.40525737164322,0.42719615,-0.25711057,38.34268
G1037,28.874043956753876,77.4046991283897,0.3302029,-0.26243442,39.750885
G1038,28.876274153017583,77.40407036594529,0.4417305,-0.04516373,41.808563
G1039,28.63135651899081,77.4044407940004,0.17146486,0.0068528005,45.318848
G1040,28.634163881885424,77.40294387784027,0.12705357,0.020661721,45.21289
G1041,28.63851545444568,77.40286813108969,0.14795592,-0.031003037,46.67581
G1042,28.64302469489116,77.40297094077665,0.46124697,-0.15978695,42.751923
G1043,28.6475339319955,77.40307377407332,0.17422234,-0.074716225,43.247528
G1044,28.652043165758297,77.40317663098396,0.5573827,-0.20673044,41.692352
G1045,28.656552396179176,77.40327951151285,0.25197408,-0.042043433,42.123016
G1046,28.661061623257726,77.4033824156643,0.26612973,-0.057854608,43.606415
G1047,28.66557084699356,77.40348534344255,0.48017886,-0.16114281,41.6821
G1048,28.67008006738628,77.40358829485193,0.5987259,-0.24158444,41.1933
G1049,28.674589284435505,77.40369126989671,0.47333404,-0.19296035,41.801727
G1050,28.679098498140835,77.40379426858118,0.5868247,-0.27376437,39.74405
G1051,28.68360770850189,77.40389729090964,0.5830858,-0.2787366,41.86667
G1052,28.688116915518265,77.4040003368864,0.18937135,-0.013663061,43.98581
G1053,28.69262611918956,77.40410340651572,0.1821608,0.014286954,45.985382
G1054,28.697135319515404,77.40420649980189,0.47639742,-0.10954121,44.498535
G1055,28.701644516495392,77.40430961674923,0.50622755,-0.16124158,42.67331
G1056,28.706153710129144,77.40441275736205,0.5052457,-0.15511619,42.847626
G1057,28.71066290041625,77.40451592164463,0.42615503,-0.06382592,44.18405
G1058,28.715172087356333,77.40461910960128,0.51161397,-0.13767959,44.06784
G1059,28.71968127094899,77.40472232123629,0.33199415,-0.009146417,48.808655
G1060,28.724190451193834,77.40482555655399,0.3806676,-0.06831664,42.228973
G1061,28.72869962809048,77.40492881555865,0.4027244,-0.10143379,45.175293
G1062,28.73320880163852,77.40503209825461,0.6417646,-0.2574686,41.668427
G1063,28.737717971837583,77.40513540464615,0.5244313,-0.12030327,44.341278
G1064,28.742227138687262,77.40523873473761,0.4521738,-0.1178015,42.33493
G1065,28.746736302187173,77.40534208853329,0.36489853,-0.062051475,43.32614
G1066,28.75124546233692,77.40544546603749,0.3050467,0.018728556,46.96292
G1067,28.755754619136123,77.40554886725454,0.45568788,-0.07606882,42.5571
G1068,28.760263772584366,77.40565229218875,0.3604698,-0.069963686,44.625
G1069,28.764772922681285,77.40575574084443,0.32980677,0.025071172,43.955048
G1070,28.769282069426477,77.40585921322591,0.4440322,-0.08686612,43.17575
G1071,28.77379121281954,77.4059627093375,0.493557,-0.11380277,43.09372
G1072,28.7783003528601,77.40606622918352,0.5226947,-0.16006655,42.61862
G1073,28.782554290840796,77.40689988554323,0.68327564,-0.2516143,40.188385
G1074,28.78744121045548,77.40704476951264,0.58258265,-0.1983164,40.075592
G1075,28.791932427368465,77.40656887560475,0.6327287,-0.30279672,38.776764
G1076,28.796336879489417,77.40648054599849,0.42425337,-0.07060355,42.946747
G1077,28.800846002761563,77.40658418458158,0.41337088,-0.032376163,43.456024
G1078,28.80535512267886,77.40668784692504,0.32598495,-0.048074093,43.770477
G1079,28.809864239240905,77.40679153303324,0.2659437,0.052891534,48.10794
G1080,28.814407346286888,77.40703071128131,0.62205094,-0.19728243,37.90518
G1081,28.818882462297683,77.40699897656116,0.52722275,-0.13358137,44.481445
G1082,28.823391568791653,77.40710273398955,0.57513934,-0.21381629,41.808563
G1083,28.827900671928795,77.40720651519997,0.5190147,-0.17366217,37.23526
G1084,28.832409771708743,77.40731032019681,0.27452868,0.055732083,47.195343
G1085,28.835771331132086,77.40734532504285,0.29724294,0.046037585,48.02249
G1086,28.847557424907823,77.40881567586956,0.5262721,-0.12792687,39.05362
G1087,28.85045174484192,77.40773206562416,0.58625513,-0.1930057,36.07309
G1088,28.854955220236867,77.40782970212902,0.40006566,-0.03556674,41.870087
G1089,28.859464299865408,77.40793364993546,0.4458675,-0.075415105,42.509247
G1090,28.863775838633337,77.4084126614483,0.530608,-0.16412686,39.682526
G1091,28.868694056907863,77.40882657688904,0.25510615,0.08750127,46.214386
G1092,28.872997368833904,77.40825281222365,0.43793252,-0.044616967,43.879852
G1093,28.876355175204925,77.40857066503779,0.41832694,-0.050039623,43.924286
G1094,28.630744727554525,77.40813738629014,0.16250718,0.03188098,45.947784
G1095,28.63391544122993,77.40787637553393,0.20125885,0.007153322,46.66214
G1096,28.638424668111785,77.40797937974182,0.14022422,0.041277744,46.56302
G1097,28.64293389165148,77.40808240760515,0.18266085,-0.021926375,44.983887
G1098,28.647443111848627,77.40818545912822,0.28182188,-0.08751556,44.823242
G1099,28.651952328702816,77.40828853431529,0.3006325,-0.106690764,45.28125
G1100,28.656461542213663,77.40839163317067,0.45816666,-0.17383797,40.509705
G1101,28.660970752380788,77.40849475569867,0.5230302,-0.16642016,41.822235
G1102,28.665479959203772,77.40859790190356,0.498521,-0.12548599,43.589325
G1103,28.66998916268225,77.40870107178966,0.56133133,-0.17774248,42.810028
G1104,28.67449836281581,77.40880426536124,0.19109365,0.10435889,48.542053
G1105,28.67900755960407,77.40890748262262,0.44927648,-0.16014971,44.536133
G1106,28.68351675304664,77.40901072357809,0.20791833,-0.015667265,47.106476
G1107,28.688025943143103,77.40911398823198,0.23336294,-0.035511903,45.24707
G1108,28.692535129893084,77.40921727658855,0.21327116,-0.034199275,44.966797
G1109,28.6970443132962,77.40932058865212,0.62330204,-0.26631415,39.856842
G1110,28.701553493352048,77.40942392442702,0.27244607,-0.019884951,45.824738
G1111,28.70606267006024,77.40952728391753,0.4729696,-0.07819488,42.998016
G1112,28.710571843420368,77.40963066712797,0.22393373,-0.011976547,45.749542
G1113,28.71508101343206,77.40973407406265,0.48167837,-0.1442821,44.283173
G1114,28.719590180094915,77.40983750472589,0.33198768,-0.028890885,43.572235
G1115,28.72409934340854,77.40994095912197,0.26738304,0.043886267,44.905273
G1116,28.728608503372545,77.41004443725525,0.40261382,-0.07127637,47.427765
G1117,28.733117659986537,77.41014793913003,0.6699572,-0.26919124,43.39792
G1118,28.73762681325013,77.4102514647506,0.71235573,-0.31631646,41.89743
G1119,28.742135963162923,77.41035501412134,0.25435346,0.031128963,42.782684
G1120,28.74664510972452,77.4104585872465,0.4671207,-0.096898474,44.628418
G1121,28.75115425293454,77.41056218413044,0.32415295,-0.046207782,44.80957
G1122,28.75566339279259,77.4106658047775,0.23960748,0.07933342,47.543976
G1123,28.76017252929828,77.41076944919196,0.37187845,0.0039248127,48.904358
G1124,28.76468166245121,77.41087311737817,0.53169155,-0.15268055,44.05075
G1125,28.76919079225099,77.41097680934048,0.25582543,0.0761366,47.25345
G1126,28.77369991869724,77.41108052508318,0.33494332,0.019836912,45.927277
G1127,28.778209041789545,77.41118426461061,0.2881485,-0.27036217,40.403748
G1128,28.782718161527537,77.41128802792713,0.31823647,0.03425698,46.09134
G1129,28.787227277910816,77.41139181503704,0.69106925,-0.32296836,38.84854
G1130,28.79173639093899,77.41149562594468,0.65750104,-0.25647888,38.69815
G1131,28.79624550061166,77.4115994606544,0.3200332,-0.075866155,43.592743
G1132,28.800754606928464,77.41170331917053,0.36194614,-0.05427561,45.476105
G1133,28.80526370988897,77.4118072014974,0.25277543,0.07029643,45.60257
G1134,28.80977280949281,77.41191110763938,0.33302602,0.014583249,42.615204
G1135,28.81428190573958,77.41201503760077,0.41109803,-0.075837545,41.859833
G1136,28.81879099862892,77.41211899138594,0.3429645,-0.037647083,44.283173
G1137,28.823300088160405,77.41222296899923,0.31958464,0.02619491,44.802734
G1138,28.82780917433366,77.41232697044498,0.34502494,-0.048082523,40.308044
G1139,28.832318257148277,77.41243099572756,0.5046787,-0.17502554,39.949127
G1140,28.836368268399852,77.4129407511584,0.57325435,-0.15373026,40.140533
G1141,28.841757108020477,77.41413055773451,0.5530927,-0.16537419,40.87201
G1142,28.84597825804673,77.41296192769245,0.67413074,-0.25999027,35.509125
G1143,28.850354554812714,77.41284733531296,0.5390356,-0.17635415,40.287506
G1144,28.85486362082836,77.41295147984485,0.4148655,-0.022451049,45.09326
G1145,28.859372683483016,77.41305564823966,0.57402194,-0.2284278,41.941864
G1146,28.86388174277632,77.41315984050176,0.5564752,-0.12228781,40.93695
G1147,28.86839079870788,77.41326405663553,0.4990516,-0.1060355,40.967712
G1148,28.872899851277303,77.41336829664527,0.4116076,-0.050170943,46.36136
G1149,28.8768593193065,77.4136015427742,0.32041356,0.015901778,46.04007
G1150,28.630581052747864,77.41292248402036,0.15303476,0.060568918,48.69928
G1151,28.633824479301555,77.4129873824086,0.20271394,0.054105125,47.868683
G1152,28.638333689243208,77.41309060473853,0.13508031,0.022514667,47.376495
G1153,28.64284289584129,77.41319385077392,0.15690275,0.0017235917,47.718292
G1154,28.64735209909541,77.41329712051908,0.19302882,0.050761297,47.58499
G1155,28.65186129900517,77.41340041397831,0.19976887,-0.026780533,46.067413
G1156,28.656370495570165,77.41350373115588,0.34650975,-0.1032505,43.920868
G1157,28.66087968879002,77.41360707205615,0.21968192,-0.008424175,45.007812
G1158,28.66538887866433,77.41371043668339,0.18400982,0.022002729,45.035156
G1159,28.669898065192708,77.41381382504188,0.428417,-0.12039992,45.87259
G1160,28.674407248374763,77.41391723713598,0.18275048,0.03354338,49.3692
G1161,28.67891642821009,77.41402067296997,0.21812561,-0.031025019,47.273956
G1162,28.68342560469832,77.41412413254815,0.19797856,0.010219485,46.402374
G1163,28.68793477783903,77.41422761587485,0.20081718,-0.009358457,45.92386
G1164,28.69244394763184,77.41433112295438,0.24936369,-0.038512673,43.90036
G1165,28.696953114076365,77.41443465379105,0.41050676,-0.08092273,42.396454
G1166,28.70146227717221,77.41453820838917,0.21622124,0.022336395,46.23831
G1167,28.70597143691897,77.41464178675308,0.4027838,-0.08725518,43.421844
G1168,28.71048059331626,77.41474538888707,0.43928617,-0.11422113,42.659637
G1169,28.71498974636369,77.41484901479546,0.3429145,-0.0067247767,45.828156
G1170,28.719498896060863,77.4149526644826,0.30908954,-0.06323646,43.148407
G1171,28.724008042407394,77.41505633795279,0.41018477,-0.10142262,43.674774
G1172,28.72851718540288,77.41516003521036,0.2698294,-0.011123324,46.03665
G1173,28.73302632504694,77.41526375625962,0.51954824,-0.12589087,43.842255
G1174,28.737535461339167,77.41536750110494,0.47856984,-0.10289006,45.185547
G1175,28.74204459427918,77.41547126975058,0.24092856,0.05702198,48.169464
G1176,28.746553723866576,77.41557506220094,0.3493155,-0.0280063,44.341278
G1177,28.751062850100976,77.4156788784603,0.3468741,-0.0026279895,47.810577
G1178,28.755571972981983,77.41578271853302,0.5733274,-0.2155984,41.856415
G1179,28.7600810925092,77.41588658242343,0.43322715,-0.06729614,41.39157
G1180,28.764590208682247,77.41599047013585,0.49206096,-0.11517466,46.96292
G1181,28.76909932150071,77.41609438167465,0.31104732,0.032124676,49.126526
G1182,28.773608430964227,77.41619831704412,0.6505149,-0.24836871,42.663055
G1183,28.778117537072376,77.41630227624864,0.65934086,-0.2431258,38.291412
G1184,28.78262663982478,77.41640625929253,0.4420195,-0.10500785,46.918488
G1185,28.78713573922105,77.41651026618015,0.49696872,-0.08596728,41.82907
G1186,28.79164483526079,77.41661429691581,0.49083063,-0.1301138,42.04782
G1187,28.79615392794361,77.41671835150389,0.4736604,-0.0725861,44.013153
G1188,28.80066301726912,77.41682242994874,0.5462962,-0.17741303,44.713867
G1189,28.805172103236927,77.41692653225466,0.33860937,0.0051280754,46.9971
G1190,28.80968118584662,77.41703065842607,0.3496335,0.010346929,46.17679
G1191,28.81419026509784,77.41713480846725,0.566724,-0.26091567,39.111725
G1192,28.81869934099017,77.41723898238261,0.5564202,-0.20412202,39.586823
G1193,28.82320841352324,77.41734318017646,0.582993,-0.23617506,40.055084
G1194,28.827717482696645,77.41744740185318,0.62083894,-0.26228696,40.4516
G1195,28.83222654850998,77.41755164741713,0.4235003,-0.06734677,43.907196
G1196,28.83673561096289,77.41765591687265,0.6345511,-0.27259353,44.53955
G1197,28.841244670054955,77.41776021022412,0.47270003,-0.090234,42.293915
G1198,28.8457537257858,77.41786452747588,0.5544118,-0.18883039,40.424255
G1199,28.85026277815502,77.4179688686323,0.312755,0.009938453,45.34619
G1200,28.85477182716224,77.41807323369775,0.45556164,-0.064159535,44.823242
G1201,28.85928087280705,77.4181776226766,0.3567383,-0.045923546,44.190887
G1202,28.863789915089065,77.41828203557318,0.5234242,-0.13705513,41.976044
G1203,28.8682989540079,77.4183864723919,0.5824836,-0.23923808,42.23581
G1204,28.87280798956317,77.41849093313712,0.33875304,0.0142236985,45.995636
G1205,28.877273070791983,77.41863572624928,0.49794617,-0.1418303,42.529755
G1206,28.881129961246657,77.4203931860712,0.3511605,0.008869918,48.282257
G1207,28.88647251843618,77.42110877161296,0.45583928,-0.07684269,40.865173
G1208,28.6265201042491,77.41977458022589,0.15506272,0.020977661,45.985382
G1209,28.629458499308324,77.41823197157065,0.16331376,0.023190847,45.831573
G1210,28.633733324877596,77.41809836558208,0.18702322,0.026071394,47.496124
G1211,28.63824251784322,77.41820180602976,0.12382431,0.033906132,48.907776
G1212,28.64275170746388,77.41830527023292,0.13754292,0.03473383,48.846252
G1213,28.64726089373914,77.41840875819588,0.3052009,-0.086231485,46.149445
G1214,28.651770076668623,77.41851226992296,0.29809138,-0.08183991,45.322266
G1215,28.65627925625194,77.41861580541844,0.32970285,-0.037735723,46.665558
G1216,28.6607884324887,77.41871936468665,0.15214217,0.00973787,47.410675
G1217,28.665297605378484,77.41882294773191,0.32235786,-0.11129648,45.21631
G1218,28.66980677492093,77.41892655455854,0.20426854,-0.025550172,46.34085
G1219,28.674315941115637,77.41903018517083,0.37950432,-0.122913666,45.612823
G1220,28.678825103962183,77.4191338395731,0.15053491,0.0025236935,46.41263
G1221,28.683334263460228,77.41923751776969,0.13562989,0.027392192,46.658722
G1222,28.68784341960933,77.41934121976492,0.27871266,0.008255889,46.69632
G1223,28.69235257240912,77.41944494556307,0.1697,0.017015228,46.14261
G1224,28.696861721859197,77.41954869516852,0.20952445,0.001982283,46.66214
G1225,28.701370867959163,77.41965246858557,0.24652338,-0.022304727,45.848663
G1226,28.70588001070863,77.41975626581855,0.501043,-0.14224258,42.99118
G1227,28.71038915010722,77.41986008687176,0.40733522,-0.008957774,46.002472
G1228,28.714898286154515,77.41996393174956,0.40812388,-0.07375845,44.078094
G1229,28.71940741885014,77.42006780045627,0.23914042,0.06453847,44.310516
G1230,28.72391654819368,77.42017169299623,0.3705299,-0.06551299,43.73288
G1231,28.728425674184777,77.42027560937376,0.5231198,-0.11963982,44.512207
G1232,28.732934796823,77.42037954959319,0.23835856,0.051699866,46.77835
G1233,28.737443916107992,77.4204835136589,0.21324897,0.10222706,48.87018
G1234,28.741953032039337,77.42058750157517,0.38405386,-0.06493349,43.84909
G1235,28.746462144616647,77.42069151334636,0.33727586,0.010424427,46.91507
G1236,28.75097125383953,77.42079554897681,0.21847114,0.069494344,48.31302
G1237,28.755480359707597,77.42089960847088,0.39568508,-0.06714756,44.47461
G1238,28.75998946222045,77.42100369183288,0.45708483,-0.095573604,39.59024
G1239,28.764498561377696,77.42110779906717,0.65733296,-0.24972509,40.68744
G1240,28.769007657178943,77.42121193017812,0.5751334,-0.1942134,44.696777
G1241,28.77351674962381,77.42131608517003,0.6843746,-0.2557586,39.214264
G1242,28.778025838711887,77.42142026404728,0.24144915,0.088682465,46.8638
G1243,28.7825349244428,77.4215244668142,0.277052,0.04747487,46.49466
G1244,28.78704400681614,77.42162869347518,0.5414614,-0.17076696,42.48532
G1245,28.791553085831524,77.42173294403455,0.33131474,-0.040289093,44.194305
G1246,28.796062161488564,77.42183721849665,0.35914934,-0.03270681,43.220184
G1247,28.800571233786854,77.42194151686583,0.5762231,-0.17428531,41.094177
G1248,28.80508030272601,77.42204583914649,0.46992734,-0.09548239,43.5654
G1249,28.80958936830564,77.42215018534296,0.259494,0.029693967,40.342224
G1250,28.814098430525355,77.42225455545959,0.41532674,-0.09714368,40.90619
G1251,28.818607489384764,77.42235894950076,0.41975912,-0.059992503,44.358368
G1252,28.82311654488346,77.42246336747083,0.604905,-0.31510836,43.907196
G1253,28.82762559702109,77.42256780937416,0.6675876,-0.2892196,42.003387
G1254,28.8321346457972,77.42267227521512,0.59154445,-0.21130137,39.631256
G1255,28.83664369121144,77.42277676499809,0.5172599,-0.15042895,42.87155
G1256,28.84115273326342,77.42288127872742,0.65097237,-0.2393393,40.328552
G1257,28.845661771952734,77.42298581640746,0.4934488,-0.107664496,41.750458
G1258,28.85017080727901,77.42309037804262,0.4793241,-0.08853298,45.554718
G1259,28.854679839241832,77.42319496363726,0.543687,-0.1744333,41.935028
G1260,28.85918886784082,77.42329957319576,0.30891722,-0.028124625,44.94287
G1261,28.86369789307558,77.42340420672247,0.2682248,0.006590091,44.334442
G1262,28.86820691494573,77.4235088642218,0.5256541,-0.14731698,42.919403
G1263,28.872715933450877,77.42361354569812,0.6042225,-0.20394109,42.567352
G1264,28.8772249485906,77.42371825115579,0.524872,-0.20955077,44.32419
G1265,28.881733960364556,77.42382298059921,0.24618658,0.096956514,51.27304
G1266,28.88623695993703,77.423960230906,0.6141409,-0.29475027,36.34314
G1267,28.88955417959392,77.4247028402006,0.45275968,-0.10628071,43.98581
G1268,28.626044557119695,77.42303561635627,0.30215278,-0.033533745,47.024445
G1269,28.62913279866153,77.42310569024448,0.2245141,0.003926908,46.286163
G1270,28.633641977961336,77.4232093250044,0.13167405,0.031757206,48.036163
G1271,28.63815115391513,77.42331298356551,0.1275275,0.021663537,48.822327
G1272,28.642660326522517,77.42341666593212,0.21830077,-0.038246945,48.131866
G1273,28.647169495783103,77.42352037210858,0.18370497,-0.03854619,47.697784
G1274,28.651678661696494,77.42362410209918,0.53626895,-0.19923247,45.270996
G1275,28.656187824262293,77.42372785590825,0.28826195,-0.04871891,47.444855
G1276,28.66069698348011,77.42383163354012,0.15101594,0.04219015,46.484406
G1277,28.665206139349547,77.4239354349991,0.14388548,0.06435173,48.569397
G1278,28.66971529187021,77.4240392602895,0.16334122,0.062138896,48.979553
G1279,28.67422444104172,77.42414310941568,0.14611273,0.018576393,46.08792
G1280,28.678733586863668,77.42424698238193,0.19177088,-0.014996316,46.27249
G1281,28.683242729335657,77.42435087919259,0.16543764,0.018002287,46.44339
G1282,28.687751868457298,77.424454799852,0.22532694,-0.009219252,46.6929
G1283,28.6922610042282,77.4245587443645,0.28030968,0.015811885,45.376953
G1284,28.69677013664797,77.4246627127344,0.43888786,-0.0899372,44.884766
G1285,28.701279265716213,77.42476670496603,0.18694502,-0.07196786,42.92282
G1286,28.70578839143253,77.42487072106374,0.3204724,-0.078095496,44.47119
G1287,28.710297513796537,77.42497476103188,0.23509789,0.052365877,47.612335
G1288,28.71480663280784,77.42507882487475,0.40777302,-0.03803297,45.1958
G1289,28.71931574846603,77.4251829125967,0.22785093,0.07005241,47.766144
G1290,28.723824860770726,77.42528702420209,0.2305415,0.04837282,47.626007
G1291,28.728333969721543,77.42539115969525,0.42114756,-0.07758631,46.07425
G1292,28.73284307531807,77.42549531908053,0.4923203,-0.17736003,45.797394
G1293,28.737352177559924,77.42559950236227,0.21272762,0.07399988,46.986847
G1294,28.741861276446716,77.42570370954482,0.24752821,0.04009242,48.272003
G1295,28.746370371978035,77.42580794063251,0.24676691,0.066734366,48.34378
G1296,28.75087946415351,77.4259121956297,0.22072741,0.042746235,45.930695
G1297,28.75538855297274,77.42601647454077,0.42150202,-0.09830282,43.845673
G1298,28.75989763843532,77.42612077737004,0.62437135,-0.2819006,41.077087
G1299,28.76440672054088,77.42622510412185,0.43173498,-0.11955518,43.483368
G1300,28.768915799289005,77.4263294548006,0.59788245,-0.2965319,44.040497
G1301,28.77342487467931,77.42643382941061,0.39713925,-0.05571445,44.08493
G1302,28.7779339467114,77.42653822795624,0.36792493,-0.013055957,45.547882
G1303,28.782443015384896,77.42664265044186,0.5258441,-0.14779256,44.604492
G1304,28.7869520806994,77.42674709687184,0.39961788,-0.04039942,45.069336
G1305,28.791461142654505,77.42685156725052,0.6314949,-0.24236889,43.435516
G1306,28.79597020124983,77.42695606158229,0.5188615,-0.15621644,42.92282
G1307,28.80047925648498,77.42706057987148,0.4810312,-0.092289664,43.910614
G1308,28.80498830835958,77.42716512212249,0.60186845,-0.20334215,42.581024
G1309,28.8094973568732,77.42726968833968,0.56939095,-0.18790498,43.74997
G1310,28.814006402025477,77.42737427852738,0.5148827,-0.106805645,40.04483
G1311,28.818515443816008,77.42747889269002,0.46496204,-0.092014864,40.02774
G1312,28.823024482244413,77.42758353083195,0.6214558,-0.26773638,38.34268
G1313,28.82753351731028,77.42768819295752,0.66363937,-0.32772526,40.239655
G1314,28.832042549013217,77.42779287907113,0.65012354,-0.27499697,39.952545
G1315,28.83655157735286,77.42789758917715,0.586533,-0.1872397,41.928192
G1316,28.84106060232881,77.42800232327997,0.43438014,-0.09965341,41.66159
G1317,28.84556962394064,77.42810708138394,0.5868861,-0.2552928,42.03415
G1318,28.85007864218799,77.42821186349346,0.47862145,-0.14246085,44.515625
G1319,28.854587657070468,77.42831666961291,0.43792486,-0.060775694,41.22406
G1320,28.859096668587668,77.42842149974669,0.5204903,-0.1853996,41.928192
G1321,28.863605676739198,77.42852635389916,0.55993706,-0.164199,40.827576
G1322,28.868114681524688,77.42863123207471,0.37195504,-0.0391432,43.602997
G1323,28.87262368294372,77.42873613427773,0.31317446,0.00671969,40.608826
G1324,28.87713268099592,77.42884106051262,0.504986,-0.16309106,40.588318
G1325,28.88164167568088,77.42894601078378,0.48273712,-0.09816044,43.623505
G1326,28.886150666998223,77.42905098509556,0.51982045,-0.15799272,39.45694
G1327,28.890597333447296,77.42924437772744,0.6676022,-0.3132114,40.909607
G1328,28.89500769796872,77.43030382043513,0.30213153,0.053084936,45.85208
G1329,28.89942411605922,77.43090202226763,0.5263557,-0.26770446,45.90677
G1330,28.903038482486043,77.43143727437501,0.3914259,-0.054287646,43.74655
G1331,28.62583381999037,77.4284186666928,0.33072758,-0.12014489,44.344696
G1332,28.62904127630251,77.42821640780649,0.3792557,-0.04738811,44.580566
G1333,28.63355043855607,77.4283202606255,0.35334593,-0.022997135,47.342316
G1334,28.63805959746221,77.42842413729574,0.20317373,-0.014035655,50.23056
G1335,28.64256875302052,77.42852803782151,0.17784882,0.0070943665,47.557648
G1336,28.6470779052306,77.42863196220712,0.19736919,-5.8285797e-05,47.212433
G1337,28.651587054092065,77.42873591045695,0.22010761,-0.016088895,48.354034
G1338,28.656096199604526,77.42883988257529,0.32074332,-0.081411004,48.42923
G1339,28.660605341767575,77.42894387856647,0.19050883,0.05893526,49.516205
G1340,28.66511448058082,77.42904789843485,0.14741799,0.05021367,47.800323
G1341,28.66962361604387,77.42915194218472,0.1648871,0.033886388,47.89261
G1342,28.67413274815633,77.42925600982043,0.19905633,0.020852657,47.157745
G1343,28.67864187691781,77.42936010134635,0.316644,-0.054263618,48.740295
G1344,28.68315100232792,77.42946421676676,0.3879365,-0.121335454,46.313507
G1345,28.687660124386245,77.42956835608604,0.18296781,0.0050313617,46.682648
G1346,28.69216924309241,77.42967251930853,0.24802041,0.0011924591,46.809113
G1347,28.69667835844601,77.42977670643853,0.40679222,-0.09751583,46.286163
G1348,28.701187470446666,77.42988091748043,0.21433006,0.0028034598,43.924286
G1349,28.705696579093967,77.42998515243853,0.24444152,-0.008252069,44.334442
G1350,28.710205684387525,77.43008941131723,0.25991082,-0.002798656,45.353027
G1351,28.71471478632696,77.43019369412082,0.5233457,-0.146462,44.194305
G1352,28.71922388491185,77.4302980008537,0.267764,0.0147516085,44.358368
G1353,28.723732980141826,77.43040233152018,0.4225134,-0.09158137,43.350067
G1354,28.72824207201648,77.43050668612463,0.41985133,-0.08876919,42.13327
G1355,28.732751160535415,77.4306110646714,0.37793192,-0.059719928,45.17871
G1356,28.737260245698263,77.43071546716484,0.37470117,-0.09952935,44.816406
G1357,28.741769327504606,77.43081989360931,0.3286834,-0.05115229,42.208466
G1358,28.74627840595406,77.43092434400916,0.21579364,0.06943148,48.466858
G1359,28.750787481046224,77.43102881836877,0.45370704,-0.059695557,44.08835
G1360,28.75529655278072,77.43113331669247,0.40255776,-0.084658444,40.639587
G1361,28.75980562115713,77.43123783898463,0.50380695,-0.16734517,40.748962
G1362,28.76431468617509,77.43134238524964,0.5962274,-0.20543537,42.61862
G1363,28.768823747834187,77.43144695549181,0.43328384,-0.10185829,44.279755
G1364,28.77333280613404,77.43155154971555,0.44921836,-0.0670642,44.57373
G1365,28.777841861074236,77.43165616792521,0.5099093,-0.15219773,42.239227
G1366,28.7823509126544,77.43176081012517,0.69174325,-0.28914696,41.572723
G1367,28.78685996087413,77.43186547631979,0.52687997,-0.15377003,42.529755
G1368,28.79136900573305,77.43197016651344,0.41351426,-0.036800593,43.691864
G1369,28.795878047230747,77.43207488071049,0.34540492,-0.0033683546,44.89502
G1370,28.800387085366832,77.43217961891533,0.3208325,0.011413579,45.253906
G1371,28.80489612014092,77.43228438113232,0.5664167,-0.2531961,40.810486
G1372,28.809405151552607,77.43238916736584,0.5889661,-0.2493804,39.26895
G1373,28.813914179601515,77.43249397762028,0.5959131,-0.20503879,41.89743
G1374,28.818423204287235,77.43259881190001,0.54280764,-0.13806643,39.162994
G1375,28.822932225609392,77.43270367020939,0.3326448,0.003035497,40.87201
G1376,28.82744124356758,77.43280855255283,0.5619392,-0.18325229,43.825165
G1377,28.83195025816141,77.43291345893472,0.43586057,-0.269299,39.197174
G1378,28.836459269390488,77.43301838935943,0.64039326,-0.2762572,40.03116
G1379,28.840968277254422,77.43312334383134,0.3896632,-0.16617933,41.63083
G1380,28.845477281752828,77.43322832235488,0.49207193,-0.1446006,44.300262
G1381,28.849986282885304,77.43333332493438,0.22503445,0.07931175,44.21823
G1382,28.854495280651463,77.43343835157427,0.6177156,-0.23026738,42.75876
G1383,28.859004275050907,77.43354340227893,0.54503834,-0.21636929,41.07025
G1384,28.86351326608325,77.43364847705276,0.5796603,-0.18824723,42.533173
G1385,28.86802225374809,77.43375357590014,0.42698547,-0.05641465,41.299255
G1386,28.87253123804506,77.4338586988255,0.58308506,-0.18592864,41.046326
G1387,28.877040218973733,77.4339638458332,0.37722588,-0.04553024,43.961884
G1388,28.88154919653374,77.43406901692768,0.37576443,-0.03723361,43.438934
G1389,28.886058170724688,77.4341742121133,0.6130394,-0.24798019,41.152283
G1390,28.890567141546175,77.43427943139449,0.2816623,0.058006514,45.571808
G1391,28.895076108997817,77.43438467477564,0.5452528,-0.15131198,43.032196
G1392,28.89958507307922,77.43448994226118,0.49151373,-0.13210985,41.856415
G1393,28.9040184291966,77.43468177840064,0.3609056,-0.006040684,45.206055
G1394,28.90834256725907,77.43586230339359,0.55109483,-0.13860375,40.475525
G1395,28.91234365139308,77.43671345142262,0.48958078,-0.12845972,46.07425
G1396,28.62482385821749,77.43352593405542,0.20374806,-0.076453395,45.865753
G1397,28.6289495614936,77.4333271015216,0.27104217,0.053549286,46.2554
G1398,28.633458706665117,77.4334311723954,0.28749278,-0.00483874,49.345276
G1399,28.637967848487765,77.43353526717043,0.116186254,-0.0026825587,50.729584
G1400,28.642476986961174,77.43363938585101,0.20628989,0.08955968,53.00598
G1401,28.646986122084936,77.43374352844148,0.3027727,0.00094972627,48.542053
G1402,28.651495253858645,77.4338476949462,0.23575266,-0.011314631,46.210968
G1403,28.656004382281928,77.43395188536947,0.20318058,-0.03555895,47.543976
G1404,28.660513507354377,77.43405609971566,0.1545414,0.045341577,48.65143
G1405,28.66502262907559,77.43416033798908,0.27669388,-0.05505492,47.6055
G1406,28.66953174744519,77.43426460019408,0.14550227,0.01570311,47.50638
G1407,28.67404086246277,77.43436888633502,0.3287065,-0.009431641,46.012726
G1408,28.678549974127947,77.43447319641623,0.35544053,-0.05699797,45.68802
G1409,28.68305908244032,77.43457753044207,0.21424842,-0.0014640583,47.479034
G1410,28.68756818739948,77.43468188841688,0.2606755,0.05384117,48.962463
G1411,28.69207728900505,77.434786270345,0.22182234,0.0002773693,46.973175
G1412,28.69658638725664,77.43489067623078,0.22790094,-0.057136573,43.695282
G1413,28.70109548215384,77.43499510607859,0.34096888,-0.066974334,43.09372
G1414,28.705604573696263,77.43509955989276,0.16855617,0.027037634,43.620087
G1415,28.710113661883508,77.43520403767766,0.28402895,-0.0611031,43.654266
G1416,28.7146227467152,77.43530853943764,0.47635642,-0.10013834,43.620087
G1417,28.71913182819092,77.43541306517709,0.2894675,0.024088867,46.52542
G1418,28.723640906310287,77.4355176149003,0.32208407,-0.0012246935,46.839874
G1419,28.728149981072917,77.43562218861169,0.4462095,-0.085222185,44.38916
G1420,28.732659052478397,77.4357267863156,0.22097781,0.08305248,49.02057
G1421,28.73716812052634,77.43583140801638,0.3422446,-0.08938106,46.00589
G1422,28.741677185216357,77.43593605371842,0.32295844,0.0046980223,47.465363
G1423,28.74618624654805,77.43604072342607,0.31331193,0.0058387923,48.272003
G1424,28.750695304521017,77.4361454171437,0.23616588,0.060227983,44.87451
G1425,28.75520435913488,77.43625013487569,0.2889632,0.018784331,45.927277
G1426,28.759713410389224,77.43635487662641,0.26080504,-0.024409207,44.57373
G1427,28.764222458283683,77.4364596424002,0.3403284,-0.027240114,44.65576
G1428,28.76873150281784,77.43656443220146,0.34500837,-0.021216359,43.78073
G1429,28.773240543991328,77.43666924603457,0.30554926,-0.00074059336,45.879425
G1430,28.77774958180372,77.4367740839039,0.31249672,-0.052377105,40.595154
G1431,28.78225861625464,77.43687894581382,0.489022,-0.13077965,41.938446
G1432,28.78676764734369,77.4369838317687,0.57281536,-0.2984554,41.05316
G1433,28.791276675070492,77.43708874177294,0.28885102,0.015526135,43.64743
G1434,28.79578569943464,77.43719367583093,0.6753925,-0.30907384,41.788055
G1435,28.80029472043573,77.43729863394702,0.3295952,0.0132379625,44.635254
G1436,28.804803738073392,77.43740361612562,0.6221408,-0.21752754,39.850006
G1437,28.80931275234721,77.4375086223711,0.3713364,-0.028055117,45.947784
G1438,28.8138217632568,77.43761365268787,0.7025518,-0.3317749,39.347565
G1439,28.818330770801797,77.4377187070803,0.6903103,-0.32224858,38.308502
G1440,28.82283977498176,77.43782378555278,0.43469107,-0.090341315,40.65326
G1441,28.82734877579632,77.43792888810971,0.33904752,-0.0203455,42.90573
G1442,28.83185777324507,77.43803401475549,0.42415863,-0.08874891,41.706024
G1443,28.836366767327647,77.4381391654945,0.47743478,-0.15164797,41.856415
G1444,28.840875758043644,77.43824434033114,0.5509059,-0.18663491,40.77289
G1445,28.84538474539265,77.43834953926982,0.45994544,-0.13197471,41.54538
G1446,28.849893729374287,77.43845476231492,0.31033793,0.018590739,44.4917
G1447,28.85440270998817,77.43856000947083,0.451129,-0.072245665,42.58786
G1448,28.858911687233903,77.438665280742,0.38618118,-0.0260679,41.13861
G1449,28.86342066111108,77.43877057613278,0.28643993,0.021462733,43.04245
G1450,28.86792963161932,77.43887589564763,0.57715267,-0.24390927,41.353973
G1451,28.87243859875823,77.4389812392909,0.32178363,-0.018673524,43.978973
G1452,28.876947562527423,77.43908660706703,0.548139,-0.180212,40.461853
G1453,28.881456522926488,77.43919199898042,0.30765653,0.041200306,45.21289
G1454,28.885965479955043,77.43929741503548,0.53704363,-0.16470069,43.555145
G1455,28.890474433612702,77.43940285523664,0.32650396,0.0151034,44.703613
G1456,28.894983383899067,77.43950831958828,0.34057432,-0.006848596,43.68161
G1457,28.899492330813747,77.43961380809483,0.6157534,-0.21631378,39.771393
G1458,28.904001274356347,77.43971932076072,0.4080184,-0.068410926,41.535126
G1459,28.908510214526476,77.43982485759035,0.39576143,-0.031466074,44.259247
G1460,28.91301915132375,77.43993041858816,0.36408785,-0.015189876,42.516083
G1461,28.9163107145126,77.44082005211743,0.5072473,-0.13770048,43.558563
G1462,28.92217790388744,77.44182921279064,0.39513522,-0.2799466,36.281616
G1463,28.92505290039088,77.44191534236863,0.5321811,-0.16574234,42.10251
G1464,28.624706033818505,77.4383842209551,0.42183557,-0.15831333,45.592316
G1465,28.628857654238114,77.4384377713398,0.18544655,-0.06475181,43.332977
G1466,28.63336678229176,77.43854206026407,0.14885603,0.0166091,47.461945
G1467,28.637875906995124,77.43864637313956,0.265369,-0.043419074,52.018158
G1468,28.642385028347807,77.43875070997063,0.24912116,-0.046262417,49.71103
G1469,28.64689414634941,77.43885507076162,0.14363089,0.03138966,48.06009
G1470,28.651403260999555,77.43895945551688,0.32151747,-0.07070314,46.09134
G1471,28.65591237229783,77.43906386424075,0.18917418,0.009260647,46.152863
G1472,28.660421480243844,77.43916829693758,0.36406612,-0.018654378,44.751465
G1473,28.6649305848372,77.43927275361172,0.15727098,-0.0034143883,46.8638
G1474,28.669439686077503,77.43937723426751,0.22269164,-0.0014300453,46.234894
G1475,28.67394878396437,77.43948173890932,0.38967234,-0.1298328,45.612823
G1476,28.67845787849738,77.43958626754151,0.21153978,-0.018007752,45.73587
G1477,28.68296696967617,77.43969082016841,0.33174363,-0.10868131,43.07321
G1478,28.687476057500323,77.4397953967944,0.1513151,0.026020266,44.898438
G1479,28.691985141969447,77.43989999742381,0.30998197,-0.020640112,47.20218
G1480,28.69649422308316,77.44000462206101,0.5086951,-0.1739509,43.61325
G1481,28.701003300841045,77.44010927071038,0.4352494,-0.13032903,43.138153
G1482,28.70551237524273,77.44021394337626,0.30878878,-0.020172643,42.998016
G1483,28.710021446287808,77.44031864006303,0.3254968,-0.048793435,42.62204
G1484,28.714530513975888,77.44042336077503,0.54336756,-0.2098494,41.066833
G1485,28.719039578306568,77.44052810551666,0.43887952,-0.14479908,46.115265
G1486,28.72354863927946,77.44063287429226,0.24709933,0.074930124,47.01419
G1487,28.728057696894183,77.44073766710622,0.46185094,-0.060569152,45.510284
G1488,28.73256675115032,77.44084248396291,0.30954197,0.026413592,44.915527
G1489,28.73707580204748,77.44094732486667,0.21418528,0.08639656,46.228058
G1490,28.741584849585276,77.44105218982192,0.2875876,0.05241047,44.040497
G1491,28.74609389376331,77.441157078833,0.19438198,0.08180644,44.207977
G1492,28.75060293458119,77.4412619919043,0.39745617,-0.064769395,41.86325
G1493,28.75511197203853,77.4413669290402,0.49092168,-0.179972,41.839325
G1494,28.75962100613492,77.44147189024507,0.2148755,0.069002844,46.371613
G1495,28.76413003686997,77.44157687552331,0.41188544,-0.12072561,43.708954
G1496,28.768639064243292,77.44168188487927,0.2198076,0.07748114,45.893097
G1497,28.773148088254494,77.44178691831738,0.25751373,0.0047440734,45.999054
G1498,28.77765710890318,77.44189197584197,0.26740995,0.039813958,44.095184
G1499,28.78216612618894,77.44199705745747,0.43322137,-0.1308698,40.59857
G1500,28.78667514011141,77.44210216316826,0.56734484,-0.17900048,42.526337
G1501,28.79118415067017,77.44220729297871,0.3768682,-0.02804452,45.65042
G1502,28.795693157864843,77.44231244689323,0.6403796,-0.26257157,42.9946
G1503,28.80020216169501,77.4424176249162,0.47158623,-0.10838893,44.47461
G1504,28.804711162160324,77.44252282705203,0.51862705,-0.123963214,42.26999
G1505,28.809220159260345,77.4426280533051,0.46308643,-0.12461058,43.8696
G1506,28.813729152994693,77.4427333036798,0.52032375,-0.1395079,42.03415
G1507,28.818238143362997,77.44283857818054,0.50500834,-0.17094213,42.314423
G1508,28.82274713036484,77.44294387681173,0.68201166,-0.2700968,39.662018
G1509,28.82725611399983,77.44304919957776,0.57652164,-0.19725081,39.245026
G1510,28.83176509426757,77.44315454648303,0.51208466,-0.17287461,41.265076
G1511,28.836274071167697,77.44325991753193,0.41623586,-0.047124434,44.666016
G1512,28.84078304469978,77.4433653127289,0.3537559,0.005226111,41.671844
G1513,28.84529201486345,77.44347073207834,0.62332106,-0.2723684,37.744537
G1514,28.84980098165829,77.44357617558462,0.25456992,0.058364388,42.953583
G1515,28.85430994508396,77.44368164325218,0.4374021,-0.08112347,41.685516
G1516,28.858818905139994,77.44378713508544,0.4825468,-0.10168683,41.89743
G1517,28.86332786182604,77.44389265108879,0.26304284,-0.099317364,42.53659
G1518,28.86783681514171,77.44399819126664,0.42502812,-0.09306677,41.401825
G1519,28.872345765086592,77.44410375562346,0.56817955,-0.19439204,43.298798
G1520,28.876854711660307,77.4442093441636,0.41286737,-0.046762574,40.489197
G1521,28.88136365486245,77.44431495689149,0.5109503,-0.094727054,42.799774
G1522,28.885872594692643,77.44442059381159,0.4895226,-0.116891645,44.90869
G1523,28.890381531150496,77.44452625492828,0.41777703,-0.015574642,44.03708
G1524,28.894890464235587,77.444631940246,0.5920979,-0.2038816,38.674225
G1525,28.899399393947565,77.44473764976918,0.568837,-0.16238803,40.407166
G1526,28.903908320286,77.44484338350223,0.64748514,-0.24647245,41.001892
G1527,28.90841724325051,77.44494914144958,0.60289514,-0.28621048,41.784637
G1528,28.91292616284072,77.44505492361567,0.62973326,-0.2559201,39.832916
G1529,28.91742792144078,77.44517023171343,0.346945,-0.0076195523,43.131317
G1530,28.92194399189662,77.44526656062177,0.62834036,-0.27192706,37.495026
G1531,28.92569768968786,77.44566909985204,0.621135,-0.19570374,41.20697
G1532,28.6252044032343,77.44231800417508,0.31551412,-0.04138443,43.254364
G1533,28.62882305489446,77.44348206639063,0.42133078,-0.10775134,45.038574
G1534,28.63327466543933,77.4436529241815,0.41212514,-0.14264187,46.34085
G1535,28.637783772987586,77.44375745515312,0.1861161,-0.018241407,51.823334
G1536,28.642292877183724,77.44386201013033,0.19006583,0.04299962,50.29892
G1537,28.64680197802736,77.4439665891175,0.14763805,0.031332027,47.393585
G1538,28.6513110755181,77.44407119211894,0.26474345,-0.053377826,45.934113
G1539,28.65582016965554,77.44417581913908,0.35425198,-0.058008958,45.5513
G1540,28.66032926043929,77.44428047018219,0.19881745,-0.016039804,47.543976
G1541,28.66483834786895,77.44438514525271,0.300119,-0.09330006,45.554718
G1542,28.669347431944125,77.44448984435495,0.19991583,0.03224709,44.645508
G1543,28.673856512664425,77.44459456749327,0.27694026,-0.06413478,45.51712
G1544,28.678365590029447,77.44469931467206,0.33826688,-0.09845839,44.529297
G1545,28.68287466403881,77.44480408589567,0.31012836,-0.021556888,44.730957
G1546,28.68738373469209,77.44490888116847,0.38219833,-0.1107864,43.702118
G1547,28.69189280198892,77.44501370049483,0.5311708,-0.16162086,43.247528
G1548,28.6964018659289,77.44511854387909,0.2243661,-0.03456615,43.247528
G1549,28.70091092651163,77.44522341132566,0.31515256,-0.06332718,45.493195
G1550,28.705419983736707,77.44532830283887,0.3615136,-0.07688443,43.873016
G1551,28.709929037603743,77.44543321842315,0.4815171,-0.12678894,40.294373
G1552,28.71443808811234,77.44553815808281,0.38371265,-0.049933463,43.989227
G1553,28.71894713526212,77.44564312182227,0.34629267,-0.0026345728,44.293427
G1554,28.72345617905267,77.44574810964588,0.47349846,-0.17625791,42.796356
G1555,28.72796521948359,77.44585312155805,0.30525967,0.0152064795,44.915527
G1556,28.7324742565545,77.44595815756313,0.2238516,-0.009659892,41.989716
G1557,28.736983290265005,77.44606321766551,0.39122748,-0.07084901,45.742706
G1558,28.741492320614704,77.44616830186958,0.41969863,-0.059809998,42.40329
G1559,28.7460013476032,77.44627341017971,0.18444256,-0.2365503,37.70352
G1560,28.750510371230103,77.4463785426003,0.45336226,-0.21869077,42.85788
G1561,28.755019391495026,77.44648369913573,0.4160184,-0.10261148,44.81299
G1562,28.75952840839755,77.4465888797904,0.47172993,-0.12650974,40.55414
G1563,28.76403742193731,77.44669408456868,0.58286107,-0.21083775,42.3862
G1564,28.768546432113887,77.44679931347498,0.50458366,-0.16571319,44.07126
G1565,28.773055438926907,77.44690456651367,0.2591952,-0.052954044,43.90036
G1566,28.77756444237596,77.44700984368917,0.6129518,-0.23781826,41.45993
G1567,28.782073442460664,77.44711514500587,0.26032013,0.051412802,41.186462
G1568,28.78658243918062,77.44722047046815,0.3345809,-0.04821462,43.674774
G1569,28.791091432535428,77.44732582008041,0.44615796,-0.12091408,42.72116
G1570,28.795600422524696,77.44743119384708,0.35281944,-0.028042454,46.2554
G1571,28.800109409148043,77.44753659177253,0.32700232,-0.026556494,44.529297
G1572,28.80461839240505,77.44764201386118,0.39882654,-0.04244491,43.790985
G1573,28.80912737229536,77.44774746011744,0.5224334,-0.20747043,42.734833
G1574,28.81363634881854,77.4478529305457,0.3502519,-0.003221645,42.782684
G1575,28.818145321974217,77.44795842515035,0.5140864,-0.12766036,39.97989
G1576,28.822654291761992,77.44806394393584,0.53117204,-0.11179188,42.143524
G1577,28.82716325818148,77.44816948690655,0.644083,-0.27250955,38.83487
G1578,28.83167222123226,77.44827505406691,0.3822549,-0.017803287,42.075165
G1579,28.83618118091397,77.44838064542132,0.63609093,-0.25943974,39.788483
G1580,28.84069013722621,77.4484862609742,0.66060054,-0.27024588,38.51358
G1581,28.845199090168578,77.44859190072998,0.5008067,-0.12302202,40.441345
G1582,28.849708039740683,77.44869756469305,0.2803752,0.07915944,44.905273
G1583,28.85421698594214,77.44880325286785,0.45779318,-0.080082,41.842743
G1584,28.85872592877253,77.44890896525878,0.5689201,-0.15749614,40.67035
G1585,28.86323486823148,77.44901470187028,0.53930044,-0.17012094,42.9946
G1586,28.867743804318604,77.44912046270676,0.39713326,-0.029872356,43.11081
G1587,28.872252737033502,77.44922624777264,0.5637295,-0.15146373,42.01706
G1588,28.876761666375767,77.4493320570724,0.566664,-0.2045954,43.859344
G1589,28.88127059234502,77.44943789061038,0.38393658,-0.04203619,45.59915
G1590,28.88577951494086,77.44954374839108,0.38661474,-0.06934931,45.373535
G1591,28.890288434162912,77.44964963041889,0.69528216,-0.3170643,40.308044
G1592,28.89479735001076,77.44975553669828,0.3703371,-0.29395217,36.784058
G1593,28.89930626248402,77.44986146723363,0.603039,-0.17824675,39.45352
G1594,28.9038151715823,77.44996742202942,0.37488747,0.0025395034,45.26416
G1595,28.9083240773052,77.45007340109007,0.5484161,-0.14653991,39.460358
G1596,28.912832979652347,77.45017940442003,0.69494575,-0.29240444,40.793396
G1597,28.91734187862333,77.45028543202369,0.60354817,-0.17904122,39.40909
G1598,28.921850774217766,77.45039148390556,0.65135556,-0.2565518,36.61316
G1599,28.92545897051752,77.45042658512749,0.50408405,-0.11961392,43.6987
G1600,28.62984276942292,77.44784415622722,0.4494506,-0.09125238,46.737335
G1601,28.633190434277967,77.44875477221741,0.47606733,-0.14987521,46.822784
G1602,28.637691446468477,77.44886851316107,0.36008376,-0.08742338,48.299347
G1603,28.64220053347226,77.4489732862801,0.14407383,0.020958878,47.3013
G1604,28.6467096171221,77.44907808345906,0.17955868,0.061154984,46.590363
G1605,28.65121869741761,77.44918290470237,0.20122753,0.039923057,48.610413
G1606,28.655727774358397,77.44928775001436,0.16768068,0.002356136,47.34915
G1607,28.66023684794405,77.44939261939946,0.24787009,0.044311248,45.797394
G1608,28.664745918174173,77.44949751286197,0.41136643,-0.13244171,45.171875
G1609,28.669254985048383,77.44960243040629,0.3559998,-0.0992478,44.939453
G1610,28.673764048566284,77.44970737203676,0.38851562,-0.15149523,44.07126
G1611,28.678273108727467,77.44981233775779,0.4967314,-0.17011234,45.407745
G1612,28.68278216553155,77.44991732757376,0.20293786,-0.013734656,45.359863
G1613,28.68729121897813,77.45002234148899,0.2559421,-0.04748846,44.61133
G1614,28.69180026906681,77.45012737950792,0.22678529,0.00666393,43.103973
G1615,28.6963093157972,77.45023244163487,0.28571334,-0.049837727,43.568817
G1616,28.7008183591689,77.45033752787427,0.37069127,-0.09868569,45.479523
G1617,28.70532739918152,77.45044263823046,0.33125097,-0.040759336,46.484406
G1618,28.70983643583466,77.45054777270784,0.4041902,-0.07197003,43.189423
G1619,28.714345469127924,77.4506529313108,0.31295285,-0.013755703,42.998016
G1620,28.71885449906091,77.45075811404371,0.4160064,-0.10372733,43.685028
G1621,28.72336352563324,77.45086332091097,0.33946198,-0.051745564,43.41159
G1622,28.72787254884451,77.45096855191693,0.4286317,-0.10267271,42.93991
G1623,28.732381568694308,77.45107380706604,0.38629064,-0.037069533,44.70703
G1624,28.736890585182277,77.45117908636266,0.4245971,-0.015839752,44.368652
G1625,28.741399598307986,77.45128438981116,0.27005944,0.021369403,42.01364
G1626,28.74590860807105,77.45138971741596,0.25529963,0.05382114,44.365234
G1627,28.75041761447109,77.45149506918145,0.39034715,-0.07211225,43.602997
G1628,28.7549266175077,77.45160044511204,0.28295764,0.0014920869,41.767548
G1629,28.75943561718047,77.45170584521209,0.5043563,-0.15042919,43.568817
G1630,28.763944613489038,77.45181126948603,0.39032257,-0.074960254,42.389618
G1631,28.768453606432963,77.45191671793826,0.49504685,-0.17178142,40.943787
G1632,28.7729625960119,77.45202219057317,0.53067386,-0.18242979,41.388153
G1633,28.777471582225417,77.45212768739518,0.4937836,-0.17889637,40.219147
G1634,28.78198056507314,77.45223320840866,0.6377878,-0.25303856,41.200134
G1635,28.78648954455467,77.45233875361804,0.44045717,-0.089580774,42.74167
G1636,28.790998520669618,77.45244432302775,0.6561441,-0.25355563,39.8295
G1637,28.795507493417567,77.45254991664216,0.52701014,-0.11497756,42.205048
G1638,28.80001646279815,77.45265553446568,0.6879035,-0.31008685,39.467194
G1639,28.80452542881096,77.45276117650275,0.5246286,-0.1856201,41.350555
G1640,28.8090343914556,77.45286684275779,0.47984603,-0.12879336,42.700653
G1641,28.81354335073168,77.45297253323517,0.5184655,-0.15536816,40.892517
G1642,28.818052306638798,77.45307824793935,0.55901366,-0.17801778,40.4516
G1643,28.822561259176577,77.45318398687472,0.54442537,-0.21656571,40.355896
G1644,28.827070208344605,77.45328975004571,0.640112,-0.26471058,38.828033
G1645,28.83157915414248,77.45339553745674,0.64084214,-0.2537364,40.506287
G1646,28.83608809656985,77.45350134911224,0.2901292,0.033885933,44.82666
G1647,28.840597035626285,77.45360718501662,0.42476043,-0.09819508,43.8696
G1648,28.8451059713114,77.45371304517433,0.4584018,-0.08263183,43.39792
G1649,28.8496149036248,77.45381892958974,0.67782044,-0.27748787,39.11856
G1650,28.85412383256609,77.45392483826734,0.53958386,-0.17967568,41.046326
G1651,28.85863275813488,77.45403077121155,0.67050505,-0.3061201,37.696686
G1652,28.86314168033078,77.45413672842677,0.51959157,-0.19479798,41.972626
G1653,28.867650599153382,77.45424270991745,0.66514546,-0.24364598,37.3378
G1654,28.87215951460232,77.45434871568801,0.7018824,-0.28113323,37.871002
G1655,28.87666842667717,77.45445474574292,0.6501897,-0.2391959,39.84659
G1656,28.881177335377554,77.4545608000866,0.31517458,-0.014231634,45.219727
G1657,28.885686240703063,77.45466687872344,0.5255656,-0.15470712,39.364655
G1658,28.89019514265333,77.45477298165797,0.29327542,0.0331253,44.211395
G1659,28.894704041227936,77.45487910889456,0.68377787,-0.27290285,39.973053
G1660,28.8992129364265,77.45498526043767,0.34134287,-0.022022314,46.809113
G1661,28.90372182824864,77.45509143629175,0.42279673,-0.028297909,43.00827
G1662,28.908300832564134,77.45505084714186,0.57586277,-0.1820165,44.10202
G1663,28.91273960176201,77.45530386095062,0.6378187,-0.23260413,38.677643
G1664,28.91724848345247,77.4554101097643,0.6444274,-0.23990567,38.01114
G1665,28.92175715422443,77.45551606715071,0.617164,-0.21936037,39.350983
G1666,28.925151722198088,77.45540716127185,0.593449,-0.16445766,40.120026
G1667,28.63400572480071,77.45232474920127,0.14244933,0.003519334,47.458527
G1668,28.63779855326094,77.45372570798031,0.24541107,0.06183066,47.229523
G1669,28.642107997216737,77.45408453836987,0.2848799,-0.032605346,47.465363
G1670,28.646617063636963,77.45418955373628,0.15657036,0.034238502,47.424347
G1671,28.651126126701428,77.45429459321707,0.19523898,-0.003168148,45.8179
G1672,28.65563518640972,77.4543996568166,0.15233627,0.07949634,46.54593
G1673,28.66014424276144,77.45450474453926,0.5668034,-0.17955309,44.14987
G1674,28.664653295756207,77.45460985638941,0.41875592,-0.13185048,45.698273
G1675,28.66916234539362,77.45471499237144,0.22615059,-0.040948227,46.621124
G1676,28.673671391673285,77.4548201524897,0.2518791,-0.029361043,45.947784
G1677,28.678180434594783,77.4549253367486,0.61405426,-0.22577502,42.13327
G1678,28.682689474157748,77.45503054515254,0.5346726,-0.18850969,43.0903
G1679,28.68719851036177,77.45513577770585,0.42551026,-0.11807769,43.302216
G1680,28.69170754320645,77.45524103441295,0.26178038,-0.037123777,43.890106
G1681,28.6962165726914,77.45534631527823,0.20301615,-0.016549593,44.447266
G1682,28.700725598816216,77.45545162030606,0.22036146,0.014439034,45.29492
G1683,28.705234621580512,77.45555694950085,0.59795064,-0.2249589,44.81299
G1684,28.70974364098389,77.45566230286697,0.27938354,-0.07212738,44.990723
G1685,28.71425265702596,77.45576768040883,0.38503125,-0.049235173,44.54297
G1686,28.71876166970629,77.45587308213081,0.43171662,-0.17511734,40.116608
G1687,28.723270679024523,77.4559785080373,0.27988803,-0.015827537,44.426758
G1688,28.72777968498026,77.45608395813272,0.49285644,-0.1862025,40.267
G1689,28.73228868757308,77.45618943242144,0.4665178,-0.07289066,43.268036
G1690,28.736797686802625,77.45629493090789,0.23082992,0.062127523,46.436554
G1691,28.741306682668466,77.45640045359646,0.34234813,-0.0027411417,46.47415
G1692,28.745815675170224,77.45650600049153,0.425573,-0.11689692,43.27829
G1693,28.750324664307502,77.45661157159753,0.21860206,-0.006952035,44.01657
G1694,28.754833650079902,77.45671716691885,0.58418906,-0.21193609,40.19522
G1695,28.759342632487023,77.45682278645991,0.3320568,-0.01577153,42.810028
G1696,28.76385161152849,77.45692843022512,0.4233438,-0.11950838,40.338806
G1697,28.768360587203876,77.45703409821887,0.54039764,-0.19075999,40.219147
G1698,28.772869559512817,77.45713979044558,0.38542187,-0.0129111055,43.425262
G1699,28.777378528454904,77.45724550690967,0.32180625,0.01818716,41.05658
G1700,28.781887494029736,77.45735124761556,0.4493012,-0.09221941,41.986298
G1701,28.786396456236933,77.45745701256763,0.5393207,-0.14481805,39.42276
G1702,28.790905415076093,77.45756280177034,0.63206077,-0.23035944,39.79532
G1703,28.79541437054681,77.45766861522809,0.36546996,-0.020966694,44.430176
G1704,28.799923322648706,77.45777445294527,0.62190366,-0.23199442,42.413544
G1705,28.804432271381383,77.45788031492637,0.3131748,-0.04009639,43.708954
G1706,28.808941216744422,77.45798620117574,0.4629381,-0.2062404,43.609833
G1707,28.813450158737467,77.45809211169787,0.40433306,-0.04641347,44.52588
G1708,28.81795909736011,77.45819804649713,0.6131884,-0.25879264,39.022858
G1709,28.822468032611948,77.45830400557797,0.5041947,-0.107820995,41.128357
G1710,28.82697696449258,77.45840998894482,0.6257679,-0.22326832,38.26065
G1711,28.831485893001624,77.45851599660212,0.41720623,-0.03282419,41.9487
G1712,28.835994818138687,77.45862202855427,0.6477896,-0.25647283,40.51654
G1713,28.84050373990338,77.45872808480574,0.6257293,-0.28240684,42.936493
G1714,28.84501265829528,77.45883416536093,0.32501695,-0.04425446,43.568817
G1715,28.84952157331403,77.4589402702243,0.5596516,-0.18860084,41.453094
G1716,28.85403048495921,77.45904639940028,0.6358863,-0.21945067,38.51358
G1717,28.858539393230423,77.4591525528933,0.37926543,-0.03466026,42.314423
G1718,28.8630482981273,77.4592587307078,0.5221414,-0.14320923,38.61612
G1719,28.86755719964943,77.45936493284825,0.664296,-0.26907375,36.59265
G1720,28.87206609779642,77.45947115931907,0.4080395,-0.061547548,38.17862
G1721,28.876574992567875,77.45957741012468,0.4860915,-0.0997729,39.81241
G1722,28.88108388396341,77.45968368526958,0.53449714,-0.17867759,41.45993
G1723,28.88559277198261,77.45978998475819,0.6164876,-0.2494325,41.319794
G1724,28.89010165662511,77.45989630859495,0.6955769,-0.29803604,39.54239
G1725,28.89461053789049,77.46000265678431,0.69669497,-0.2846918,41.295837
G1726,28.899119415778383,77.46010902933074,0.45343408,-0.09094555,48.203644
G1727,28.903616239006716,77.46020269324731,0.64853823,-0.2531259,40.960876
G1728,28.908544215582527,77.45879228792982,0.42887428,-0.059913915,43.247528
G1729,28.91248627912977,77.45892001517144,0.35171396,-0.014427743,41.753876
G1730,28.91701596561474,77.45845058007106,0.5394042,-0.17648478,38.370026
G1731,28.920967430083014,77.45859667786516,0.5237506,-0.12020087,36.88318
G1732,28.92486700521233,77.45833724918697,0.59256935,-0.18677248,37.9086
G1733,28.63836786925137,77.45952062580254,0.2008054,0.043705042,50.186127
G1734,28.64201526842049,77.45919576634964,0.341045,0.121893674,47.50296
G1735,28.646524317575288,77.45930099989914,0.43198583,-0.13576557,42.52292
G1736,28.651033363372875,77.45940625761304,0.25562695,-0.049326282,45.51712
G1737,28.65554240581285,77.45951153949572,0.16696495,0.01640127,46.969757
G1738,28.660051444894822,77.45961684555158,0.40555644,-0.10951152,44.990723
G1739,28.664560480618395,77.45972217578499,0.2190909,-0.017669346,46.330597
G1740,28.66906951298317,77.45982753020034,0.21607846,0.0011409998,46.067413
G1741,28.673578541988757,77.45993290880202,0.23882665,-0.014629906,46.084503
G1742,28.67808756763474,77.46003831159442,0.35049036,-0.07268553,44.583984
G1743,28.682596589920745,77.46014373858192,0.48481116,-0.108700745,42.170868
G1744,28.687105608846363,77.46024918976892,0.59740245,-0.19938253,41.74704
G1745,28.691614624411194,77.46035466515984,0.5387367,-0.1657879,43.435516
G1746,28.696123636614853,77.46046016475903,0.18872374,-0.004424891,45.21289
G1747,28.70063264545693,77.46056568857092,0.31109574,-0.056560706,44.819824
G1748,28.705141650937048,77.46067123659991,0.39363635,-0.06350368,44.368652
G1749,28.709650653054798,77.46077680885038,0.43266687,-0.17054583,43.862762
G1750,28.714159651809783,77.46088240532674,0.2997027,0.03854091,45.95804
G1751,28.718668647201607,77.46098802603338,0.25905535,0.024776736,47.77298
G1752,28.72317763922988,77.46109367097473,0.3970835,-0.11489474,42.8237
G1753,28.727686627894208,77.46119934015518,0.22395164,-0.048739918,41.671844
G1754,28.73219561319418,77.46130503357915,0.5513157,-0.18482329,44.625
G1755,28.736704595129414,77.46141075125102,0.2752158,0.050747205,48.36087
G1756,28.74121357369951,77.46151649317522,0.60896426,-0.21820892,40.75238
G1757,28.745722548904062,77.46162225935618,0.5951276,-0.2787394,39.696198
G1758,28.75023152074269,77.46172804979828,0.2788267,-0.05385871,43.47995
G1759,28.754740489215003,77.46183386450595,0.4198267,-0.18773173,38.035065
G1760,28.75924945432058,77.4619397034836,0.32812247,-0.07305204,41.582977
G1761,28.763758416059044,77.46204556673564,0.51300365,-0.13333307,41.388153
G1762,28.76826737442999,77.46215145426652,0.59738106,-0.20894144,40.87201
G1763,28.77277632943304,77.46225736608062,0.45101598,-0.082409345,42.710907
G1764,28.777285281067773,77.4623633021824,0.5554011,-0.18715085,39.94229
G1765,28.78179422933381,77.46246926257625,0.36232316,-0.03135127,41.6821
G1766,28.78630317423076,77.46257524726661,0.57772315,-0.20849676,39.699615
G1767,28.790812115758214,77.46268125625791,0.51757044,-0.13945113,40.92328
G1768,28.79532105391578,77.46278728955456,0.6226537,-0.27691463,41.606903
G1769,28.79982998870307,77.46289334716101,0.5290256,-0.14649418,41.261658
G1770,28.80433892011969,77.46299942908168,0.5976073,-0.22609387,40.099518
G1771,28.808847848165232,77.46310553532099,0.45241296,-0.17186892,41.162537
G1772,28.813356772839292,77.4632116658834,0.4689598,-0.06364822,40.588318
G1773,28.817865694141517,77.46331782077333,0.623412,-0.29768407,38.404205
G1774,28.822374612071474,77.46342399999523,0.548549,-0.22262627,39.70987
G1775,28.826883526628787,77.4635302035535,0.5339236,-0.15754859,41.565887
G1776,28.83139243781304,77.46363643145261,0.5224949,-0.14176886,42.13669
G1777,28.835901345623856,77.463742683697,0.55732644,-0.18763678,41.09076
G1778,28.840410250060845,77.4638489602911,0.59150606,-0.22675917,40.11319
G1779,28.844919151123587,77.46395526123936,0.3594798,0.007365795,42.93991
G1780,28.84942804881173,77.46406158654624,0.5524323,-0.1750867,39.69278
G1781,28.85393694312484,77.46416793621614,0.65559137,-0.24622105,36.6781
G1782,28.85844583406253,77.46427431025356,0.6452399,-0.2825182,37.9086
G1783,28.862954721624416,77.46438070866292,0.594235,-0.16880114,38.318756
G1784,28.86746360581009,77.46448713144868,0.6340045,-0.23593575,36.44226
G1785,28.871972486619185,77.46459357861528,0.5986984,-0.27267775,38.02481
G1786,28.876481364051266,77.4647000501672,0.5830787,-0.20820689,38.24698
G1787,28.880990238105973,77.46480654610887,0.48620197,-0.11035967,43.04245
G1788,28.885499108782906,77.46491306644475,0.5389619,-0.17357309,40.70453
G1789,28.89000797608165,77.46501961117932,0.46747905,-0.08007708,42.498993
G1790,28.894516840001824,77.46512618031701,0.5761814,-0.20207228,42.256317
G1791,28.899025700543053,77.4652327738623,0.33350825,-0.0048779817,44.341278
G1792,28.90313298810807,77.46520333370998,0.4945405,-0.092713125,40.998474
G1793,28.63411979331442,77.46517716805678,0.15385145,0.014528008,48.671936
G1794,28.637425269410663,77.46421540103319,0.30165678,-0.055556994,46.63138
G1795,28.64192234708688,77.46430697016942,0.16770153,0.010332156,48.777893
G1796,28.64643137894042,77.46441242189759,0.18548766,0.0073142876,50.61679
G1797,28.650940407435314,77.46451789784024,0.21118078,-0.027679091,46.429718
G1798,28.65544943257115,77.46462339800168,0.13853796,-0.14274901,45.01465
G1799,28.659958454347557,77.46472892238634,0.24153401,0.017577352,46.56302
G1800,28.664467472764088,77.46483447099862,0.18947385,0.046203103,46.077667
G1801,28.668976487820395,77.46494004384292,0.17170021,0.003315191,45.09668
G1802,28.67348549951606,77.4650456409236,0.45555213,-0.11872046,45.236816
G1803,28.677994507850684,77.4651512622451,0.5962526,-0.21491075,42.581024
G1804,28.682503512823885,77.4652569078118,0.22159077,-0.08740179,44.645508
G1805,28.68701251443524,77.4653625776281,0.5553832,-0.17308629,42.55368
G1806,28.691521512684385,77.46546827169843,0.24127825,0.007806363,46.658722
G1807,28.696030507570903,77.46557399002715,0.5848454,-0.20083472,41.603485
G1808,28.700539499094397,77.4656797326187,0.50401783,-0.1681604,45.373535
G1809,28.70504848725447,77.46578549947748,0.47846633,-0.14955364,45.000977
G1810,28.70955747205073,77.4658912906079,0.54220384,-0.14487661,45.61624
G1811,28.714066453482783,77.46599710601436,0.39523476,-0.10646112,47.36624
G1812,28.718575431550224,77.46610294570127,0.17755525,0.00546013,48.3096
G1813,28.723084406252664,77.46620880967306,0.4517099,-0.08160736,42.478485
G1814,28.727593377589702,77.46631469793414,0.557568,-0.22610341,42.594696
G1815,28.732102345560943,77.46642061048891,0.44921425,-0.14870846,43.114227
G1816,28.736611310166005,77.46652654734183,0.4768622,-0.0943214,44.399414
G1817,28.741120271404466,77.46663250849727,0.5406988,-0.16436362,42.984344
G1818,28.745629229275934,77.46673849395967,0.435135,-0.058696244,45.342773
G1819,28.75013818378003,77.46684450373345,0.32068864,-0.019072298,44.44043
G1820,28.75464713491636,77.46695053782305,0.6048581,-0.2129894,38.97159
G1821,28.75915608268449,77.46705659623287,0.37746358,-0.021486055,44.047333
G1822,28.76366502708407,77.46716267896736,0.60570127,-0.20353366,40.807068
G1823,28.76817396811467,77.46726878603091,0.4734634,-0.12323089,42.66989
G1824,28.77268290577592,77.467374917428,0.34929743,-0.0045749466,45.52054
G1825,28.77719184006741,77.46748107316303,0.50184286,-0.15877055,41.96237
G1826,28.78170077098874,77.46758725324042,0.6419337,-0.24388215,37.45401
G1827,28.78620969853953,77.46769345766465,0.5625084,-0.20503148,40.39691
G1828,28.79071862271936,77.4677996864401,0.69468987,-0.3040298,38.964752
G1829,28.79522754352786,77.46790593957125,0.64873844,-0.2539736,40.98822
G1830,28.799736460964624,77.46801221706252,0.59537405,-0.20983143,40.308044
G1831,28.804245375029254,77.46811851891835,0.4017133,-0.06885824,43.924286
G1832,28.80875428572136,77.46822484514317,0.50993717,-0.13372463,44.583984
G1833,28.81326319304053,77.46833119574143,0.5964381,-0.1911367,41.490692
G1834,28.817772096986392,77.4684375707176,0.48335665,-0.124504104,40.639587
G1835,28.822280997558543,77.46854397007608,0.4085637,-0.11084618,43.080048
G1836,28.82678989475659,77.46865039382133,0.5945386,-0.180777,40.19864
G1837,28.83129878858011,77.46875684195784,0.7025587,-0.30141285,41.196716
G1838,28.83580767902874,77.46886331449001,0.59757245,-0.20704713,41.012146
G1839,28.84031656610209,77.46896981142231,0.6174532,-0.25162816,40.960876
G1840,28.844825449799725,77.4690763327592,0.37347463,-0.013799228,42.010223
G1841,28.84933433012129,77.46918287850512,0.53767675,-0.20626943,38.017975
G1842,28.85384320706637,77.46928944866451,0.5654458,-0.16108336,39.412506
G1843,28.85835208063458,77.46939604324187,0.57390964,-0.22352685,38.58194
G1844,28.86286095082551,77.46950266224162,0.5293236,-0.1292789,39.703033
G1845,28.86736981763878,77.46960930566824,0.33371618,-0.022799125,38.81778
G1846,28.871878681074,77.4697159735262,0.3157815,0.024660325,42.970673
G1847,28.87638754113075,77.46982266581995,0.56318593,-0.18368278,39.412506
G1848,28.88089639780865,77.46992938255394,0.4479752,-0.083181776,42.170868
G1849,28.88540525110731,77.47003612373265,0.2822037,0.04104603,46.28958
G1850,28.889914101026346,77.47014288936055,0.2847782,-0.0035482873,44.864258
G1851,28.894422947565324,77.4702496794421,0.4499878,-0.07666366,41.490692
G1852,28.89893179072389,77.4703564939818,0.6425476,-0.268377,39.296295
G1853,28.90249610905239,77.47024752709925,0.5365372,-0.13235861,40.591736
G1854,28.629880470294587,77.47072263801692,0.2609282,-0.021199835,46.624542
G1855,28.632941091588357,77.4693466100575,0.27624875,-0.056025833,45.70169
G1856,28.637320215343063,77.46931250413668,0.17972116,-0.0002971843,46.351105
G1857,28.641829233219244,77.46941814977913,0.2883299,0.019199185,45.927277
G1858,28.64633824773572,77.46952381968163,0.21373555,0.0076789097,45.93753
G1859,28.65084725889209,77.46962951384859,0.30215883,0.011807004,47.05179
G1860,28.655356266687964,77.46973523228442,0.24015652,0.10644063,38.407623
G1861,28.659865271122957,77.4698409749935,0.31029224,0.018839182,44.966797
G1862,28.66437427219664,77.46994674198027,0.32113197,-0.07364099,45.90335
G1863,28.668883269908637,77.47005253324907,0.17058599,0.01801066,46.72708
G1864,28.67339226425856,77.47015834880439,0.27816787,-0.080198735,43.832
G1865,28.67790125524598,77.47026418865059,0.27357838,-0.045886092,42.006805
G1866,28.68241024287053,77.47037005279208,0.3006025,-0.05123398,43.148407
G1867,28.686919227131803,77.47047594123327,0.39958683,-0.053672723,44.262665
G1868,28.69142820802939,77.47058185397859,0.63090783,-0.26772696,41.48044
G1869,28.695937185562915,77.47068779103245,0.59878993,-0.23439173,42.187958
G1870,28.700446159731964,77.47079375239923,0.316647,-0.0011368947,48.42581
G1871,28.70495513053613,77.4708997380834,0.43461946,-0.074497946,45.65384
G1872,28.70946409797505,77.47100574808935,0.6113345,-0.20346032,43.996063
G1873,28.713973062048314,77.4711117824215,0.37735406,-0.026875284,48.135284
G1874,28.718482022755516,77.47121784108428,0.36995578,-0.043066453,46.61087
G1875,28.722990980096245,77.4713239240821,0.5799844,-0.2294375,41.93161
G1876,28.72749993407013,77.47143003141939,0.3197479,-0.058591083,45.766632
G1877,28.73200888467677,77.47153616310057,0.38126966,-0.05229269,44.01657
G1878,28.73651783191576,77.47164231913008,0.44215295,-0.051396046,44.464355
G1879,28.74102677578671,77.47174849951234,0.25919473,-0.048372205,45.31201
G1880,28.745535716289226,77.47185470425178,0.44500664,-0.08885305,43.172333
G1881,28.750044653422886,77.47196093335282,0.5087818,-0.2514438,40.865173
G1882,28.75455358718734,77.47206718681993,0.49136236,-0.14912619,44.300262
G1883,28.759062517582144,77.4721734646575,0.54813427,-0.22150336,40.403748
G1884,28.76357144460693,77.47227976686997,0.59124744,-0.24585995,41.251404
G1885,28.76808036826129,77.47238609346181,0.5251385,-0.1424082,43.069794
G1886,28.772589288544843,77.47249244443742,0.4884692,-0.1222419,42.816864
G1887,28.77709820545717,77.47259881980129,0.5040693,-0.12488337,42.444305
G1888,28.781607118997886,77.4727052195578,0.56443286,-0.26674575,40.219147
G1889,28.786116029166603,77.47281164371142,0.39185166,-0.053047135,43.99948
G1890,28.790624935962928,77.47291809226662,0.2557323,-0.0154133765,45.02832
G1891,28.795133839386438,77.47302456522782,0.4523982,-0.08658852,42.710907
G1892,28.799642739436745,77.47313106259945,0.37532565,-0.08093821,41.535126
G1893,28.80415163611347,77.473237584386,0.5986972,-0.23388496,40.99164
G1894,28.808660529416205,77.47334413059188,0.4557096,-0.11878106,42.41696
G1895,28.81316941934455,77.47345070122157,0.5466398,-0.23291561,39.402252
G1896,28.81767830589813,77.47355729627951,0.62053794,-0.24109355,39.99698
G1897,28.822187189076537,77.47366391577016,0.6015247,-0.22097535,40.277252
G1898,28.826696068879368,77.47377055969797,0.41577244,-0.03572918,42.5571
G1899,28.831204945306222,77.4738772280674,0.39260536,-0.05969822,43.705536
G1900,28.835713818356727,77.47398392088289,0.5039452,-0.13870056,43.64743
G1901,28.84022268803047,77.47409063814895,0.6456143,-0.2677461,38.961334
G1902,28.844731554327065,77.47419737986999,0.53627306,-0.13011916,41.723114
G1903,28.849240417246108,77.47430414605051,0.6227224,-0.25559264,38.923737
G1904,28.85374927678721,77.47441093669494,0.44308466,-0.08352436,40.63617
G1905,28.858258132949967,77.47451775180778,0.55448747,-0.19263679,39.47061
G1906,28.862766985733977,77.47462459139348,0.6785987,-0.2757558,40.202057
G1907,28.86727583513888,77.4747314554565,0.5441874,-0.19333273,41.634247
G1908,28.871784681164247,77.47483834400134,0.61450565,-0.22917758,38.81436
G1909,28.876293523809693,77.47494525703245,0.57789546,-0.18003723,40.595154
G1910,28.880802363074835,77.4750521945543,0.5892974,-0.2258975,37.40274
G1911,28.885311198959247,77.47515915657137,0.6385917,-0.27032244,39.92862
G1912,28.88982003146256,77.47526614308813,0.38675627,-0.064988405,40.933533
G1913,28.894328860584384,77.47537315410908,0.5138111,-0.16949476,41.99655
G1914,28.89883768632431,77.47548018963869,0.49556968,-0.0924224,41.586395
G1915,28.901880080790693,77.47524770021339,0.4952062,-0.13090438,41.203552
G1916,28.6289482448936,77.47437268291154,0.22907686,-0.0071182265,45.459015
G1917,28.632717922450727,77.47431760190979,0.34323022,-0.10118335,42.659637
G1918,28.63722692631621,77.47442344136645,0.37603545,-0.09022802,45.1958
G1919,28.641735926820942,77.47452930512878,0.4662752,-0.17340536,45.209473
G1920,28.64624492396453,77.4746351932012,0.17374349,0.012519365,46.973175
G1921,28.650753917746567,77.4747411055881,0.29595795,-0.037161842,45.763214
G1922,28.65526290816665,77.47484704229387,0.535817,-0.16024622,40.222565
G1923,28.65977189522441,77.474953003323,0.41206804,-0.11104698,44.132782
G1924,28.664280878919406,77.47505898867982,0.30303815,-0.021103613,43.63034
G1925,28.668789859251277,77.47516499836878,0.20689367,-0.023759756,44.92578
G1926,28.673298836219605,77.47527103239429,0.20183362,-0.03160175,44.76172
G1927,28.677807809823992,77.47537709076077,0.20867127,-0.00884606,43.425262
G1928,28.682316780064056,77.47548317347265,0.46306747,-0.18044788,41.894012
G1929,28.68682574693938,77.47558928053432,0.39528134,-0.09101591,42.290497
G1930,28.69133471044957,77.47569541195023,0.24218959,-0.034917887,43.73288
G1931,28.695843670594257,77.47580156772479,0.43093723,-0.09338919,43.503876
G1932,28.700352627373007,77.47590774786242,0.42563558,-0.112589546,41.86325
G1933,28.70486158078544,77.47601395236757,0.6490943,-0.2680764,40.75238
G1934,28.709370530831144,77.47612018124461,0.4404297,-0.097308904,44.01999
G1935,28.713879477509742,77.47622643449803,0.5968131,-0.2221687,45.496613
G1936,28.71838842082082,77.47633271213223,0.4955964,-0.12532833,42.006805
G1937,28.722897360763987,77.47643901415167,0.5938715,-0.18175301,42.63571
G1938,28.72740629733885,77.47654534056075,0.4541188,-0.18070076,42.946747
G1939,28.731915230545017,77.47665169136391,0.24078026,-0.02263092,46.54251
G1940,28.73642416038207,77.4767580665656,0.56591636,-0.1597521,42.24948
G1941,28.74093308684962,77.47686446617023,0.41853082,-0.10234882,43.15866
G1942,28.745442009947283,77.47697089018227,0.37909117,-0.060588904,44.63867
G1943,28.74995092967465,77.47707733860616,0.48283714,-0.10754966,46.819366
G1944,28.754459846031327,77.47718381144631,0.31943688,-0.023918536,43.401337
G1945,28.75896875901692,77.4772903087072,0.5705478,-0.15835816,41.924774
G1946,28.76347766863102,77.47739683039325,0.58876455,-0.21487433,42.786102
G1947,28.767986574873238,77.4775033765089,0.63880634,-0.24717577,39.562897
G1948,28.772495477743185,77.47760994705862,0.30743453,0.04445989,45.831573
G1949,28.77700437724046,77.47771654204686,0.45877638,-0.083274655,47.191925
G1950,28.78151327336465,77.47782316147807,0.6627138,-0.27352297,41.295837
G1951,28.786022166115387,77.47792980535667,0.5128783,-0.11527441,41.805145
G1952,28.79053105549226,77.47803647368714,0.3542991,-0.011106817,42.43405
G1953,28.795039941494863,77.47814316647394,0.49303696,-0.1325397,43.425262
G1954,28.79954882412281,77.4782498837215,0.45229116,-0.08299861,40.427673
G1955,28.80405770337571,77.4783566254343,0.2767288,0.04325942,43.134735
G1956,28.808566579253164,77.4784633916168,0.38212642,-0.07847034,40.731873
G1957,28.81307545175476,77.47857018227344,0.5235115,-0.16485149,42.980927
G1958,28.81758432088013,77.47867699740873,0.5921507,-0.27983117,38.56143
G1959,28.822093186628845,77.47878383702707,0.64412326,-0.2895477,41.79489
G1960,28.826602049000527,77.47889070113297,0.40676457,-0.013331682,42.75876
G1961,28.831110907994777,77.47899758973087,0.68071425,-0.2716478,41.063416
G1962,28.83561976361121,77.47910450282525,0.56892794,-0.18768229,40.646423
G1963,28.84012861584941,77.47921144042058,0.6717872,-0.2834989,39.07071
G1964,28.844637464708995,77.47931840252132,0.5216668,-0.10654162,40.94037
G1965,28.849146310189564,77.47942538913196,0.48366767,-0.15961619,41.757294
G1966,28.85365515229073,77.47953240025697,0.49728015,-0.08273496,40.63275
G1967,28.85816399101208,77.47963943590082,0.39196035,-0.0110060405,41.278748
G1968,28.86267282635323,77.47974649606799,0.34011048,-0.009820222,40.256744
G1969,28.86718165831378,77.47985358076295,0.54292464,-0.16359885,41.955536
G1970,28.87169048689335,77.4799606899902,0.31925663,0.024392154,44.331024
G1971,28.876199312091515,77.48006782375418,0.4959401,-0.16245684,40.92328
G1972,28.880708133907905,77.48017498205942,0.5128005,-0.14194827,43.85251
G1973,28.885216952342105,77.48028216491038,0.5182145,-0.1781712,39.651764
G1974,28.88972576739373,77.48038937231155,0.47012618,-0.06691713,39.617584
G1975,28.8942345790624,77.4804966042674,0.69572645,-0.2690554,36.2782
G1976,28.89874338734769,77.48060386078245,0.6042241,-0.21542871,39.443268
G1977,28.901376739483485,77.48015533873968,0.70998883,-0.28904235,35.997894
G1978,28.62913771119569,77.47741025967069,0.18535554,-0.010073264,44.495117
G1979,28.63305030328947,77.47895808026577,0.2742375,-0.046370227,43.186005
G1980,28.637133444797865,77.47953435429055,0.25793043,-0.03946002,45.038574
G1981,28.64164242789535,77.47964043616835,0.39303866,-0.05349664,44.751465
G1982,28.646151407630228,77.47974654240626,0.3621827,-0.039544,45.18213
G1983,28.65066038400211,77.4798526730087,0.33591038,-0.07136567,44.464355
G1984,28.65516935701059,77.47995882798006,0.23764317,-0.03057969,45.124023
G1985,28.65967832665528,77.48006500732475,0.19982962,-5.6610075e-05,45.790558
G1986,28.664187292935768,77.48017121104724,0.21249375,-0.022853434,45.56839
G1987,28.668696255851668,77.48027743915192,0.3928258,-0.13533351,46.27591
G1988,28.67320521540257,77.48038369164323,0.33181432,-0.09159992,43.483368
G1989,28.67771417158809,77.48048996852557,0.32552525,-0.08032746,42.963837
G1990,28.682223124407823,77.4805962698034,0.25022262,0.05088811,45.60257
G1991,28.68673207386137,77.48070259548115,0.18839258,-0.016922224,45.277832
G1992,28.69124101994832,77.48080894556321,0.20635438,-0.01899889,45.418
G1993,28.695749962668305,77.48091532005407,0.48570803,-0.1674415,41.859833
G1994,28.70025890202091,77.48102171895809,0.47760847,-0.17995808,41.955536
G1995,28.704767838005733,77.48112814227977,0.3739085,-0.05145376,42.645966
G1996,28.70927677062237,77.48123459002352,0.55731255,-0.15381463,44.11911
G1997,28.71378569987046,77.48134106219379,0.46243873,-0.111628756,43.4321
G1998,28.718294625749557,77.48144755879498,0.6272855,-0.26148486,42.410126
G1999,28.72280354825929,77.48155407983158,0.629055,-0.3138498,40.841248
G2000,28.727312467399265,77.48166062530802,0.4292639,-0.11725854,44.464355
G2001,28.731821383169063,77.48176719522873,0.43561342,-0.109867945,45.151367
G2002,28.7363302955683,77.48187378959815,0.48145744,-0.13207352,44.679688
G2003,28.740839204596597,77.48198040842074,0.26422602,0.005604139,46.111847
G2004,28.74534811025352,77.48208705170093,0.2869299,-0.018587237,43.49704
G2005,28.749857012538687,77.4821937194432,0.4132241,-0.06745828,45.418
G2006,28.754365911451718,77.48230041165199,0.28938687,0.04980699,46.74759
G2007,28.758874806992186,77.48240712833173,0.45007586,-0.09511741,43.103973
G2008,28.76338369915972,77.48251386948691,0.6565749,-0.26760277,40.59857
G2009,28.7678925879539,77.48262063512196,0.69638765,-0.33504477,39.460358
G2010,28.772401473374345,77.48272742524132,0.48823753,-0.103389345,44.987305
G2011,28.77691035542065,77.4828342398495,0.5721688,-0.14523743,39.52188
G2012,28.78141923409242,77.48294107895092,0.41454792,-0.110389516,44.771973
G2013,28.785928109389264,77.48304794255004,0.6083055,-0.19352609,41.818817
G2014,28.79043698131078,77.48315483065134,0.42411432,-0.06323919,45.03174
G2015,28.79494584985657,77.48326174325928,0.51622933,-0.13211615,42.710907
G2016,28.799454715026243,77.48336868037832,0.5290324,-0.13907108,40.92328
G2017,28.803963576819392,77.48347564201293,0.52227175,-0.17303891,43.34665
G2018,28.808472435235625,77.48358262816757,0.44225624,-0.08329387,44.334442
G2019,28.81298129027454,77.48368963884671,0.3956646,-0.11010068,43.223602
G2020,28.81749014193575,77.48379667405486,0.5083361,-0.12290821,43.524384
G2021,28.821998990218862,77.48390373379644,0.4633241,-0.111188725,43.36032
G2022,28.826507835123472,77.48401081807594,0.33497605,0.015024941,45.274414
G2023,28.831016676649163,77.48411792689785,0.4281367,-0.062182207,42.191376
G2024,28.83552551479558,77.48422506026664,0.61017394,-0.19895749,42.03073
G2025,28.840034349562305,77.48433221818678,0.6709418,-0.2918924,40.055084
G2026,28.844543180948936,77.48443940066277,0.39888668,-0.030194616,44.098602
G2027,28.849052008955084,77.48454660769907,0.65126497,-0.25635082,38.858795
G2028,28.853560833580357,77.48465383930017,0.5463758,-0.11290498,40.878845
G2029,28.858069654824344,77.48476109547056,0.46430862,-0.039654355,41.907684
G2030,28.86257847268666,77.4848683762147,0.4116071,-0.078351565,42.078583
G2031,28.867087287166918,77.48497568153712,0.36514044,0.00555894,43.332977
G2032,28.8715960982647,77.4850830114423,0.5967845,-0.17532367,39.043365
G2033,28.876104905979613,77.4851903659347,0.37017098,-0.08621055,42.157196
G2034,28.88061371031129,77.48529774501884,0.52623224,-0.14638644,40.40033
G2035,28.8851225112593,77.48540514869919,0.58120155,-0.24660932,38.76651
G2036,28.889631308823265,77.48551257698026,0.6302802,-0.25320074,39.901276
G2037,28.894140103002783,77.48562002986654,0.37343198,-0.0027326096,42.003387
G2038,28.898123340580963,77.48508681016526,0.43459782,-0.049337745,40.2294
G2039,28.90102369394302,77.48352711559872,0.72982365,-0.3295799,35.70395
G2040,28.634183121996152,77.48373657549972,0.5324335,-0.18553454,43.114227
G2041,28.63717189123457,77.48446595546052,0.4368311,-0.079234675,46.52542
G2042,28.641548736445827,77.48475154284785,0.5417791,-0.17054194,43.29538
G2043,28.64605769873619,77.48485786724683,0.3705036,-0.06812015,45.527374
G2044,28.650566657662093,77.48496421606036,0.39591125,-0.061841294,46.19046
G2045,28.655075613223147,77.48507058929285,0.3896878,-0.044109765,46.36136
G2046,28.65958456541895,77.48517698694874,0.53204817,-0.20935205,41.52829
G2047,28.664093514249096,77.48528340903246,0.6104042,-0.23244877,40.345642
G2048,28.668602459713192,77.48538985554843,0.18926872,-0.06749575,45.31201
G2049,28.67311140181085,77.4854963265011,0.33432943,-0.07178373,45.681183
G2050,28.67762034054165,77.4856028218949,0.20576584,0.009394276,43.315887
G2051,28.68212927590522,77.48570934173426,0.37890992,-0.11784848,42.054657
G2052,28.686638207901133,77.48581588602363,0.24509355,-0.033673253,45.858917
G2053,28.691147136529008,77.48592245476743,0.4419157,-0.14523728,44.433594
G2054,28.69565606178845,77.48602904797012,0.2658036,-0.027724454,42.044403
G2055,28.70016498367905,77.48613566563614,0.43382877,-0.11333889,42.53659
G2056,28.70467390220041,77.48624230776993,0.24374403,-0.0067053633,46.02298
G2057,28.709182817352133,77.48634897437591,0.44103625,-0.10921763,42.560516
G2058,28.71369172913383,77.48645566545858,0.53436613,-0.15953268,40.73529
G2059,28.71820063754509,77.48656238102234,0.663237,-0.2864872,39.82608
G2060,28.72270954258552,77.48666912107167,0.5890571,-0.21546562,39.94571
G2061,28.72721844425473,77.48677588561101,0.6869175,-0.31596544,40.776306
G2062,28.7317273425523,77.4868826746448,0.5754621,-0.19001095,41.418915
G2063,28.73623623747786,77.48698948817753,0.5333926,-0.15789565,45.421417
G2064,28.740745129030987,77.48709632621362,0.26941937,-0.032900807,47.834503
G2065,28.745254017211305,77.48720318875753,0.46208096,-0.12947533,47.390167
G2066,28.7497629020184,77.48731007581374,0.52333224,-0.122758016,42.42038
G2067,28.75427178345189,77.4874169873867,0.4702439,-0.12065344,41.500946
G2068,28.75878066151136,77.48752392348086,0.44792053,-0.12173717,40.984802
G2069,28.76328953619641,77.48763088410068,0.4564677,-0.102767296,43.10739
G2070,28.76779840750666,77.48773786925065,0.5124683,-0.17491698,41.835907
G2071,28.772307275441708,77.48784487893523,0.51298827,-0.17825615,41.220642
G2072,28.77681614000115,77.48795191315887,0.7060516,-0.34562987,41.8154
G2073,28.78132500118459,77.48805897192604,0.3943892,-0.060677174,44.57373
G2074,28.785833858991637,77.48816605524124,0.5941838,-0.27469906,42.727997
G2075,28.79034271342189,77.4882731631089,0.49302334,-0.085289404,43.083466
G2076,28.79485156447494,77.48838029553352,0.67272717,-0.2617344,39.867096
G2077,28.799360412150413,77.48848745251956,0.5895439,-0.16989727,39.720123
G2078,28.803869256447896,77.4885946340715,0.5544069,-0.19260588,41.27533
G2079,28.80837809736699,77.48870184019383,0.38113913,-0.03400277,44.129364
G2080,28.81288693490729,77.48880907089101,0.5200587,-0.10031267,40.455017
G2081,28.817395769068437,77.48891632616754,0.46219492,-0.07698073,42.52292
G2082,28.82190459985,77.48902360602789,0.4108706,-0.077371724,45.055664
G2083,28.82641342725159,77.48913091047653,0.42699128,-0.03117373,42.3862
G2084,28.830922251272803,77.48923823951797,0.470334,-0.11001462,39.713287
G2085,28.835431071913263,77.48934559315668,0.5141336,-0.15547556,41.316376
G2086,28.839939889172552,77.48945297139716,0.49988577,-0.14087863,43.086884
G2087,28.844448703050283,77.4895603742439,0.63324296,-0.24646729,38.6503
G2088,28.848957513546058,77.48966780170137,0.52900887,-0.12556161,37.700104
G2089,28.85346632065948,77.48977525377408,0.42996392,-0.037712328,40.83441
G2090,28.85797512439015,77.4898827304665,0.37278083,-0.008192212,41.774384
G2091,28.862483924737678,77.48999023178318,0.27086362,0.014023344,44.52588
G2092,28.866992721701678,77.49009775772856,0.59085506,-0.20779954,39.45694
G2093,28.871501515281714,77.49020530830715,0.596819,-0.21068884,39.080963
G2094,28.876010305477408,77.49031288352347,0.3667993,0.034422964,41.894012
G2095,28.8805190922884,77.49042048338202,0.59460163,-0.22725512,40.260162
G2096,28.885027875714247,77.49052810788727,0.5636912,-0.16148135,39.47403
G2097,28.88953665575457,77.49063575704376,0.54807925,-0.17052786,37.935944
G2098,28.89390024828993,77.49063872485438,0.52016044,-0.16551404,40.30121
G2099,28.896602715162924,77.48876305423684,0.63438696,-0.2314544,38.366608
G2100,28.63827983183085,77.4888499657655,0.5457134,-0.15468027,41.945282
G2101,28.641483664306985,77.4898303318568,0.53287685,-0.17787586,42.80661
G2102,28.64596379728579,77.48996916767285,0.18419199,0.029025119,45.26758
G2103,28.6504727387299,77.49007573469306,0.28928226,-0.074477375,47.024445
G2104,28.654981676807697,77.49018232618226,0.18914899,-0.007817197,45.9888
G2105,28.6594906115188,77.49028894214491,0.32770687,-0.06874949,44.59424
G2106,28.66399954286277,77.49039558258542,0.3534333,-0.11152155,46.22464
G2107,28.66850847083925,77.49050224750826,0.29341605,-0.07646429,45.185547
G2108,28.67301739544781,77.49060893691787,0.5343854,-0.2198386,49.584564
G2109,28.67752631668807,77.49071565081867,0.21596155,-0.0101633975,46.286163
G2110,28.682035234559628,77.49082238921513,0.31849292,-0.07323769,45.103516
G2111,28.68654414906208,77.49092915211166,0.4031827,-0.10377867,44.854004
G2112,28.691053060195017,77.49103593951277,0.28172153,-0.068793185,42.97751
G2113,28.695561967958074,77.49114275142286,0.29340824,-0.07316819,46.600616
G2114,28.70007087235081,77.49124958784641,0.5387626,-0.15752819,43.937958
G2115,28.70457977337286,77.49135644878785,0.29985452,-0.06968155,43.12448
G2116,28.709088671023803,77.49146333425165,0.5181805,-0.11211216,41.9487
G2117,28.713597565303267,77.49157024424227,0.6796311,-0.31322312,38.64688
G2118,28.718106456210823,77.49167717876415,0.61903274,-0.23242253,41.66159
G2119,28.722615343746085,77.49178413782175,0.3984109,-0.025814507,44.382324
G2120,28.72712422790866,77.49189112141954,0.39361832,-0.044564635,43.739716
G2121,28.73163310869813,77.49199812956198,0.36242974,-0.029719181,41.71286
G2122,28.73614198611413,77.49210516225355,0.5054428,-0.10516878,45.007812
G2123,28.74065086015624,77.49221221949867,0.3827673,-0.103631444,43.018524
G2124,28.74515973082405,77.49231930130185,0.42050514,-0.11068987,43.476532
G2125,28.749668598117182,77.49242640766754,0.32257533,-0.07503835,44.84375
G2126,28.754177462035244,77.4925335386002,0.33523008,-0.015855256,42.478485
G2127,28.758686322577816,77.4926406941043,0.4197157,-0.11690047,43.384247
G2128,28.76319517974452,77.49274787418435,0.39095932,-0.06653946,42.717743
G2129,28.767704033534937,77.49285507884477,0.35594568,-0.075927705,42.08542
G2130,28.772212883948686,77.49296230809006,0.39348552,-0.05052005,43.585907
G2131,28.77672173098536,77.49306956192471,0.19439434,0.023006754,45.681183
G2132,28.78123057464456,77.49317684035319,0.4612826,-0.13294345,41.72995
G2133,28.785739414925903,77.49328414337995,0.6685541,-0.30536017,41.59665
G2134,28.790248251828977,77.4933914710095,0.4321895,-0.07365388,44.125946
G2135,28.794757085353385,77.49349882324633,0.43436825,-0.13531147,43.91745
G2136,28.799265915498736,77.4936062000949,0.30779362,0.021679359,45.277832
G2137,28.80377474226464,77.4937136015597,0.42274323,-0.051733505,43.927704
G2138,28.808283565650665,77.49382102764523,0.45006305,-0.07643699,40.92328
G2139,28.81279238565645,77.49392847835597,0.7078313,-0.30178162,41.278748
G2140,28.817301202281584,77.4940359536964,0.5768965,-0.20338409,39.69278
G2141,28.821810015525664,77.49414345367101,0.29777014,0.05353807,44.536133
G2142,28.826318825388316,77.49425097828433,0.6224773,-0.24180688,39.279205
G2143,28.83082763186909,77.49435852754081,0.53533226,-0.13329148,38.75284
G2144,28.83533643496765,77.49446610144497,0.6131998,-0.21506304,40.0961
G2145,28.839845234683573,77.49457370000128,0.37682265,-0.021478746,42.810028
G2146,28.84435403101646,77.49468132321428,0.5371629,-0.16229501,39.162994
G2147,28.84886282396591,77.49478897108844,0.56744653,-0.24338028,38.78018
G2148,28.85337161353154,77.49489664362825,0.52453023,-0.13267475,40.407166
G2149,28.85788039971294,77.49500434083825,0.4597008,-0.09522485,40.33539
G2150,28.862389182509705,77.49511206272291,0.66594356,-0.2799422,38.59903
G2151,28.86689796192146,77.49521980928677,0.65045327,-0.23185565,38.14444
G2152,28.87140673794781,77.49532758053431,0.6644337,-0.2505267,36.312378
G2153,28.87591551058834,77.49543537647004,0.5564179,-0.16354351,40.930115
G2154,28.880424279842657,77.49554319709847,0.48214614,-0.09404188,39.412506
G2155,28.884933045710365,77.49565104242414,0.60947907,-0.26441124,40.63275
G2156,28.88944180819107,77.49575891245154,0.3069797,0.039663605,41.514618
G2157,28.89393854191246,77.49588026248918,0.6619974,-0.26248854,39.6586
G2158,28.897039053810584,77.49699186124538,0.38416484,-0.036650483,40.003815
G2159,28.642424121435106,77.49352863421444,0.66344965,-0.28409612,42.177704
G2160,28.64603937154697,77.49482002473155,0.21626489,0.04525004,47.414093
G2161,28.65037862720892,77.49518722885676,0.32134175,-0.00784523,49.160706
G2162,28.654887547767643,77.49529403859823,0.2485171,-0.013924965,47.038116
G2163,28.65939646495821,77.49540087286319,0.24160576,-0.05812344,45.175293
G2164,28.66390537878019,77.49550773165606,0.16396423,0.044061482,47.718292
G2165,28.66841428923321,77.49561461498132,0.51056135,-0.17587918,42.492157
G2166,28.67292319631686,77.49572152284341,0.36190554,-0.066941716,47.882355
G2167,28.67743210003073,77.49582845524678,0.43388313,-0.1495977,47.205597
G2168,28.681941000374447,77.49593541219588,0.22939196,-0.015373759,47.092804
G2169,28.686449897347583,77.49604239369516,0.28606302,-0.04330891,45.257324
G2170,28.69095879094976,77.49614939974911,0.51224655,-0.22097929,42.649384
G2171,28.695467681180563,77.49625643036215,0.61995107,-0.2829436,40.80365
G2172,28.69997656803961,77.49636348553878,0.22304653,-0.028029665,44.409668
G2173,28.70448545152649,77.49647056528343,0.4353683,-0.06935364,45.729034
G2174,28.7089943316408,77.49657766960058,0.6136717,-0.23191309,41.094177
G2175,28.713503208382157,77.49668479849468,0.44588947,-0.10454036,43.27487
G2176,28.718012081750143,77.49679195197021,0.481381,-0.11388521,44.38916
G2177,28.72252095174437,77.49689913003164,0.56863254,-0.17734075,44.313934
G2178,28.72702981836445,77.49700633268343,0.3138255,-0.0061169784,47.80374
G2179,28.73153868160996,77.49711355993004,0.47446924,-0.1013734,47.65335
G2180,28.73604754148052,77.49722081177597,0.31513074,0.008639181,47.041534
G2181,28.74055639797572,77.49732808822569,0.5874709,-0.18555972,40.8515
G2182,28.745065251095163,77.49743538928365,0.23190972,-0.26584217,44.621582
G2183,28.74957410083845,77.49754271495433,0.6582388,-0.256303,43.288544
G2184,28.7540829472052,77.49765006524224,0.3904708,-0.019476723,44.23532
G2185,28.758591790194988,77.49775744015183,0.3491916,-0.09752637,42.92624
G2186,28.763100629807436,77.4978648396876,0.3196886,-0.04765113,42.293915
G2187,28.767609466042124,77.49797226385401,0.3601149,-0.073602326,42.078583
G2188,28.772118298898675,77.49807971265555,0.6052882,-0.25439674,43.500458
G2189,28.77662712837669,77.49818718609673,0.1870768,0.017695403,46.10501
G2190,28.78113595447575,77.498294684182,0.19494647,0.023944002,45.783722
G2191,28.785644777195483,77.49840220691588,0.4851856,-0.21017869,41.6821
G2192,28.79015359653547,77.49850975430284,0.5834852,-0.19578215,42.645966
G2193,28.794662412495324,77.4986173263474,0.4582616,-0.098439336,43.370575
G2194,28.79917122507464,77.49872492305401,0.56411636,-0.1613628,41.531708
G2195,28.80368003427302,77.49883254442719,0.47133905,-0.10099739,42.92282
G2196,28.80818884009008,77.49894019047142,0.311332,0.027079867,45.92386
G2197,28.8126976425254,77.49904786119122,0.61101973,-0.24995288,37.139526
G2198,28.8172064415786,77.49915555659108,0.5624449,-0.16499752,39.850006
G2199,28.821715237249293,77.49926327667549,0.49322456,-0.1452914,39.282623
G2200,28.82622402953704,77.49937102144894,0.56353825,-0.1874363,41.788055
G2201,28.83073281844147,77.49947879091597,0.32848206,-0.042627778,43.9653
G2202,28.835241603962192,77.49958658508108,0.6180089,-0.23415568,39.19034
G2203,28.839750386098803,77.49969440394874,0.6028786,-0.30833232,41.805145
G2204,28.84425916485088,77.49980224752349,0.48773775,-0.11083578,42.666473
G2205,28.848767940218067,77.49991011580983,0.6388581,-0.24222238,38.855377
G2206,28.853276712199943,77.50001800881226,0.565685,-0.16944453,40.690857
G2207,28.85778548079612,77.5001259265353,0.5798682,-0.19466546,39.836334
G2208,28.862294246006176,77.50023386898347,0.5150809,-0.12800996,40.277252
G2209,28.866803007829752,77.50034183616128,0.60420567,-0.2156714,38.469147
G2210,28.871311766266427,77.50044982807324,0.4603265,-0.08236758,41.299255
G2211,28.8758205213158,77.50055784472389,0.38991505,-0.084506735,39.853424
G2212,28.88032927297749,77.50066588611772,0.34592208,0.0073774788,43.14499
G2213,28.88483802125108,77.50077395225927,0.25327945,0.0116307605,45.865753
G2214,28.88934676613621,77.50088204315304,0.32958022,-0.026676368,42.53659
G2215,28.893855507632438,77.50099015880359,0.7181922,-0.3382968,38.906647
G2216,28.898177031849038,77.5011193923094,0.6341605,-0.2307448,37.949615
G2217,28.900812235150507,77.50101395163244,0.44119582,-0.09823792,39.415924
G2218,28.647656376399173,77.49954677948566,0.30879673,-0.024582913,46.35794
G2219,28.65037001905861,77.50029174418887,0.27719826,-0.035322085,47.70462
G2220,28.654793226106385,77.50040572649074,0.32763994,-0.06288643,47.581573
G2221,28.65930212574058,77.50051277905355,0.40121943,-0.039742336,47.072296
G2222,28.663811022004747,77.50061985619435,0.30984473,-0.015589522,46.169952
G2223,28.66831991489848,77.50072695791756,0.2675332,-0.0005770491,43.873016
G2224,28.672828804421385,77.50083408422768,0.2554896,0.0027947943,46.515167
G2225,28.67733769057304,77.50094123512915,0.2890658,-0.05965011,47.444855
G2226,28.68184657335307,77.50104841062644,0.35609144,-0.0821668,45.951202
G2227,28.68635545276106,77.50115561072401,0.26612365,-0.041055623,44.1362
G2228,28.69086432879661,77.50126283542635,0.56283855,-0.22243296,42.782684
G2229,28.695373201459343,77.50137008473789,0.4084492,-0.108959004,43.456024
G2230,28.69988207074883,77.50147735866312,0.52977866,-0.19628587,44.81299
G2231,28.70439093666469,77.50158465720652,0.39410383,-0.08213908,44.854004
G2232,28.70889979920652,77.50169198037254,0.49024758,-0.17324813,45.120605
G2233,28.713408658373915,77.50179932816567,0.51804847,-0.17685986,45.797394
G2234,28.71791751416648,77.5019067005904,0.23459275,0.07071655,48.316437
G2235,28.722426366583807,77.50201409765117,0.31267485,0.0012150927,44.737793
G2236,28.726935215625517,77.50212151935247,0.5112749,-0.14566006,44.816406
G2237,28.73144406129119,77.5022289656988,0.30781138,0.014249585,48.702698
G2238,28.73595290358044,77.50233643669463,0.6541787,-0.30071738,43.001434
G2239,28.74046174249286,77.50244393234445,0.46104476,-0.14809278,43.09372
G2240,28.74497057802804,77.50255145265271,0.3274358,-0.00043080005,44.368652
G2241,28.74947941018561,77.50265899762394,0.36788228,-0.05441056,42.2153
G2242,28.753988238965167,77.5027665672626,0.547143,-0.19423425,42.33493
G2243,28.75849706436628,77.50287416157319,0.21698965,-0.0044526774,45.24707
G2244,28.76300588638858,77.5029817805602,0.24846229,0.00051209226,46.063995
G2245,28.767514705031655,77.50308942422811,0.22534478,-0.0032085585,45.934113
G2246,28.772023520295114,77.50319709258143,0.41082922,-0.13345878,45.70169
G2247,28.776532332178554,77.50330478562464,0.18544848,0.02573456,47.18167
G2248,28.781041140681573,77.50341250336224,0.23293489,0.013603154,43.81833
G2249,28.78554994580379,77.50352024579874,0.48870942,-0.12943834,39.60733
G2250,28.790058747544776,77.50362801293862,0.60331655,-0.17681548,40.123444
G2251,28.79456754590417,77.50373580478639,0.58702624,-0.22910124,41.07025
G2252,28.79907634088154,77.50384362134655,0.5527973,-0.15331122,43.855927
G2253,28.803585132476503,77.5039514626236,0.5322652,-0.11908783,41.10785
G2254,28.80809392068865,77.50405932862205,0.5398026,-0.17032692,40.369568
G2255,28.81260270551759,77.50416721934643,0.31671643,0.011242726,42.444305
G2256,28.817111486962936,77.50427513480119,0.6195844,-0.23718157,38.773346
G2257,28.82162026502428,77.50438307499088,0.5589891,-0.15352003,40.13028
G2258,28.82612903970122,77.50449103992001,0.28732678,0.073221646,44.549805
G2259,28.83063781099335,77.50459902959308,0.46139744,-0.091253385,40.916443
G2260,28.835146578900293,77.50470704401461,0.48196265,-0.11960583,43.172333
G2261,28.839655343421647,77.50481508318911,0.5563942,-0.17187196,42.816864
G2262,28.844164104556995,77.50492314712112,0.54603946,-0.2175822,41.312958
G2263,28.848672862305964,77.50503123581512,0.5872257,-0.19661546,39.057037
G2264,28.853181616668135,77.50513934927565,0.53184295,-0.14936239,41.080505
G2265,28.85769036764312,77.50524748750723,0.58749944,-0.22144742,40.328552
G2266,28.86219911523052,77.5053556505144,0.6028422,-0.19905123,39.97647
G2267,28.86670785942995,77.50546383830165,0.61185974,-0.23588027,38.308502
G2268,28.871216600240995,77.50557205087352,0.59578335,-0.18941686,40.21231
G2269,28.87572533766325,77.50568028823456,0.45792288,-0.059210584,40.137115
G2270,28.880234071696343,77.50578855038925,0.42631444,-0.061390053,42.734833
G2271,28.88474280233985,77.50589683734216,0.42577818,0.030668918,43.12448
G2272,28.8892515295934,77.5060051490978,0.5635196,-0.17436291,41.046326
G2273,28.893760253456573,77.50611348566072,0.50176275,-0.10994889,39.40909
G2274,28.897159707820208,77.50552928782902,0.49398774,-0.12682465,40.964294
G2275,28.646538635929755,77.50581700077814,0.26695576,-0.027442997,46.50833
G2276,28.650189826414174,77.50541014357705,0.36935443,-0.051458772,47.18509
G2277,28.654698711827304,77.50551738980973,0.38761595,-0.13493195,46.101593
G2278,28.659207593869333,77.50562466066594,0.35164738,-0.026248572,44.799316
G2279,28.663716472539846,77.50573195615019,0.42596233,-0.12131857,44.03366
G2280,28.66822534783847,77.50583927626691,0.714049,-0.3328225,42.379364
G2281,28.67273421976479,77.5059466210206,0.49564642,-0.16235408,42.054657
G2282,28.6772430883184,77.5060539904157,0.3836571,-0.032458365,49.45468
G2283,28.681751953498907,77.50616138445672,0.20789002,-0.052402686,47.53714
G2284,28.68626081530591,77.50626880314812,0.32558632,-0.0750798,43.71237
G2285,28.690769673739005,77.50637624649436,0.36566916,-0.04744547,44.245575
G2286,28.695278528797807,77.50648371449994,0.35489303,-0.015252431,44.77539
G2287,28.6997873804819,77.50659120716931,0.5947942,-0.23537023,43.370575
G2288,28.704296228790884,77.50669872450698,0.57503724,-0.21142375,45.29834
G2289,28.708805073724363,77.50680626651742,0.32364643,-0.01212688,44.597656
G2290,28.71331391528195,77.50691383320509,0.24276668,0.10154079,45.065918
G2291,28.71782275346322,77.50702142457452,0.32903507,-0.048336525,46.699738
G2292,28.7223315882678,77.50712904063016,0.56847686,-0.24254844,40.243073
G2293,28.72684041969527,77.50723668137651,0.46939728,-0.14282557,43.842255
G2294,28.731349247745232,77.50734434681807,0.48977834,-0.12898563,43.302216
G2295,28.7358580724173,77.50745203695931,0.41369927,-0.044276077,46.969757
G2296,28.74036689371106,77.50755975180473,0.5279808,-0.12939963,44.748047
G2297,28.74487571162613,77.50766749135883,0.41443065,-0.056960825,45.065918
G2298,28.749384526162093,77.5077752556261,0.32932666,0.010076468,44.313934
G2299,28.75389333731855,77.50788304461103,0.6734879,-0.37640765,40.560974
G2300,28.758402145095115,77.50799085831812,0.48409042,-0.14290163,42.79294
G2301,28.76291094949138,77.50809869675189,0.23938446,-0.028454173,44.536133
G2302,28.767419750506946,77.50820655991681,0.25507307,-0.020797214,45.21289
G2303,28.771928548141418,77.5083144478174,0.19088551,0.0039132717,47.304718
G2304,28.776437342394388,77.50842236045814,0.30322364,-0.03226652,46.5972
G2305,28.780946133265463,77.50853029784358,0.4772791,-0.13782966,41.247986
G2306,28.78545492075425,77.5086382599782,0.5573356,-0.21866226,38.072662
G2307,28.789963704860345,77.5087462468665,0.4611213,-0.10167367,42.40329
G2308,28.794472485583345,77.50885425851298,0.29630545,0.03805942,47.735382
G2309,28.79898126292285,77.5089622949222,0.64803064,-0.2097345,39.832916
G2310,28.80349003687848,77.50907035609862,0.6816984,-0.3364807,40.51654
G2311,28.80799880744981,77.50917844204679,0.57702136,-0.17608663,41.169373
G2312,28.81250757463644,77.5092865527712,0.67923164,-0.27060118,39.62442
G2313,28.817016338438005,77.50939468827637,0.59832954,-0.19028388,40.800232
G2314,28.82152509885408,77.50950284856685,0.7223593,-0.35370982,37.836823
G2315,28.82603385588428,77.50961103364713,0.61932427,-0.20537199,41.507782
G2316,28.830542609528173,77.50971924352173,0.5013695,-0.14340968,39.009186
G2317,28.835051359785407,77.50982747819518,0.566337,-0.19029945,40.410583
G2318,28.83956010665556,77.50993573767201,0.45963693,-0.048701633,42.246063
G2319,28.844068850138232,77.51004402195674,0.6420957,-0.23689583,39.282623
G2320,28.848577590233027,77.51015233105389,0.6501355,-0.27897814,39.43643
G2321,28.853086326939557,77.510260664968,0.53013825,-0.15713088,41.230896
G2322,28.85759506025741,77.5103690237036,0.6431568,-0.26637903,39.091217
G2323,28.862103790186183,77.51047740726523,0.53625065,-0.18440823,41.097595
G2324,28.8666125167255,77.5105858156574,0.55583787,-0.18425363,40.19522
G2325,28.871121239874945,77.51069424888466,0.6833706,-0.26868758,36.99597
G2326,28.875629959634125,77.51080270695154,0.43259212,-0.04038923,40.472107
G2327,28.88013867600266,77.51091118986258,0.4174511,-0.03707702,42.03415
G2328,28.884647388980117,77.51101969762232,0.5571436,-0.2288509,40.37982
G2329,28.88915609856612,77.5111282302353,0.5766289,-0.17342058,40.65326
G2330,28.893355371694252,77.5110677777116,0.55742127,-0.13473254,39.043365
G2331,28.896070373233695,77.5089621995727,0.46950158,-0.06208177,40.30121
G2332,28.64296900117712,77.5105640673292,0.35952494,-0.0550224,48.09085
G2333,28.64570138326683,77.51035554465186,0.5117731,-0.12727949,44.84375
G2334,28.650095137147225,77.51052156403358,0.2734996,-0.020559344,46.84671
G2335,28.654604004933827,77.51062902850515,0.28483808,0.028221544,46.737335
G2336,28.65911286934785,77.51073651765032,0.62297374,-0.22386429,43.825165
G2337,28.663621730388904,77.51084403147352,0.54815745,-0.1617604,45.742706
G2338,28.668130588056588,77.51095156997928,0.4499679,-0.076874204,46.938995
G2339,28.67263944235049,77.51105913317208,0.43744186,-0.09797336,44.597656
G2340,28.677148293270225,77.51116672105636,0.2187934,0.062889524,51.249115
G2341,28.68165714081538,77.51127433363662,0.23309597,0.024025803,54.96109
G2342,28.68616598498555,77.51138197091736,0.2486078,-0.008697974,47.243195
G2343,28.690674825780352,77.51148963290304,0.31592777,-0.042909406,45.50003
G2344,28.695183663199376,77.51159731959815,0.46381813,-0.15310746,44.214813
G2345,28.699692497242214,77.51170503100718,0.61863726,-0.21374229,43.148407
G2346,28.70420132790849,77.51181276713466,0.65794665,-0.2507313,44.4917
G2347,28.70871015519777,77.51192052798501,0.2240297,0.077426836,51.25595
G2348,28.713218979109687,77.51202831356277,0.2884693,0.045176834,46.265656
G2349,28.717727799643807,77.51213612387241,0.3755216,-0.048337184,46.47757
G2350,28.72223661679976,77.51224395891843,0.38470837,-0.040504374,45.000977
G2351,28.726745430577136,77.51235181870534,0.5565561,-0.18012188,42.228973
G2352,28.731254240975524,77.51245970323764,0.2803608,-0.027125275,45.459015
G2353,28.73576304799454,77.5125676125198,0.5328873,-0.16835631,44.546387
G2354,28.74027185163378,77.51267554655635,0.44513005,-0.11687758,45.541046
G2355,28.74478065189283,77.51278350535178,0.2716867,-0.02475987,46.436554
G2356,28.749289448771304,77.5128914889106,0.4961005,-0.12738025,43.93112
G2357,28.753798242268807,77.51299949723732,0.540794,-0.2105773,42.273407
G2358,28.75830703238492,77.51310753033641,0.51120555,-0.1204969,43.418427
G2359,28.762815819119268,77.51321558821242,0.65299195,-0.24705783,40.33197
G2360,28.767324602471422,77.51332367086984,0.415828,-0.06217448,45.26416
G2361,28.771833382441013,77.51343177831319,0.54928607,-0.17072916,43.41501
G2362,28.776342159027617,77.513539910547,0.22161712,-0.03664326,46.5596
G2363,28.780850932230848,77.51364806757574,0.6355274,-0.23026115,41.535126
G2364,28.785359702050307,77.51375624940397,0.37447426,0.019977486,41.066833
G2365,28.7898684684856,77.51386445603617,0.47007436,-0.15799716,37.580475
G2366,28.7943772315363,77.5139726874769,0.52583766,-0.18305725,40.30121
G2367,28.79888599120204,77.51408094373062,0.3410425,-0.061132785,45.776886
G2368,28.803394747482404,77.51418922480191,0.5615237,-0.12795454,42.6904
G2369,28.807903500376984,77.51429753069526,0.7369912,-0.34568068,37.65567
G2370,28.8124122498854,77.51440586141521,0.57505196,-0.17543823,42.24948
G2371,28.81692099600725,77.51451421696628,0.25591576,0.0057100677,46.686066
G2372,28.82142973874214,77.51462259735301,0.32737276,-0.043761816,41.371063
G2373,28.82593847808965,77.51473100257991,0.46393645,-0.073564716,41.083923
G2374,28.830447214049386,77.51483943265151,0.6652547,-0.25981888,39.9628
G2375,28.83495594662096,77.51494788757236,0.66378707,-0.30594894,38.93741
G2376,28.839464675803978,77.515056367347,0.5834198,-0.18230134,41.432587
G2377,28.843973401598028,77.51516487197993,0.5005326,-0.11458735,39.42276
G2378,28.84848212400271,77.51527340147571,0.2880089,0.008677206,45.5513
G2379,28.852990843017643,77.51538195583886,0.4545902,-0.03524228,40.000397
G2380,28.8574995586424,77.51549053507395,0.5850486,-0.2510073,39.990143
G2381,28.8620082708766,77.5155991391855,0.58272296,-0.15635812,40.359314
G2382,28.86651697971985,77.51570776817806,0.5924936,-0.22386879,41.941864
G2383,28.871025685171748,77.51581642205615,0.5909121,-0.1913687,40.663513
G2384,28.87553438723188,77.51592510082435,0.706726,-0.3224311,38.92032
G2385,28.880043085899874,77.5160338044872,0.6673045,-0.35204887,40.711365
G2386,28.884551781175315,77.51614253304923,0.6584034,-0.2509354,41.08734
G2387,28.889060473057796,77.51625128651501,0.4886814,-0.13909687,41.606903
G2388,28.89235276174417,77.51609718561636,0.38754547,-0.0488778,41.29242
G2389,28.64667173198501,77.51397013940206,0.20335756,-0.044619773,45.985382
G2390,28.65018234525697,77.51543583047001,0.43231,-0.06705532,46.740753
G2391,28.65450910542937,77.51574064252699,0.31207308,-0.012515409,47.137238
G2392,28.659017952179585,77.51584834995661,0.6199393,-0.22561246,45.48294
G2393,28.663526795555335,77.51595608211434,0.2983997,0.017647091,48.06009
G2394,28.668035635556247,77.51606383900466,0.34963608,-0.033246726,46.61429
G2395,28.672544472181915,77.51617162063205,0.40991005,-0.08567859,42.9946
G2396,28.677053305431933,77.51627942700102,0.18461484,0.023591768,47.88919
G2397,28.6815621353059,77.51638725811605,0.24941331,0.0075027007,44.18405
G2398,28.68607096180341,77.51649511398165,0.35242665,-0.046657268,48.19339
G2399,28.69057978492406,77.51660299460228,0.67790186,-0.37298974,44.77881
G2400,28.695088604667472,77.51671089998246,0.3936968,-0.063683175,47.397003
G2401,28.69959742103323,77.51681883012668,0.43447605,-0.12043589,46.757843
G2402,28.704106234020923,77.51692678503943,0.65462106,-0.29986814,43.233856
G2403,28.708615043630164,77.51703476472521,0.39324978,-0.05268577,47.58499
G2404,28.713123849860544,77.51714276918855,0.26394764,0.0158984,46.446808
G2405,28.717632652711664,77.51725079843392,0.2411569,0.06755138,50.26474
G2406,28.72214145218313,77.51735885246583,0.34662387,-0.011723687,43.384247
G2407,28.72665024827453,77.51746693128881,0.2813587,0.031224454,44.703613
G2408,28.73115904098549,77.51757503490732,0.40191492,-0.059105854,43.182587
G2409,28.735667830315577,77.51768316332593,0.53329515,-0.10391762,44.03366
G2410,28.74017661626441,77.5177913165491,0.43410245,-0.059051827,42.43747
G2411,28.744685398831585,77.51789949458134,0.40676337,-0.051422473,43.032196
G2412,28.749194178016687,77.51800769742721,0.48803154,-0.11631587,41.25824
G2413,28.753702953819342,77.51811592509118,0.52598256,-0.2430373,39.68936
G2414,28.75821172623913,77.51822417757778,0.41441643,-0.06780648,45.270996
G2415,28.76272049527566,77.51833245489154,0.5578321,-0.15084192,43.02536
G2416,28.767229260928527,77.51844075703696,0.691338,-0.29854152,37.190796
G2417,28.771738023197337,77.51854908401856,0.5102568,-0.121342875,42.659637
G2418,28.77624678208168,77.51865743584088,0.6848445,-0.3003085,39.914948
G2419,28.780755537581168,77.51876581250843,0.41780755,-0.07348085,40.352478
G2420,28.785264289695395,77.51887421402574,0.31443214,0.0060827057,45.8555
G2421,28.789773038423967,77.51898264039734,0.7287811,-0.30890387,41.371063
G2422,28.794281783766472,77.51909109162776,0.41858512,-0.051299416,46.32718
G2423,28.79879052572252,77.5191995677215,0.23343992,0.013922222,46.169952
G2424,28.80329926429171,77.51930806868312,0.5510064,-0.18902925,42.43405
G2425,28.80780799947364,77.51941659451715,0.26306936,0.08270844,50.018646
G2426,28.81231673126791,77.51952514522812,0.52721035,-0.14307432,42.70407
G2427,28.816825459674128,77.51963372082055,0.5834606,-0.21594015,42.60495
G2428,28.82133418469188,77.51974232129899,0.4897942,-0.12626939,42.153778
G2429,28.82584290632079,77.51985094666799,0.48053116,-0.14509079,43.035614
G2430,28.83035162456042,77.51995959693208,0.6294359,-0.26361454,42.43405
G2431,28.83486033941042,77.5200682720958,0.74766576,-0.40373912,40.4516
G2432,28.83936905087035,77.52017697216367,0.5504221,-0.21064612,41.268494
G2433,28.84387775893984,77.52028569714027,0.40981644,-0.031486854,44.52246
G2434,28.848386463618468,77.52039444703013,0.3917094,-0.016470596,43.062958
G2435,28.85289516490584,77.5205032218378,0.48918173,-0.2208795,40.540466
G2436,28.85740386280156,77.52061202156783,0.5089932,-0.13028115,39.19034
G2437,28.86191255730524,77.52072084622476,0.50475657,-0.1849914,39.477448
G2438,28.866421248416465,77.52082969581316,0.6151562,-0.2362311,37.566803
G2439,28.87092993613485,77.52093857033756,0.6265916,-0.23075348,40.18155
G2440,28.87543862045998,77.52104746980254,0.6470766,-0.2812759,39.55606
G2441,28.879947301391464,77.52115639421264,0.6994586,-0.29943395,36.83191
G2442,28.884455978928894,77.52126534357241,0.7003616,-0.316548,36.69519
G2443,28.888964653071906,77.52137431788643,0.60893095,-0.23007144,41.805145
G2444,28.89218029072091,77.5208788287432,0.54884255,-0.12869169,41.350555
G2445,28.64757352747532,77.52317030547799,0.23310298,0.07017013,50.493744
G2446,28.650315215554738,77.520971936598,0.252784,-0.02920631,49.23932
G2447,28.654414013317343,77.5208522318252,0.64344245,-0.2793262,43.558563
G2448,28.658922842367915,77.52096015753482,0.5281417,-0.10953565,44.68994
G2449,28.66343166804257,77.52106810802255,0.50812835,-0.12443253,41.405243
G2450,28.66794049034089,77.52117608329294,0.6122771,-0.25129813,42.21872
G2451,28.67244930926249,77.52128408335047,0.5924079,-0.20730643,44.006317
G2452,28.67695812480696,77.52139210819963,0.19881822,0.032775916,47.711456
G2453,28.6814669369739,77.52150015784495,0.43078572,-0.1015196,45.151367
G2454,28.68597574576291,77.52160823229089,0.2282991,0.029311338,48.518127
G2455,28.69048455117359,77.521716331542,0.44298968,-0.09722048,43.319305
G2456,28.694993353205533,77.52182445560273,0.39310384,0.015519054,44.806152
G2457,28.699502151858344,77.52193260447761,0.24191454,-0.016285483,46.672394
G2458,28.70401094713162,77.52204077817117,0.23063812,-0.050266925,46.30667
G2459,28.70851973902496,77.52214897668789,0.59741944,-0.24919614,48.306183
G2460,28.71302852753796,77.52225720003229,0.47882074,-0.12427176,43.832
G2461,28.717537312670224,77.52236544820889,0.27709946,0.049095117,49.082092
G2462,28.722046094421337,77.5224737212222,0.41120952,-0.08399165,47.05179
G2463,28.72655487279092,77.52258201907671,0.5332995,-0.1141658,46.197296
G2464,28.73106364777857,77.52269034177696,0.28302547,0.033014856,48.78473
G2465,28.73557241938386,77.52279868932746,0.3473428,-0.0392924,46.49124
G2466,28.74008118760641,77.52290706173274,0.6473938,-0.23410594,42.393036
G2467,28.74458995244582,77.5230154589973,0.38414922,-0.092264734,42.980927
G2468,28.74909871390169,77.5231238811257,0.6939885,-0.2670102,37.68985
G2469,28.753607471973616,77.52323232812242,0.5760139,-0.1645966,42.1196
G2470,28.75811622666119,77.52334079999201,0.6830355,-0.26672885,40.17813
G2471,28.76262497796402,77.52344929673899,0.14967573,-0.36518657,35.63559
G2472,28.767133725881703,77.52355781836788,0.4836875,-0.11410115,41.295837
G2473,28.77164247041384,77.52366636488323,0.4209011,-0.028548202,44.03708
G2474,28.776151211560038,77.52377493628954,0.52597886,-0.14719546,44.2695
G2475,28.78065994931987,77.52388353259137,0.5969688,-0.2097943,43.23044
G2476,28.78516868369296,77.52399215379324,0.32938495,-0.20717566,43.442352
G2477,28.78967741467891,77.52410079989971,0.3610577,-0.016481109,44.806152
G2478,28.794186142277308,77.52420947091528,0.5434281,-0.10540045,43.534637
G2479,28.79869486648776,77.52431816684451,0.32040024,0.016519716,44.68994
G2480,28.80320358730987,77.52442688769193,0.3691408,-0.00041163954,43.36374
G2481,28.80771230474321,77.5245356334621,0.47873533,-0.111449756,43.65085
G2482,28.812221018787422,77.52464440415953,0.5115428,-0.15858392,43.74655
G2483,28.816729729442077,77.52475319978879,0.54635286,-0.16514248,40.414
G2484,28.82123843670679,77.52486202035443,0.46121082,-0.08400395,43.794403
G2485,28.82574714058115,77.52497086586098,0.59319717,-0.1919662,43.95163
G2486,28.83025584106476,77.52507973631299,0.27038184,0.07360505,45.523956
G2487,28.83476453815722,77.52518863171504,0.4479981,-0.12997968,40.48236
G2488,28.83927323185815,77.52529755207162,0.385191,-0.036585033,44.833496
G2489,28.84378192216712,77.52540649738735,0.22280256,0.07687167,47.31839
G2490,28.848290609083747,77.52551546766675,0.46846768,-0.06655346,39.20401
G2491,28.85279929260764,77.5256244629144,0.62322265,-0.20497084,39.32364
G2492,28.85730797273837,77.5257334831348,0.35169002,-0.031068413,44.614746
G2493,28.861816649475557,77.52584252833259,0.41950133,-0.12411947,39.27237
G2494,28.866325322818803,77.52595159851225,0.5460636,-0.1621241,39.785065
G2495,28.87083399276771,77.5260606936784,0.74374586,-0.34563503,36.825073
G2496,28.87534265932187,77.52616981383561,0.58396804,-0.1686695,37.375397
G2497,28.87985132248089,77.5262789589884,0.41137218,-0.276566,39.34073
G2498,28.88435998224437,77.52638812914135,0.5467252,-0.17013912,37.980377
G2499,28.88856545899226,77.52632216987845,0.65024555,-0.23800138,40.526794
G2500,28.891337610874537,77.52438978290323,0.64059454,-0.26331782,38.643463
G2501,28.646618088235183,77.52667587092411,0.4863282,-0.117000945,50.866302
G2502,28.649809913909063,77.52585567718839,0.32819945,-0.0280306,47.752472
G2503,28.65431872860118,77.52596379634977,0.54717255,-0.1680431,44.262665
G2504,28.65882753991631,77.52607194033486,0.6683773,-0.23963763,42.26657
G2505,28.663336347854024,77.52618010914813,0.5650402,-0.18001522,43.903778
G2506,28.66784515241393,77.52628830279409,0.41121998,-0.065358005,43.486786
G2507,28.672353953595643,77.52639652127725,0.3763136,-0.058504045,45.698273
G2508,28.676862751398733,77.52650476460212,0.33453518,-0.03222903,46.751007
G2509,28.681371545822817,77.52661303277318,0.5179322,-0.17491806,43.155243
G2510,28.68588033686749,77.52672132579501,0.38772148,-0.12770902,44.54297
G2511,28.69038912453235,77.52682964367204,0.54073185,-0.23749575,43.688446
G2512,28.694897908816998,77.52693798640884,0.47245806,-0.12272734,43.705536
G2513,28.699406689721023,77.52704635400991,0.53036296,-0.22393815,42.60495
G2514,28.703915467244027,77.52715474647974,0.5279316,-0.1442032,46.822784
G2515,28.708424241385615,77.52726316382288,0.45458063,-0.1283413,43.558563
G2516,28.712933012145378,77.52737160604386,0.43782794,-0.07208173,43.315887
G2517,28.71744177952292,77.52748007314716,0.4906136,-0.13506293,44.122528
G2518,28.72195054351784,77.52758856513732,0.66729003,-0.27468413,44.840332
G2519,28.72645930412973,77.52769708201886,0.31370747,0.040856194,49.21881
G2520,28.73096806135819,77.52780562379634,0.47187024,-0.13562554,51.71054
G2521,28.73547681520284,77.52791419047423,0.421633,-0.053452924,45.192383
G2522,28.73998556566324,77.5280227820571,0.4946814,-0.15932326,42.533173
G2523,28.74449431273901,77.52813139854946,0.52022475,-0.27915016,40.277252
G2524,28.74900305642976,77.52824003995585,0.62558806,-0.29960325,37.207886
G2525,28.75351179673508,77.5283487062808,0.36988655,0.0046853963,45.80081
G2526,28.758020533654545,77.52845739752884,0.50886333,-0.1544128,42.563934
G2527,28.762529267187794,77.52856611370451,0.51770157,-0.08165133,44.99756
G2528,28.767037997334405,77.52867485481235,0.45491543,-0.089965686,43.001434
G2529,28.77154672409397,77.52878362085688,0.46354988,-0.07679636,42.683563
G2530,28.77605544746611,77.52889241184268,0.58920825,-0.22392708,41.67868
G2531,28.780564167450404,77.52900122777426,0.5668206,-0.20218912,42.512665
G2532,28.785072884046468,77.52911006865617,0.35465258,-0.05604459,45.089844
G2533,28.78958159725388,77.52921893449295,0.36757705,-0.104855925,44.3071
G2534,28.79409030707226,77.52932782528916,0.43639222,-0.0828255,44.402832
G2535,28.798599013501203,77.52943674104931,0.38317734,-0.038978793,43.541473
G2536,28.80310771654031,77.529545681778,0.3510364,-0.004407475,44.47461
G2537,28.807616416189177,77.52965464747976,0.4197093,-0.13469522,42.06833
G2538,28.81212511244738,77.52976363815912,0.3464544,-0.016990839,45.841827
G2539,28.81663380531457,77.52987265382068,0.476034,-0.12033158,43.288544
G2540,28.821142494790305,77.52998169446894,0.4616873,-0.12455854,41.388153
G2541,28.825651180874196,77.53009076010851,0.3964616,-0.039776832,42.157196
G2542,28.83015986356584,77.53019985074391,0.43586013,-0.13710447,41.080505
G2543,28.83466854286485,77.5303089663797,0.2384555,0.070663214,44.666016
G2544,28.839177218770818,77.53041810702047,0.30320892,-0.024886902,45.554718
G2545,28.843685891283336,77.53052727267077,0.41061327,-0.07584762,41.196716
G2546,28.84819456040202,77.53063646333514,0.5334346,-0.19641018,37.68643
G2547,28.852703226126465,77.53074567901818,0.46697006,-0.17702697,39.039948
G2548,28.85721188845626,77.53085491972443,0.6246818,-0.22707102,40.646423
G2549,28.861720547391016,77.53096418545849,0.4126363,-0.053785976,40.75238
G2550,28.866229202930327,77.53107347622488,0.603668,-0.21090133,39.0878
G2551,28.870737855073813,77.53118279202822,0.66131663,-0.2926136,39.10489
G2552,28.875246503821028,77.53129213287306,0.41396657,-0.015488359,39.57315
G2553,28.879755149171626,77.53140149876398,0.6612659,-0.22448188,37.614655
G2554,28.884263791125168,77.53151088970554,0.72614944,-0.32016894,35.861176
G2555,28.887592681968147,77.53143218760823,0.6502109,-0.2729978,36.36023
G2556,28.64222734326677,77.53240674967596,0.61190975,-0.24245536,45.92044
G2557,28.64535829477331,77.53102373277703,0.2756218,0.043129772,46.234894
G2558,28.64971445436201,77.53096699866832,0.40663257,-0.10034164,43.691864
G2559,28.65422325128433,77.53107533605066,0.685787,-0.2925675,41.57614
G2560,28.65873204482819,77.53118369830673,0.62865674,-0.23335364,43.64743
G2561,28.663240834993143,77.53129208544101,0.46712992,-0.16802529,43.3945
G2562,28.667749621778825,77.53140049745804,0.3891649,-0.05877315,45.04883
G2563,28.67225840518481,77.53150893436232,0.37999567,-0.08977952,43.322723
G2564,28.676767185210704,77.53161739615837,0.3121998,-0.07254081,44.566895
G2565,28.6812759618561,77.53172588285071,0.52803326,-0.18453135,46.02298
G2566,28.6857847351206,77.53183439444386,0.31435442,-0.10235524,44.197723
G2567,28.690293505003797,77.53194293094235,0.48622704,-0.13897881,44.96338
G2568,28.6948022715053,77.53205149235069,0.43168294,-0.09653987,44.262665
G2569,28.699311034624703,77.5321600786734,0.20243831,0.09548871,50.7706
G2570,28.703819794361586,77.53226868991501,0.366077,-0.015775545,45.3667
G2571,28.708328550715567,77.53237732608007,0.5583791,-0.17663848,50.240814
G2572,28.712837303686253,77.53248598717306,0.4466075,-0.106880836,44.132782
G2573,28.71734605327321,77.53259467319856,0.31809077,0.023641743,48.3096
G2574,28.721854799476077,77.53270338416105,0.26607466,0.061074603,49.232483
G2575,28.72636354229441,77.53281212006512,0.5609841,-0.19116707,48.16263
G2576,28.730872281727837,77.53292088091526,0.5221237,-0.24579415,39.77481
G2577,28.73538101777594,77.53302966671603,0.48424345,-0.11987358,41.740204
G2578,28.739889750438326,77.53313847747195,0.5038445,-0.1557108,41.07025
G2579,28.7443984797146,77.53324731318757,0.550421,-0.22088817,42.174286
G2580,28.748907205604347,77.53335617386743,0.52346545,-0.19123724,47.465363
G2581,28.753415928107163,77.53346505951608,0.69383913,-0.2876578,38.71866
G2582,28.75792464722266,77.53357397013805,0.45964262,-0.07995405,44.666016
G2583,28.76243336295043,77.53368290573788,0.4817423,-0.12731579,41.733368
G2584,28.76694207529007,77.53379186632013,0.6277876,-0.22788177,40.639587
G2585,28.771450784241196,77.53390085188931,0.2902856,0.06807536,47.608917
G2586,28.775959489803377,77.53400986245005,0.6226494,-0.24625874,40.858337
G2587,28.78046819197624,77.53411889800682,0.5706241,-0.14868332,42.43405
G2588,28.78497689075936,77.53422795856422,0.47365764,-0.07832838,45.09668
G2589,28.78948558615235,77.53433704412677,0.6028933,-0.20785025,42.13669
G2590,28.793994278154805,77.53444615469905,0.3609102,-0.061543547,44.081512
G2591,28.79850296676633,77.53455529028561,0.45396256,-0.048135236,43.572235
G2592,28.803011651986523,77.53466445089101,0.46641198,-0.10938604,43.49362
G2593,28.807520333814967,77.5347736365198,0.5283072,-0.2197198,43.401337
G2594,28.81202901225128,77.53488284717656,0.47491992,-0.08530076,46.231476
G2595,28.81653768729506,77.53499208286583,0.48903066,-0.19289787,43.927704
G2596,28.821046358945896,77.53510134359219,0.44476318,-0.103460014,41.84616
G2597,28.8255550272034,77.53521062936018,0.2345148,-0.0030961859,44.460938
G2598,28.830063692067142,77.53531994017442,0.28196374,0.017642038,43.268036
G2599,28.834572353536768,77.53542927603942,0.5185303,-0.20845895,42.348602
G2600,28.83908101161184,77.53553863695979,0.32608345,-0.0042196857,43.223602
G2601,28.843589666291983,77.53564802294008,0.63818496,-0.25476834,40.83441
G2602,28.84809831757677,77.53575743398488,0.6179907,-0.22133109,38.81778
G2603,28.852606965465824,77.53586687009874,0.45375013,-0.020926625,41.268494
G2604,28.857115609958733,77.53597633128626,0.50028086,-0.08323117,41.637665
G2605,28.8616242510551,77.53608581755202,0.33954006,0.046579514,44.296844
G2606,28.86613288875452,77.53619532890058,0.71528995,-0.30469468,37.395905
G2607,28.87064152305661,77.53630486533652,0.696656,-0.29476723,36.927612
G2608,28.875150153960934,77.53641442686444,0.24964635,0.023247613,45.117188
G2609,28.87965878146714,77.5365240134889,0.6865671,-0.30513644,41.183044
G2610,28.88416740557479,77.53663362521452,0.5274392,-0.101271234,40.037994
G2611,28.88759113454492,77.53680383907897,0.55487424,-0.1782641,39.5253
G2612,28.63782002966686,77.53756334670689,0.30226567,0.011369299,48.367706
G2613,28.640856122801857,77.53617204277187,0.3110831,-0.008112377,45.63675
G2614,28.64511001975721,77.53596976459949,0.55537397,-0.20402709,45.623077
G2615,28.64961880225351,77.53607829527904,0.6756539,-0.27492127,44.529297
G2616,28.65412758137024,77.53618685087784,0.31775662,0.013005677,46.422882
G2617,28.658636357107007,77.53629543140035,0.46326363,-0.075833164,45.3667
G2618,28.663145129463388,77.53640403685114,0.2823258,0.010612931,44.884766
G2619,28.667653898439006,77.53651266723472,0.521146,-0.1801775,44.68994
G2620,28.67216266403345,77.53662132255562,0.4099314,-0.056584444,44.47461
G2621,28.676671426246298,77.53673000281833,0.3564646,-0.050498832,46.19388
G2622,28.68118018507718,77.53683870802743,0.6787986,-0.2698669,43.674774
G2623,28.68568894052568,77.53694743818741,0.40172094,-0.094149634,43.220184
G2624,28.69019769259138,77.5370561933028,0.45230624,-0.064141035,45.609406
G2625,28.69470644127389,77.53716497337815,0.3806627,-0.07380685,47.742218
G2626,28.69921518657283,77.537273778418,0.3909131,-0.072017424,44.7583
G2627,28.703723928487754,77.53738260842685,0.21358323,0.057853706,48.0054
G2628,28.70823266701829,77.53749146340927,0.27899176,0.039807666,49.44098
G2629,28.712741402164028,77.53760034336979,0.37830508,-0.06234654,46.682648
G2630,28.71725013392456,77.53770924831294,0.25068492,0.08205684,50.623627
G2631,28.72175886229949,77.53781817824326,0.08445281,-0.31679913,37.884674
G2632,28.726267587288422,77.5379271331653,0.26635265,0.04137744,45.8179
G2633,28.73077630889094,77.53803611308358,0.6010856,-0.28308713,42.915985
G2634,28.73528502710665,77.53814511800267,0.5182728,-0.16246356,45.65384
G2635,28.73979374193516,77.53825414792712,0.46481127,-0.081201956,42.700653
G2636,28.74430245337604,77.53836320286146,0.47016114,-0.08699699,43.585907
G2637,28.7488111614289,77.53847228281025,0.4801144,-0.1485423,44.67627
G2638,28.75331986609336,77.53858138777805,0.45885247,-0.12402816,42.72116
G2639,28.75782856736899,77.53869051776938,0.62249434,-0.23529975,40.14737
G2640,28.76233726525541,77.53879967278883,0.5871124,-0.18332541,40.73871
G2641,28.7668459597522,77.53890885284092,0.27878672,-0.016682412,45.25049
G2642,28.77135465085897,77.53901805793025,0.46011108,-0.10411682,43.98239
G2643,28.775863338575316,77.53912728806134,0.4343396,-0.050193705,41.42917
G2644,28.780372022900824,77.53923654323877,0.66049236,-0.25601846,41.59665
G2645,28.78488070383512,77.53934582346709,0.61771375,-0.20187028,40.492615
G2646,28.789389381377777,77.53945512875087,0.5161273,-0.12597065,42.8237
G2647,28.793898055528405,77.53956445909468,0.42318097,-0.07531655,44.447266
G2648,28.7984067262866,77.53967381450308,0.22617449,-0.0059554237,46.49124
G2649,28.80291539365196,77.53978319498061,0.36841467,-0.06824516,45.70169
G2650,28.80742405762409,77.5398926005319,0.38199466,-0.074533165,42.813446
G2651,28.811932718202574,77.54000203116146,0.32556328,-0.022320796,44.56006
G2652,28.81644137538704,77.5401114868739,0.41119906,-0.10601155,44.276337
G2653,28.820950029177045,77.54022096767376,0.5915726,-0.1897866,39.45694
G2654,28.82545867957223,77.54033047356566,0.3841118,-0.07661662,44.519043
G2655,28.829967326572152,77.54044000455413,0.5578005,-0.13656613,39.870514
G2656,28.83447597017644,77.54054956064378,0.5272497,-0.12928805,41.186462
G2657,28.83898461038469,77.54065914183917,0.56610245,-0.18513016,43.04245
G2658,28.84349324719651,77.5407687481449,0.65720516,-0.25898445,41.012146
G2659,28.848001880611477,77.54087837956554,0.36057496,-0.041827098,42.683563
G2660,28.852510510629187,77.54098803610567,0.54779744,-0.2264546,38.86905
G2661,28.85701913724926,77.54109771776987,0.47408473,-0.053247157,41.059998
G2662,28.861527760471287,77.54120742456276,0.31968588,0.037323184,43.250946
G2663,28.86603638029487,77.54131715648887,0.70297265,-0.27990896,38.88272
G2664,28.87054499671961,77.54142691355284,0.5066958,-0.13765289,40.95404
G2665,28.87505360974509,77.54153669575926,0.58518094,-0.2091454,40.76947
G2666,28.879562219370925,77.5416465031127,0.60046256,-0.20124723,40.253326
G2667,28.88407082559672,77.54175633561776,0.3776499,-0.04112626,43.02536
G2668,28.88802629198979,77.54208060379617,0.6004285,-0.18643539,41.336884
G2669,28.891244296251944,77.54425672514417,0.5242648,-0.14517315,41.531708
G2670,28.63364975369644,77.54208565481738,0.42796195,-0.042406764,43.876434
G2671,28.63640973561468,77.54112689441014,0.50701225,-0.12168681,44.95996
G2672,28.64050542489365,77.54097209425234,0.49222258,-0.06908497,44.501953
G2673,28.645014192930667,77.54108081812909,0.3462027,-0.061500832,43.54831
G2674,28.649357428027542,77.5409746006174,0.57267517,-0.19157498,47.226105
G2675,28.65408809399417,77.54124473101362,0.55850166,-0.19251786,42.833954
G2676,28.65854047675621,77.54140713956573,0.22298576,-0.0196754,46.39554
G2677,28.6630492312682,77.54151596332851,0.547417,-0.12131517,42.26657
G2678,28.667557982397938,77.54162481207412,0.588343,-0.22785206,41.675262
G2679,28.67206673014501,77.54173368580707,0.6551495,-0.27822167,44.17038
G2680,28.676575035908357,77.54184183447452,0.3918011,-0.007838408,46.93216
G2681,28.681084215489527,77.54195150825325,0.319869,-0.11909173,46.47757
G2682,28.685592953086186,77.54206045697552,0.46767136,-0.23298168,43.609833
G2683,28.690101687298554,77.54216943070331,0.47836322,-0.12602898,44.37207
G2684,28.694610418126253,77.54227842944115,0.31044194,0.013306787,48.001984
G2685,28.699119145568854,77.54238745319358,0.45715266,-0.08288037,41.24115
G2686,28.703627869625983,77.54249650196515,0.63073856,-0.27527422,42.36911
G2687,28.70813659029722,77.5426055757604,0.47685674,-0.097926535,49.061584
G2688,28.71264530758217,77.54271467458389,0.6017974,-0.3387771,38.957916
G2689,28.717154021480415,77.54282379844014,0.6074843,-0.19762883,43.339813
G2690,28.72166273199157,77.54293294733374,0.43550158,-0.10002999,42.799774
G2691,28.726171439115223,77.5430421212692,0.5685466,-0.19996004,43.685028
G2692,28.730680142850968,77.5431513202511,0.50784415,-0.124617584,43.978973
G2693,28.735188843198426,77.54326054428397,0.3009156,-0.010166042,44.973633
G2694,28.739697540157163,77.54336979337239,0.38543734,-0.0036892402,45.876007
G2695,28.7442062337268,77.5434790675209,0.6816557,-0.26176405,38.2128
G2696,28.74871492390692,77.54358836673407,0.3890276,-0.0335258,45.978546
G2697,28.753223610697123,77.54369769101646,0.366117,-0.023250295,46.480988
G2698,28.757732294097018,77.54380704037261,0.6756184,-0.26373672,41.15912
G2699,28.762240974106188,77.54391641480711,0.34198454,0.028536912,44.074677
G2700,28.766749650724243,77.54402581432453,0.41033524,-0.061546113,44.884766
G2701,28.77125832395077,77.5441352389294,0.5800831,-0.21800262,40.16446
G2702,28.775766993785385,77.5442446886263,0.45422098,-0.07040522,43.941376
G2703,28.78027566022765,77.54435416341983,0.4134681,-0.05319267,45.43509
G2704,28.78478432327721,77.54446366331452,0.40610844,-0.054181512,42.60495
G2705,28.789292982933645,77.54457318831496,0.4581556,-0.15450768,40.91986
G2706,28.793801639196527,77.54468273842572,0.6343415,-0.23097889,40.188385
G2707,28.798310292065487,77.54479231365137,0.3176939,0.0089806765,44.679688
G2708,28.80281894154012,77.54490191399651,0.5399025,-0.14190747,45.325684
G2709,28.80732758762,77.54501153946569,0.27141404,-0.039497644,46.026398
G2710,28.811836230304745,77.5451211900635,0.38885203,-0.039173927,43.838837
G2711,28.81634486959397,77.54523086579452,0.49058276,-0.08876029,44.888184
G2712,28.82085350548724,77.54534056666334,0.5813991,-0.23181026,43.387665
G2713,28.82536213798417,77.54545029267453,0.5105419,-0.14981374,41.080505
G2714,28.82987076708434,77.54556004383268,0.50595796,-0.1475599,40.725037
G2715,28.834379392787376,77.5456698201424,0.4726212,-0.21784061,40.865173
G2716,28.83888801509288,77.54577962160825,0.65440387,-0.24081466,39.53897
G2717,28.84339663400041,77.5458894482348,0.4166196,-0.17715749,40.64984
G2718,28.8479052495096,77.54599930002671,0.63189334,-0.22722201,40.041412
G2719,28.852413861620047,77.5461091769885,0.45696437,-0.07986098,40.824158
G2720,28.856922470331327,77.54621907912482,0.54238075,-0.12174335,43.04245
G2721,28.861431075643075,77.54632900644023,0.43426886,-0.10802833,39.72696
G2722,28.865939677554863,77.54643895893933,0.3748968,-0.025236016,45.6846
G2723,28.870448276066288,77.54654893662675,0.3984969,-0.018368639,43.989227
G2724,28.874956871176963,77.54665893950707,0.57215476,-0.17701551,43.592743
G2725,28.87946546288649,77.54676896758488,0.44904795,-0.056473132,42.46823
G2726,28.88397405119444,77.5468790208648,0.50411075,-0.10251668,41.74362
G2727,28.888482636100445,77.54698909935142,0.5803751,-0.2740653,40.0961
G2728,28.892718323715894,77.54734946562508,0.4333357,-0.04102016,42.820282
G2729,28.89535519736525,77.5491460741952,0.414443,-0.033424746,41.938446
G2730,28.63713301640448,77.54510684626469,0.31617367,0.010040575,42.092255
G2731,28.640430344424832,77.54540781188692,0.41064036,-0.07193879,43.148407
G2732,28.644939000955443,77.54530463712783,0.6620921,-0.25419852,43.425262
G2733,28.64801494550024,77.54462146452936,0.43735084,-0.104782656,46.439972
G2734,28.65439380983109,77.54647826754955,0.28776202,0.03354221,48.268585
G2735,28.658444403779257,77.5465188227528,0.30253845,-0.15838312,44.43701
G2736,28.662921482467716,77.54659494855217,0.4888495,-0.09668456,44.156708
G2737,28.66743969435144,77.54546361151192,0.5953409,-0.2088104,42.410126
G2738,28.67207315926132,77.54575000989776,0.2701244,-0.028086876,47.229523
G2739,28.675550555479564,77.54526927497594,0.24485311,0.038081966,46.303253
G2740,28.681541414818305,77.54547568162548,0.49449623,-0.07441986,47.479034
G2741,28.686044812582114,77.54678459079251,0.42257118,-0.1124214,44.146454
G2742,28.690005489128787,77.54728264309375,0.34783363,-0.07192494,45.270996
G2743,28.694514202065825,77.54739186048954,0.4259536,-0.15704688,45.052246
G2744,28.69902291161628,77.54750110295002,0.46489277,-0.23364206,37.3378
G2745,28.703531617779756,77.54761037047975,0.552927,-0.16463342,43.51071
G2746,28.70804032055584,77.5477196630833,0.71874875,-0.3112303,37.953033
G2747,28.71254901994415,77.5478289807652,0.539884,-0.13990805,42.36911
G2748,28.71705771594425,77.54793832353003,0.48982814,-0.15779093,43.31247
G2749,28.72156640855577,77.54804769138234,0.4710229,-0.11823956,44.864258
G2750,28.72607509777829,77.54815708432668,0.4979452,-0.14527535,46.62796
G2751,28.73058378361141,77.54826650236762,0.39729792,-0.025141252,44.96338
G2752,28.735092466054738,77.54837594550972,0.48884955,-0.08949113,42.423798
G2753,28.73960114510785,77.54848541375756,0.571553,-0.18007866,40.984802
G2754,28.744109820770355,77.54859490711569,0.41760936,-0.05971147,43.138153
G2755,28.74861849304185,77.54870442558867,0.6266246,-0.2308529,41.20697
G2756,28.75312716192194,77.54881396918108,0.5992018,-0.20391423,42.396454
G2757,28.7576358274102,77.54892353789751,0.4632625,-0.10938101,42.950165
G2758,28.76214448950625,77.5490331317425,0.66462857,-0.269038,40.28409
G2759,28.76665314820968,77.54914275072065,0.6145206,-0.1990542,44.300262
G2760,28.771161803520084,77.5492523948365,0.5553941,-0.16023421,41.30609
G2761,28.77567045543706,77.54936206409467,0.40343347,-0.035425615,43.54489
G2762,28.780179103960208,77.54947175849969,0.6116726,-0.21636513,42.851044
G2763,28.78468774908913,77.54958147805618,0.39867282,-0.09357045,46.128937
G2764,28.78919639082342,77.5496912227687,0.50662255,-0.24510214,40.87201
G2765,28.793705029162677,77.54980099264186,0.47253984,-0.12402673,46.118683
G2766,28.79821366410649,77.5499107876802,0.42379025,-0.09686765,46.084503
G2767,28.802722295654476,77.55002060788834,0.48888895,-0.13531174,43.78415
G2768,28.807230923806205,77.55013045327085,0.50204104,-0.15621933,46.532257
G2769,28.8117395485613,77.55024032383233,0.35710812,-0.07698243,44.37207
G2770,28.81624816991935,77.55035021957737,0.3915482,0.03815303,47.393585
G2771,28.82075678787996,77.55046014051052,0.3022613,-0.02713023,47.407257
G2772,28.825265402442707,77.55057008663645,0.29847968,0.055457704,43.743134
G2773,28.829774013607206,77.5506800579597,0.60047555,-0.2100798,40.475525
G2774,28.834282621373053,77.55079005448486,0.3435176,-0.045748796,43.86618
G2775,28.838791225739847,77.55090007621656,0.4657655,-0.06283706,42.529755
G2776,28.843299826707188,77.5510101231594,0.35383317,-0.02869257,43.391083
G2777,28.84780842427466,77.55112019531795,0.43945122,-0.08666932,42.293915
G2778,28.85231701844189,77.55123029269684,0.58628076,-0.19409972,41.40866
G2779,28.856825609208453,77.55134041530066,0.51364034,-0.14845954,41.750458
G2780,28.861334196573942,77.55145056313401,0.5804022,-0.18470287,41.5112
G2781,28.865842780537985,77.5515607362015,0.26847503,0.07906288,50.421967
G2782,28.87035136110016,77.55167093450775,0.47797155,-0.112964004,43.15866
G2783,28.87485993826007,77.55178115805735,0.5911239,-0.19003129,43.189423
G2784,28.879368512017308,77.55189140685493,0.6325061,-0.24587859,40.779724
G2785,28.883877082371463,77.55200168090511,0.628449,-0.25993252,41.27191
G2786,28.88838564932217,77.55211198021247,0.61957395,-0.25303778,40.875427
G2787,28.89267452787863,77.55199672364914,0.57841164,-0.23429663,41.852997
G2788,28.895669808939463,77.55066686372217,0.47388878,-0.06560879,39.197174
G2789,28.65134130116842,77.552229943271,0.72035193,-0.34095657,43.05612
G2790,28.653850992741525,77.55152820605143,0.52734804,-0.1561053,42.140106
G2791,28.65834813817961,77.55163048091154,0.48713976,-0.10611445,45.694855
G2792,28.6627287141626,77.55161630562566,0.23187618,-0.13756049,39.59366
G2793,28.665441899340586,77.55050143856546,0.4911236,-0.29703683,41.145447
G2794,28.68651969140817,77.55209760354008,0.27995268,-0.027573995,44.15329
G2795,28.68990909808556,77.55239583042405,0.25644916,-0.012700732,46.39212
G2796,28.69441779309609,77.55250526647322,0.21341904,-0.0077403923,46.27249
G2797,28.698926484718548,77.5526147276372,0.6500965,-0.26677248,37.80948
G2798,28.703435172952524,77.55272421392056,0.6322959,-0.21658345,39.94229
G2799,28.707943857797623,77.55283372532783,0.556635,-0.16272138,43.490204
G2800,28.71245253925344,77.5529432618636,0.3059775,-0.018099675,46.532257
G2801,28.716961217319557,77.55305282353243,0.20497364,0.036489487,47.62259
G2802,28.72146989199557,77.5531624103389,0.29703656,-0.012029098,45.657257
G2803,28.725978563281107,77.55327202228756,0.51807463,-0.14045371,42.35544
G2804,28.730487231175733,77.55338165938299,0.6043863,-0.2227783,40.95746
G2805,28.73499589567907,77.55349132162975,0.5265279,-0.15087695,41.34372
G2806,28.739504556790685,77.55360100903243,0.5541248,-0.16174713,43.808075
G2807,28.7440132145102,77.5537107215956,0.2431218,-0.0059253825,45.53763
G2808,28.748521868837194,77.55382045932384,0.5426076,-0.14227739,41.84616
G2809,28.75303051977128,77.55393022222174,0.6110594,-0.2072476,41.186462
G2810,28.757539167312043,77.55404001029383,0.66033965,-0.28689346,40.18155
G2811,28.76204781145908,77.55414982354475,0.67470074,-0.27444237,42.47165
G2812,28.766556452212,77.55425966197905,0.28068474,0.06656173,47.16458
G2813,28.771065089570392,77.55436952560132,0.5112053,-0.09552815,45.424835
G2814,28.77557372353385,77.55447941441615,0.38358012,-0.0098365,42.06491
G2815,28.78008235410197,77.55458932842812,0.39713624,-0.07248492,47.735382
G2816,28.784590981274366,77.55469926764182,0.51371986,-0.13524687,42.946747
G2817,28.789099605050616,77.55480923206186,0.4587638,-0.10634079,42.727997
G2818,28.79360822543033,77.5549192216928,0.23329124,0.087733984,46.993683
G2819,28.79811684241309,77.55502923653926,0.55067754,-0.19299532,41.213806
G2820,28.80262545599852,77.5551392766058,0.48119077,-0.15785287,41.39499
G2821,28.807134066186183,77.55524934189705,0.46083155,-0.07070805,43.353485
G2822,28.8116426729757,77.5553594324176,0.36073306,-0.081505045,45.07617
G2823,28.81615127636667,77.55546954817204,0.3538164,-0.08475067,45.73929
G2824,28.82065987635869,77.55557968916499,0.420746,-0.15370677,44.030243
G2825,28.825168472951347,77.55568985540103,0.3256814,-0.046780262,44.481445
G2826,28.829677066144228,77.55580004688477,0.47376758,-0.14276181,42.08542
G2827,28.834185655936963,77.55591026362082,0.30236197,-0.038667504,43.004852
G2828,28.838694242329133,77.55602050561379,0.6224213,-0.25983715,43.240692
G2829,28.84320282532033,77.55613077286826,0.64639366,-0.23425859,41.35739
G2830,28.847711404910164,77.55624106538887,0.5459595,-0.18314174,43.558563
G2831,28.852219981098223,77.55635138318023,0.5966902,-0.22529554,44.061005
G2832,28.856728553884107,77.55646172624695,0.5508441,-0.17080078,41.9487
G2833,28.86123712326741,77.55657209459365,0.43532142,-0.11817837,44.317352
G2834,28.86574568924776,77.55668248822491,0.5589098,-0.16214526,43.989227
G2835,28.87025425182473,77.5567929071454,0.67203426,-0.2784081,42.146942
G2836,28.874762810997893,77.55690335135968,0.59621155,-0.20130365,40.90277
G2837,28.879271366766886,77.55701382087241,0.28915128,0.058008183,46.1221
G2838,28.8837799191313,77.55712431568821,0.39344972,-0.03738,44.17038
G2839,28.88828270564146,77.55722919272496,0.47918367,-0.0884527,45.43509
G2840,28.891411408259067,77.55632667654322,0.62169296,-0.21802582,39.61075
G2841,28.65044197271305,77.5569357439262,0.6362811,-0.2819058,42.878387
G2842,28.65374297581049,77.55663266044883,0.65833426,-0.30091533,41.726532
G2843,28.658251679960756,77.55674211399192,0.7154753,-0.3335891,41.767548
G2844,28.661808734134212,77.55651337119264,0.6298008,-0.22650018,39.90811
G2845,28.686935043466416,77.55718502473532,0.21152423,-0.0071174316,46.956085
G2846,28.68981251417232,77.55750899264412,0.19753115,-0.29948282,41.09076
G2847,28.694321191220528,77.55761864734211,0.52484643,-0.16454071,43.74655
G2848,28.698829864879148,77.55772832720503,0.27284345,0.025044622,46.785187
G2849,28.703338535147797,77.55783803223743,0.40152273,-0.04682777,45.947784
G2850,28.70784720202605,77.55794776244386,0.62602055,-0.221656,41.24115
G2851,28.71235586551352,77.55805751782893,0.42365673,-0.13037972,44.44043
G2852,28.71686452560979,77.55816729839721,0.24708752,-0.011917224,46.24173
G2853,28.72137318231447,77.55827710415326,0.4198689,-0.081210755,44.679688
G2854,28.72588183562716,77.55838693510167,0.59552735,-0.22968072,39.0502
G2855,28.730390485547424,77.55849679124701,0.67373025,-0.28334895,40.24649
G2856,28.7348991320749,77.55860667259387,0.25100172,0.020719726,45.31201
G2857,28.73940777520917,77.55871657914682,0.6913609,-0.29532298,40.437927
G2858,28.74391641494981,77.55882651091046,0.64198214,-0.27512643,40.967712
G2859,28.74842505129643,77.55893646788938,0.48918244,-0.07128565,43.992645
G2860,28.75293368424865,77.55904645008813,0.6791232,-0.26045144,43.623505
G2861,28.757442313806017,77.55915645751135,0.4528723,-0.06651839,45.353027
G2862,28.761950939968173,77.5592664901636,0.6456578,-0.2639565,42.63913
G2863,28.7664595627347,77.55937654804949,0.5517795,-0.13792552,42.543427
G2864,28.770968182105182,77.55948663117357,0.42461863,-0.10714905,44.231903
G2865,28.775476798079225,77.55959673954048,0.42078924,-0.06761404,45.25049
G2866,28.77998541065644,77.55970687315481,0.6933396,-0.2937902,43.770477
G2867,28.7844940198364,77.55981703202113,0.4401499,-0.09445824,43.88669
G2868,28.78900262561872,77.55992721614408,0.6211322,-0.20646347,42.74167
G2869,28.793511228002977,77.56003742552822,0.5710154,-0.1948705,42.512665
G2870,28.7980198269888,77.56014766017819,0.5110533,-0.16400053,44.047333
G2871,28.80252842257576,77.56025792009856,0.50423336,-0.14820014,41.47702
G2872,28.807037014763445,77.56036820529395,0.5808002,-0.24185467,42.290497
G2873,28.81154560355148,77.56047851576898,0.4115264,-0.055137612,42.526337
G2874,28.816054188939454,77.56058885152825,0.31057507,-0.06302973,44.74463
G2875,28.820562770926955,77.56069921257634,0.27959728,-0.029084226,47.998566
G2876,28.825071349513596,77.5608095989179,0.38491163,-0.13206527,45.588898
G2877,28.829579924698937,77.56092001055752,0.2789259,-0.046316776,44.83008
G2878,28.83408849648263,77.56103044749985,0.47322258,-0.1507174,41.96579
G2879,28.83859706486424,77.56114090974947,0.42400965,-0.10070676,44.334442
G2880,28.843105629843357,77.561251397311,0.3047859,-0.013965418,43.568817
G2881,28.847614191419595,77.56136191018906,0.36733508,0.10600213,45.2334
G2882,28.852122749592557,77.56147244838829,0.59293354,-0.1926523,40.94037
G2883,28.85663130436183,77.56158301191329,0.52062976,-0.09811183,43.114227
G2884,28.861139855727,77.56169360076869,0.33968446,-0.011559523,42.075165
G2885,28.865648403687683,77.56180421495911,0.46863493,-0.10237497,43.015106
G2886,28.87015694824348,77.5619148544892,0.63816845,-0.23116094,44.245575
G2887,28.87466548939396,77.56202551936356,0.55508894,-0.17264335,42.406708
G2888,28.879174027138763,77.56213620958682,0.46002468,-0.13938542,42.55368
G2889,28.883682561477453,77.56224692516365,0.44293463,-0.07928901,42.563934
G2890,28.887722547191675,77.56204443920781,0.40998343,-0.06648543,44.207977
G2891,28.89058776191157,77.56010075347392,0.38956296,0.006657373,46.47757
G2892,28.649939829124296,77.56124589078966,0.6855132,-0.30858806,44.242157
G2893,28.65364019365038,77.56173659850396,0.26076126,0.20253184,49.96396
G2894,28.658071720245747,77.56162454079443,0.3905522,-0.07095248,47.75589
G2895,28.660919800122716,77.5602877696494,0.36104026,-0.392292,40.410583
G2896,28.687128965985703,77.56065745909122,0.36652055,-0.0561385,43.84909
G2897,28.69007018764897,77.5617384681848,0.37626868,-0.019019287,47.188507
G2898,28.694367566283187,77.56231958099953,0.26483622,-0.025908386,45.01123
G2899,28.698736197374217,77.56283662646405,0.37395126,-0.10826508,48.306183
G2900,28.70324170436903,77.56295182538024,0.49473438,-0.14069271,42.345184
G2901,28.70775035324461,77.56306177438128,0.44626763,-0.13341951,44.631836
G2902,28.712258998727883,77.56317174861108,0.33546624,-0.34999558,43.695282
G2903,28.716767640818468,77.5632817480742,0.2360452,0.050423034,50.377533
G2904,28.721276279515944,77.56339177277528,0.64077044,-0.29315642,46.91165
G2905,28.72578491481993,77.56350182271883,0.43741167,-0.10124154,42.727997
G2906,28.730293546729985,77.56361189790952,0.3704194,-0.0054703024,43.07663
G2907,28.73480217524574,77.56372199835188,0.47442818,-0.08398129,44.69336
G2908,28.73931080036677,77.56383212405052,0.32707772,-0.047998443,46.169952
G2909,28.74381942209268,77.56394227501005,0.5660917,-0.17994635,42.820282
G2910,28.748328040423065,77.56405245123504,0.62326396,-0.2440354,42.157196
G2911,28.75283665535752,77.5641626527301,0.4927355,-0.07301927,42.50241
G2912,28.75734526689564,77.56427287949984,0.3509013,0.017240996,47.448273
G2913,28.761853875037023,77.56438313154882,0.45928407,-0.07461393,46.6929
G2914,28.76636247978126,77.56449340888167,0.35080662,0.0072786445,47.43802
G2915,28.77087108112796,77.56460371150301,0.40131748,-0.10416917,47.321808
G2916,28.775379679076707,77.56471403941741,0.44328806,-0.10748999,43.24411
G2917,28.77988827362709,77.56482439262949,0.4857591,-0.15842092,44.05075
G2918,28.78439686477875,77.56493477114384,0.3635572,-0.07204913,45.141113
G2919,28.788905452531235,77.56504517496509,0.5437643,-0.13830763,41.842743
G2920,28.79341403688414,77.56515560409785,0.46090266,-0.11850958,43.66794
G2921,28.79792261783709,77.56526605854671,0.23686248,0.075625174,45.793976
G2922,28.80243119538969,77.5653765383163,0.5923257,-0.1821564,42.263153
G2923,28.8069397695415,77.56548704341124,0.580709,-0.26985922,41.67868
G2924,28.81144834029212,77.56559757383613,0.514359,-0.16728045,43.500458
G2925,28.815956907641183,77.56570812959559,0.2622803,-0.02993345,47.021027
G2926,28.82046547158826,77.56581871069424,0.32740492,-0.12685226,46.81595
G2927,28.824974032132957,77.56592931713672,0.20567687,-0.003320632,48.104523
G2928,28.829482589274832,77.56603994892762,0.17485309,0.015413083,47.06888
G2929,28.833991143013552,77.56615060607157,0.18212572,-0.0068119233,46.658722
G2930,28.83849969334867,77.56626128857323,0.6022186,-0.28194684,42.861298
G2931,28.84300824027977,77.5663719964372,0.6409586,-0.24756071,39.737213
G2932,28.847516783806487,77.5664827296681,0.48409086,-0.14275464,43.76706
G2933,28.852025323928405,77.56659348827054,0.4382652,-0.07921612,42.663055
G2934,28.856533860645104,77.56670427224921,0.65747774,-0.29538244,40.328552
G2935,28.861042393956204,77.56681508160871,0.6553175,-0.24839814,40.97455
G2936,28.86555092386129,77.56692591635367,0.5989567,-0.21817957,41.27191
G2937,28.87005945035996,77.56703677648873,0.5139691,-0.1123194,43.65085
G2938,28.87456797345181,77.56714766201854,0.6163724,-0.21944764,42.06491
G2939,28.87907649313645,77.56725857294771,0.61533916,-0.19452125,39.26895
G2940,28.88358500941345,77.56736950928091,0.5856482,-0.214301,42.205048
G2941,28.88687688216998,77.56727534393393,0.3623841,0.006488803,45.1958
G2942,28.650980456061674,77.56450307996148,0.3554373,-0.08770677,47.947296
G2943,28.653059677590942,77.56498518606018,0.27092424,0.019607376,48.63434
G2944,28.65770183442705,77.56449283946762,0.26023236,0.03196555,48.620667
G2945,28.696291049027785,77.56544876639252,0.29453334,-0.00881072,46.419464
G2946,28.699713544507343,77.56647133985432,0.57715607,-0.2089508,45.995636
G2947,28.7032741079081,77.5679346887422,0.4344946,-0.078876786,48.289093
G2948,28.70765331145679,77.56817576108993,0.36936682,-0.020712651,43.36374
G2949,28.71216193890003,77.56828595415988,0.2600134,0.06371972,50.31601
G2950,28.716670562949066,77.56839617251327,0.58478075,-0.23138173,42.208466
G2951,28.721179183603493,77.56850641615476,0.49650314,-0.2939519,43.271454
G2952,28.725687800862907,77.56861668508891,0.28493196,0.019591192,47.390167
G2953,28.730196414726908,77.56872697932033,0.3205602,-0.329476,42.375946
G2954,28.734705025195076,77.56883729885361,0.3585714,-0.043171804,45.87259
G2955,28.739213632267013,77.56894764369335,0.5353766,-0.14738494,44.751465
G2956,28.74372223594232,77.56905801384417,0.48604918,-0.09202811,45.007812
G2957,28.74823083622059,77.56916840931065,0.55167025,-0.17566296,43.500458
G2958,28.752739433101425,77.56927883009742,0.34502676,-0.0114891995,47.188507
G2959,28.7572480265844,77.56938927620905,0.37279925,-0.016012853,45.732452
G2960,28.761756616669143,77.56949974765018,0.6099695,-0.24410535,46.09134
G2961,28.76626520335522,77.56961024442543,0.3439162,0.009674856,48.6651
G2962,28.77077378664224,77.56972076653939,0.5023784,-0.09902437,41.955536
G2963,28.7752823665298,77.56983131399666,0.3272072,-0.0053328304,45.968292
G2964,28.779790943017485,77.56994188680189,0.35230422,-0.024623515,43.237274
G2965,28.78429951610492,77.57005248495966,0.28690615,0.017046774,44.7959
G2966,28.78880808579167,77.5701631084746,0.3453322,-0.036645375,43.541473
G2967,28.79331665207733,77.57027375735134,0.48993295,-0.12056693,43.254364
G2968,28.797825214961524,77.57038443159452,0.47406256,-0.14963816,42.157196
G2969,28.802333774443827,77.5704951312087,0.5338026,-0.16429913,43.517548
G2970,28.806842330523835,77.57060585619857,0.39086047,-0.032399643,43.589325
G2971,28.811350883201158,77.5707166065687,0.44888857,-0.02070739,43.490204
G2972,28.81585943247539,77.57082738232376,0.46750095,-0.117817216,43.483368
G2973,28.82036797834612,77.57093818346833,0.33455452,-0.07058625,43.00827
G2974,28.824876520812936,77.57104901000709,0.16899668,0.011477916,47.328644
G2975,28.82938505987545,77.57115986194464,0.28161195,-0.02753749,47.557648
G2976,28.833893595533247,77.57127073928562,0.16579597,0.014185171,47.65677
G2977,28.83840212778594,77.5713816420347,0.23895305,0.01974216,44.56006
G2978,28.84291065663311,77.57149257019645,0.31149563,-0.05627953,44.344696
G2979,28.84741918207436,77.57160352377555,0.19948101,-0.0050204066,46.231476
G2980,28.85192770410929,77.57171450277662,0.6150083,-0.24481012,42.92624
G2981,28.85643622273749,77.57182550720431,0.5279017,-0.17547284,43.148407
G2982,28.860944737958548,77.57193653706327,0.5525786,-0.17707579,42.94333
G2983,28.86545324977209,77.57204759235813,0.59049743,-0.19455615,41.873505
G2984,28.869961758177684,77.57215867309353,0.5984573,-0.18482773,41.924774
G2985,28.874470263174956,77.57226977927412,0.265645,-0.013465813,45.018066
G2986,28.878978764763467,77.57238091090457,0.5933334,-0.24266513,43.80124
G2987,28.88348726294284,77.5724920679895,0.5234098,-0.14545701,42.444305
G2988,28.886614529509224,77.57283181028302,0.38828948,-0.057311893,43.476532
G2989,28.703634203475428,77.57324516944976,0.4457846,-0.1457412,45.48294
G2990,28.7075560766661,77.57328972251972,0.47517538,-0.11903257,44.898438
G2991,28.712064686033465,77.5734001344252,0.5019793,-0.13357821,45.48636
G2992,28.71657329200511,77.57351057166429,0.2492642,0.057036337,47.85843
G2993,28.721081894580628,77.5736210342416,0.38498357,-0.011308136,46.07425
G2994,28.725590493759626,77.57373152216172,0.6479701,-0.243795,40.49945
G2995,28.73009908954169,77.57384203542928,0.44837955,-0.08124374,41.74362
G2996,28.734607681926413,77.57395257404887,0.5657866,-0.19730467,42.03073
G2997,28.739116270913403,77.57406313802511,0.5444944,-0.13961375,41.904266
G2998,28.74362485650224,77.5741737273626,0.5536486,-0.17583176,43.743134
G2999,28.748133438692523,77.57428434206598,0.5575003,-0.18240112,45.089844
G3000,28.75264201748386,77.57439498213982,0.3192667,0.0147337895,46.532257
G3001,28.757150592875828,77.57450564758878,0.56028414,-0.18912406,44.648926
G3002,28.76165916486804,77.57461633841744,0.52016276,-0.1787871,47.62259
G3003,28.766167733460065,77.57472705463046,0.56308836,-0.15987769,45.03174
G3004,28.770676298651534,77.57483779623243,0.60809016,-0.23701482,41.6445
G3005,28.77518486044201,77.57494856322798,0.63493073,-0.28120106,41.589813
G3006,28.779693418831105,77.57505935562172,0.39591327,-0.05273413,46.10501
G3007,28.784201973818416,77.5751701734183,0.3373296,-0.049267326,45.674347
G3008,28.78871052540354,77.57528101662233,0.3641493,-0.093033694,42.87497
G3009,28.79321907358606,77.57539188523845,0.6139931,-0.24682006,43.955048
G3010,28.797727618365595,77.57550277927128,0.4521564,-0.13228938,41.333466
G3011,28.802236159741717,77.57561369872545,0.34192702,-0.039131995,42.225555
G3012,28.806744697714013,77.5757246436056,0.63526,-0.2495813,39.176666
G3013,28.811253232282105,77.57583561391635,0.37886074,-0.054014374,40.236237
G3014,28.815761763445582,77.57594660966235,0.53302896,-0.13370074,43.322723
G3015,28.82027029120405,77.57605763084825,0.29898715,-0.05464109,44.447266
G3016,28.82477881555709,77.57616867747866,0.27154365,-0.028124793,45.749542
G3017,28.82928733650428,77.57627974955824,0.18397485,0.004276362,48.032745
G3018,28.833795854045253,77.57639084709162,0.46740782,-0.1229892,45.6846
G3019,28.83830436817959,77.57650197008344,0.54194206,-0.19798267,43.98239
G3020,28.842812878906877,77.57661311853838,0.262865,-0.043450814,46.61429
G3021,28.84732138622674,77.57672429246102,0.26343045,-0.0124076195,45.876007
G3022,28.851829890138735,77.57683549185607,0.41928157,-0.075621285,45.021484
G3023,28.85633839064249,77.57694671672816,0.50770414,-0.13794076,43.739716
G3024,28.86084688773758,77.57705796708193,0.6507163,-0.25094923,40.94037
G3025,28.865355381423623,77.57716924292204,0.45799822,-0.088119164,41.237732
G3026,28.8698638717002,77.57728054425314,0.47728404,-0.07058521,43.19284
G3027,28.874372358566912,77.57739187107988,0.5073265,-0.10343855,41.617157
G3028,28.87888084202335,77.57750322340694,0.3313762,-0.004738672,44.60791
G3029,28.883389322069124,77.57761460123895,0.49219373,-0.10638439,42.18454
G3030,28.887740938553478,77.57789053916784,0.6177516,-0.21439268,40.007233
G3031,28.890666221864063,77.57944939847071,0.4928499,-0.104672514,44.20114
G3032,28.703396303566333,77.57826751020747,0.42583779,-0.10905463,45.322266
G3033,28.707458648876056,77.57840365862047,0.35574967,-0.0065705264,47.5679
G3034,28.71196724013169,77.5785142893569,0.20160328,0.039015763,46.733917
G3035,28.71647582799009,77.57862494547707,0.580213,-0.21435393,42.362274
G3036,28.720984412450857,77.5787356269856,0.4733847,-0.12157677,44.29001
G3037,28.72549299351358,77.5788463338871,0.3465997,0.0059101875,46.081085
G3038,28.73000157117785,77.57895706618619,0.50033766,-0.12178548,46.884308
G3039,28.73451014544328,77.5790678238875,0.57148695,-0.24060714,42.18112
G3040,28.739018716309445,77.57917860699563,0.6039594,-0.2463104,40.933533
G3041,28.743527283775947,77.57928941551518,0.5461181,-0.15117484,44.652344
G3042,28.748035847842385,77.57940024945081,0.45184383,-0.10118012,43.838837
G3043,28.752544408508346,77.57951110880714,0.449184,-0.06700932,47.140656
G3044,28.757052965773426,77.57962199358879,0.29833654,0.02148711,50.151947
G3045,28.76156151963723,77.57973290380036,0.31619868,-0.02080286,44.402832
G3046,28.76607007009933,77.57984383944653,0.29471174,0.039452735,46.771515
G3047,28.77057861715935,77.5799548005319,0.2195562,0.004220877,47.509796
G3048,28.77508716081687,77.58006578706107,0.57241577,-0.22099535,43.63376
G3049,28.779595701071475,77.58017679903874,0.31450385,-0.046905614,42.495575
G3050,28.78410423792279,77.58028783646948,0.56150705,-0.21597163,42.26657
G3051,28.788612771370385,77.58039889935797,0.5812497,-0.17267178,42.47165
G3052,28.793121301413866,77.58050998770882,0.46944153,-0.073148735,41.702606
G3053,28.79762982805281,77.5806211015267,0.7003196,-0.312363,41.835907
G3054,28.80213835128685,77.5807322408162,0.6720697,-0.27787653,38.725494
G3055,28.806646871115536,77.58084340558203,0.59614193,-0.21370965,39.897858
G3056,28.811155387538484,77.58095459582877,0.5788897,-0.18934259,40.748962
G3057,28.815663900555315,77.58106581156109,0.5410536,-0.15192318,39.713287
G3058,28.820172410165597,77.58117705278366,0.6356894,-0.3018633,40.694275
G3059,28.82468091636892,77.58128831950108,0.6646438,-0.27265373,41.145447
G3060,28.82918941916488,77.58139961171804,0.4881457,-0.14175089,43.74997
G3061,28.83369791855309,77.58151092943916,0.63843983,-0.21475504,42.35202
G3062,28.838206414533147,77.58162227266912,0.33842865,-0.049212847,46.32376
G3063,28.842714907104632,77.58173364141254,0.39570948,-0.08128425,47.11331
G3064,28.84722339626715,77.58184503567412,0.18674187,0.06980259,49.078674
G3065,28.8517318820203,77.5819564554585,0.17028612,0.026851026,46.00589
G3066,28.856240364363654,77.58206790077031,0.37123093,-0.0426671,43.435516
G3067,28.860748843296832,77.58217937161425,0.5731546,-0.18929403,45.39749
G3068,28.865257318819427,77.58229086799494,0.42658657,-0.063185915,45.48294
G3069,28.86976579093104,77.58240238991709,0.5690419,-0.22049618,42.830536
G3070,28.87427425963125,77.58251393738534,0.513299,-0.12948652,46.586945
G3071,28.87878272491966,77.58262551040434,0.6355746,-0.25797838,42.03073
G3072,28.883291186795866,77.58273710897879,0.49322852,-0.17547607,45.48294
G3073,28.887799645259467,77.58284873311335,0.53635573,-0.14877044,42.895477
G3074,28.89120050298852,77.58276719134628,0.5180354,-0.12270115,42.23581
G3075,28.703337325286483,77.5835148871543,0.519931,-0.106754914,41.723114
G3076,28.70736102809017,77.5835175693421,0.3908072,-0.061694317,46.586945
G3077,28.71186960119823,77.58362841890487,0.33515495,0.0029074622,46.535675
G3078,28.716378170907536,77.5837392939015,0.24774154,0.065752834,50.288666
G3079,28.720886737217697,77.58385019433663,0.4606845,-0.12995172,44.245575
G3080,28.7253953001283,77.5839611202149,0.25055236,-0.00632395,47.80374
G3081,28.72990385963893,77.5840720715409,0.27871975,0.035431698,44.97705
G3082,28.7344124157492,77.58418304831929,0.5807961,-0.23649558,45.626495
G3083,28.738920968458675,77.58429405055467,0.43655512,-0.081931844,45.496613
G3084,28.743429517766977,77.58440507825169,0.50463724,-0.08459286,43.438934
G3085,28.747938063673686,77.58451613141497,0.58127046,-0.16707054,46.063995
G3086,28.75244660617841,77.58462721004915,0.46029857,-0.17840722,45.763214
G3087,28.75695514528072,77.58473831415884,0.41339293,-0.05913804,48.36087
G3088,28.76146368098024,77.58484944374872,0.31316268,-0.11883499,45.277832
G3089,28.765972213276548,77.5849605988234,0.45337248,-0.10230422,44.006317
G3090,28.77048074216924,77.58507177938752,0.2200259,0.009364155,47.526886
G3091,28.774989267657904,77.58518298544571,0.24121343,0.06072078,46.901398
G3092,28.77949778974213,77.58529421700264,0.22026068,0.058241814,48.71637
G3093,28.784006308421542,77.58540547406292,0.47053105,-0.15121202,44.08835
G3094,28.788514823695724,77.58551675663124,0.4495557,-0.11189252,45.67093
G3095,28.793023335564254,77.5856280647122,0.6255457,-0.2518549,40.72162
G3096,28.79753184402674,77.58573939831047,0.61765647,-0.21562827,42.35544
G3097,28.802040349082773,77.58585075743069,0.4439912,-0.060887508,42.205048
G3098,28.806548850731943,77.5859621420775,0.61270195,-0.22371346,38.992096
G3099,28.811057348973847,77.5860735522556,0.27603337,-0.040786207,44.536133
G3100,28.8155658438081,77.5861849879696,0.55055135,-0.18651266,41.921356
G3101,28.82007433523428,77.58629644922416,0.7072642,-0.30370975,40.24991
G3102,28.824582823251976,77.58640793602397,0.46019542,-0.019985653,45.67093
G3103,28.829091307860796,77.58651944837364,0.42655423,-0.08231017,44.416504
G3104,28.83359978906032,77.58663098627787,0.33189827,-0.03177542,47.308136
G3105,28.838108266850167,77.5867425497413,0.28190875,-0.012205555,44.67627
G3106,28.842616741229904,77.58685413876859,0.23271936,0.049474575,47.338898
G3107,28.84712521219916,77.58696575336442,0.42112628,-0.06692396,47.239777
G3108,28.851633679757505,77.58707739353345,0.30565447,-0.00059534743,48.02249
G3109,28.85614214390453,77.58718905928035,0.20398949,0.0052230638,48.189972
G3110,28.860650604639844,77.58730075060978,0.35301143,-0.07499345,45.609406
G3111,28.86515906196305,77.58741246752642,0.29348335,-0.05483013,45.14453
G3112,28.869667515873736,77.58752421003494,0.52084476,-0.13974547,46.00589
G3113,28.87417596637149,77.58763597814001,0.40979216,-0.078668304,45.732452
G3114,28.878390426804422,77.5872522367184,0.6029137,-0.22000818,41.336884
G3115,28.882969829084928,77.5860477715024,0.51381266,-0.15873235,44.38916
G3116,28.88773039784417,77.58609289973855,0.4337096,-0.05942643,46.228058
G3117,28.890412698722788,77.58588450314272,0.44852877,-0.071352735,41.603485
G3118,28.699726888751258,77.58914763963165,0.6345192,-0.23280685,43.644012
G3119,28.70275476920536,77.58852054575523,0.4888559,-0.11572024,46.364777
G3120,28.70726321431196,77.58863145463448,0.52209616,-0.22173762,43.083466
G3121,28.71177176923661,77.58874252301895,0.3085049,-0.34507075,41.398407
G3122,28.71628032076098,77.58885361688743,0.5637701,-0.16393486,45.069336
G3123,28.72078886888468,77.58896473624455,0.32045773,0.011691182,45.124023
G3124,28.725297413607304,77.58907588109494,0.5782248,-0.2295221,45.236816
G3125,28.72980595492844,77.58918705144325,0.43078068,-0.10903832,42.60495
G3126,28.73431449284768,77.58929824729408,0.2841757,0.044951037,43.83542
G3127,28.738823027364617,77.5894094686521,0.3007117,0.03682111,47.950714
G3128,28.74333155847885,77.58952071552194,0.5993688,-0.22524734,42.80661
G3129,28.74784008618997,77.58963198790822,0.33243707,0.00064660347,46.556183
G3130,28.75234861049758,77.58974328581562,0.4360592,-0.05610232,45.623077
G3131,28.756857131401265,77.58985460924875,0.5674099,-0.2250767,46.334015
G3132,28.76136564890061,77.58996595821228,0.59540385,-0.2556639,43.6987
G3133,28.765874162995235,77.59007733271083,0.37731403,-0.0368348,46.740753
G3134,28.77038267368471,77.59018873274907,0.52096236,-0.16322733,46.757843
G3135,28.774891180968645,77.59030015833163,0.26976275,0.035515215,47.899445
G3136,28.779399684846613,77.59041160946319,0.29720455,0.024622802,43.80124
G3137,28.783908185318243,77.59052308614837,0.4739717,-0.08808141,44.29001
G3138,28.78841668238309,77.59063458839185,0.59929246,-0.23503083,45.13086
G3139,28.792925176040782,77.59074611619826,0.28880852,0.036028143,47.19876
G3140,28.7974336662909,77.59085766957227,0.5289076,-0.090452895,42.984344
G3141,28.80194215313304,77.59096924851855,0.5586265,-0.16216066,42.341766
G3142,28.806450636566783,77.59108085304175,0.6519302,-0.24166268,40.3183
G3143,28.81095911659173,77.59119248314653,0.6180088,-0.2067404,40.414
G3144,28.815467593207497,77.59130413883754,0.6157366,-0.26495776,40.574646
G3145,28.819976066413663,77.59141582011947,0.67079705,-0.3056734,40.037994
G3146,28.82448453620982,77.59152752699697,0.47847563,-0.11442872,45.274414
G3147,28.828993002595546,77.59163925947472,0.48088574,-0.13381095,46.04007
G3148,28.833501465570468,77.59175101755737,0.4546826,-0.12330762,49.32135
G3149,28.83800992513417,77.59186280124962,0.4286748,-0.11860529,48.036163
G3150,28.842518381286244,77.5919746105561,0.4328919,-0.061275814,48.61725
G3151,28.84702683402629,77.59208644548153,0.30445436,-0.014439162,48.924866
G3152,28.851535283353904,77.59219830603055,0.3447217,-0.060585674,46.016144
G3153,28.856043729268663,77.59231019220785,0.2013151,0.005854094,45.623077
G3154,28.86055217177018,77.59242210401811,0.24629752,-0.031420425,44.266083
G3155,28.865060610858045,77.59253404146601,0.41102082,-0.11650411,43.93112
G3156,28.869569046531865,77.59264600455623,0.36212757,-0.021150282,45.910187
G3157,28.873614057668263,77.59259864180865,0.56717396,-0.15813267,41.44626
G3158,28.876607684237936,77.59042110237617,0.3197172,0.01512932,45.612823
G3159,28.700072659019664,77.5912206707644,0.40947148,-0.14090239,44.532715
G3160,28.70319191639033,77.5923874032206,0.33794555,-0.014000642,45.66751
G3161,28.70726170460234,77.59363109119069,0.30637804,0.0076999147,45.896515
G3162,28.711673744250355,77.59385660164902,0.38771635,-0.03884655,45.790558
G3163,28.71618227755394,77.59396791438473,0.53366244,-0.16717634,44.358368
G3164,28.720690807455338,77.5940792526592,0.3558451,-0.0923404,43.401337
G3165,28.72519933395413,77.59419061647709,0.3809669,-0.025660388,44.59424
G3166,28.72970785704991,77.59430200584303,0.40895706,-0.046764504,44.754883
G3167,28.73421637674227,77.5944134207617,0.3996473,-0.052328017,46.699738
G3168,28.73872489303081,77.5945248612377,0.6195119,-0.22599675,42.92282
G3169,28.743233405915117,77.59463632727572,0.3011028,0.060365092,46.9971
G3170,28.74774191539478,77.59474781888038,0.35916704,-0.018915704,48.11136
G3171,28.752250421469405,77.59485933605635,0.23176391,0.05062295,48.036163
G3172,28.756758924138577,77.59497087880827,0.46572885,-0.11252074,48.96588
G3173,28.761267423401897,77.59508244714078,0.42683,-0.06800154,47.291046
G3174,28.765775919258942,77.59519404105858,0.5804606,-0.19497341,42.987762
G3175,28.770284411709333,77.5953056605663,0.6234254,-0.22166808,43.384247
G3176,28.77479290075264,77.59541730566858,0.5122546,-0.15425168,44.52246
G3177,28.779301386388465,77.59552897637009,0.46180543,-0.13577968,43.49704
G3178,28.783809868616405,77.59564067267551,0.6117015,-0.19306369,42.225555
G3179,28.788318347436057,77.5957523945895,0.64216655,-0.23907895,43.64743
G3180,28.792826822847,77.59586414211672,0.49645218,-0.11729593,45.120605
G3181,28.797335294848857,77.59597591526183,0.576506,-0.22454236,44.604492
G3182,28.80184376344118,77.5960877140295,0.45884258,-0.092764385,44.20456
G3183,28.806352228623588,77.5961995384244,0.569383,-0.16912046,42.57419
G3184,28.81086069039568,77.5963113884512,0.56212854,-0.14136891,42.830536
G3185,28.815369148757053,77.59642326411456,0.5515128,-0.13867311,42.919403
G3186,28.81987760370728,77.5965351654192,0.27422014,0.047864985,44.936035
G3187,28.82438605524597,77.59664709236974,0.41276926,-0.08365203,45.059082
G3188,28.828894503372705,77.59675904497087,0.3980792,-0.017842645,43.719208
G3189,28.8334029480871,77.5968710232273,0.3928624,-0.026566964,45.18213
G3190,28.837911389388747,77.59698302714366,0.68615645,-0.28796193,42.734833
G3191,28.84241982727722,77.59709505672468,0.5061945,-0.13640282,42.85788
G3192,28.84692826175213,77.59720711197502,0.44230458,-0.08666475,44.563477
G3193,28.85143669281306,77.59731919289936,0.3812393,-0.10618959,44.782227
G3194,28.855945120459616,77.59743129950239,0.3943858,-0.051303722,41.651337
G3195,28.860453544691385,77.59754343178881,0.31683668,-0.053952303,43.517548
G3196,28.86496196550798,77.59765558976329,0.30955526,-0.054416627,46.453644
G3197,28.86947038290897,77.59776777343053,0.46258584,-0.071337685,44.60791
G3198,28.87375641599349,77.59799902431511,0.31519818,-0.030319223,46.094757
G3199,28.876348136436945,77.60009849738435,0.30994383,0.016334843,44.59082
G3200,28.70823872924129,77.59792221545598,0.28660914,0.03363452,50.40146
G3201,28.711602275757237,77.59894474515751,0.47222883,-0.067529604,42.461395
G3202,28.716084041289967,77.59908218634324,0.35334203,-0.0667927,42.6904
G3203,28.72059255293321,77.59919374353042,0.31350604,-0.0070045837,45.841827
G3204,28.725101061172328,77.59930532631117,0.3838189,-0.0068365736,44.313934
G3205,28.72960956600689,77.59941693469013,0.48511767,-0.18292809,41.600067
G3206,28.73411806743652,77.59952856867196,0.55668133,-0.23569134,44.99414
G3207,28.73862656546079,77.59964022826132,0.6556031,-0.273212,41.10785
G3208,28.7431350600793,77.59975191346285,0.55214316,-0.2818821,43.555145
G3209,28.74764355129165,77.59986362428123,0.69734985,-0.32258156,42.936493
G3210,28.752152039097417,77.59997536072112,0.60037965,-0.23489176,45.28125
G3211,28.75666052349621,77.60008712278717,0.45207372,-0.10227698,47.13382
G3212,28.761169004487613,77.60019891048404,0.32455793,0.007809628,47.718292
G3213,28.765677482071226,77.6003107238164,0.31997845,-0.061211105,41.29242
G3214,28.77018595624664,77.60042256278894,0.550598,-0.18532649,45.841827
G3215,28.774694427013443,77.60053442740626,0.5682381,-0.22376479,41.1933
G3216,28.779202894371224,77.60064631767311,0.563064,-0.18620528,42.577606
G3217,28.783711358319607,77.6007582335941,0.42013785,-0.14407608,43.86618
G3218,28.78821981885816,77.60087017517395,0.43370712,-0.07796368,43.524384
G3219,28.792728275986452,77.6009821424173,0.37877604,-0.025866581,45.612823
G3220,28.797236729704142,77.60109413532884,0.60643864,-0.20278807,45.13086
G3221,28.80174518001077,77.60120615391321,0.51520854,-0.12763886,42.984344
G3222,28.806253626905946,77.60131819817515,0.50020105,-0.10516833,39.518463
G3223,28.810762070389256,77.60143026811932,0.382263,-0.0791511,45.865753
G3224,28.815270510460326,77.60154236375035,0.50151205,-0.09403928,41.82907
G3225,28.81977894711871,77.601654485073,0.44278964,-0.09243986,42.112762
G3226,28.82428738036401,77.60176663209191,0.619187,-0.24336375,40.509705
G3227,28.828795810195835,77.60187880481176,0.5488098,-0.13738824,43.81491
G3228,28.833304236613785,77.60199100323726,0.44386798,-0.077828206,42.092255
G3229,28.83781265961743,77.60210322737309,0.53899974,-0.15415667,42.72458
G3230,28.842321079206368,77.60221547722395,0.22955084,0.008202721,46.217804
G3231,28.846829495380213,77.60232775279452,0.6413072,-0.32880425,41.69919
G3232,28.85133790813855,77.6024400540895,0.6617051,-0.27378243,40.622498
G3233,28.85584631748096,77.60255238111357,0.51389056,-0.17354035,41.72995
G3234,28.86035472340704,77.60266473387144,0.6419772,-0.28274018,42.143524
G3235,28.8648631259164,77.6027771123678,0.40524003,-0.06729047,42.987762
G3236,28.86937152500863,77.60288951660738,0.30053896,0.017865859,45.7222
G3237,28.873796978130645,77.60293334571617,0.41488588,-0.039200664,47.776398
G3238,28.87643162169207,77.60152372789622,0.45280042,-0.058435112,47.010773
G3239,28.712004309551688,77.60361725207672,0.2730673,0.03548786,47.6055
G3240,28.7159856119726,77.60419643271284,0.4130355,-0.122313224,45.29492
G3241,28.720494105321844,77.60430820880808,0.23895644,0.022010997,46.002472
G3242,28.72498130276631,77.60439555134614,0.31954086,-0.023668587,45.373535
G3243,28.729599958414624,77.60442546713004,0.5250524,-0.20072117,45.623077
G3244,28.734019564933966,77.60464369097468,0.45070004,-0.12087911,45.421417
G3245,28.73852804465811,77.60475556967275,0.6524584,-0.25408784,40.523376
G3246,28.74303652097497,77.60486747403316,0.52931046,-0.16395567,42.851044
G3247,28.747544993884123,77.6049794040606,0.4157361,-0.12302982,44.618164
G3248,28.752053463385185,77.60509135975974,0.31351435,-0.0018167986,46.1221
G3249,28.75656192947772,77.60520334113525,0.49367476,-0.15641946,45.981964
G3250,28.761070392161344,77.60531534819181,0.4888263,-0.1444209,43.052704
G3251,28.765578851435627,77.60542738093409,0.52415437,-0.115032494,45.21289
G3252,28.77008730730019,77.60553943936675,0.57241315,-0.16331553,43.3945
G3253,28.774595759754604,77.60565152349447,0.41065767,-0.039129116,43.575653
G3254,28.77910420879847,77.60576363332196,0.3058263,-0.037878066,44.385742
G3255,28.78361265443138,77.60587576885386,0.4609062,-0.108099364,43.233856
G3256,28.788121096652944,77.60598793009488,0.32717934,-0.08990919,45.48294
G3257,28.79262953546272,77.60610011704968,0.4682899,-0.10990702,44.86084
G3258,28.797137970860327,77.60621232972295,0.6602644,-0.26685005,41.79489
G3259,28.80164640284536,77.60632456811939,0.57927936,-0.20554526,41.589813
G3260,28.806154831417384,77.60643683224369,0.59228736,-0.2387619,40.76947
G3261,28.810663256576028,77.6065491221005,0.47654492,-0.08963853,46.081085
G3262,28.815171678320866,77.60666143769456,0.34580055,0.004337587,46.22464
G3263,28.8196800966515,77.60677377903053,0.43104002,-0.06710813,43.052704
G3264,28.82418851156752,77.60688614611311,0.629789,-0.20867606,40.174713
G3265,28.82869692306849,77.60699853894701,0.5768472,-0.15920387,42.31784
G3266,28.833205331154065,77.60711095753689,0.6167166,-0.26716638,43.435516
G3267,28.8377137358238,77.6072234018875,0.5685028,-0.16679306,41.312958
G3268,28.842222137077275,77.60733587200349,0.39781556,-0.022226218,44.426758
G3269,28.84673053491413,77.6074483678896,0.43640694,-0.081571855,43.206512
G3270,28.85123892933392,77.60756088955051,0.670607,-0.25113925,39.10489
G3271,28.85574732033625,77.60767343699092,0.3130976,-0.035645995,45.14453
G3272,28.860255707920714,77.60778601021556,0.5153744,-0.21855366,41.145447
G3273,28.864764092086904,77.60789860922914,0.64580405,-0.25748664,39.72354
G3274,28.86927247283442,77.60801123403633,0.62355304,-0.20775247,41.381317
G3275,28.873748300515807,77.60815722230305,0.35020936,-0.06548331,43.678192
G3276,28.876773373271085,77.60877029711612,0.41857624,-0.1014934,45.647003
G3277,28.71324026766217,77.6070635376231,0.4418387,-0.0642737,45.411163
G3278,28.71613487192,77.60916524995093,0.5205047,-0.12049437,46.320343
G3279,28.720395464624783,77.60942264844203,0.39279294,-0.029499065,45.9888
G3280,28.724059752051858,77.60921220796727,0.37320408,-0.036965787,44.081512
G3281,28.73056298315207,77.60925178069861,0.65767044,-0.2773346,38.89981
G3282,28.73392086923817,77.60975878761973,0.29353702,0.027483575,46.463898
G3283,28.73842933062633,77.6098708854218,0.3939209,-0.05062445,47.632843
G3284,28.74293778860568,77.60998300893641,0.3491198,-0.06618927,44.21823
G3285,28.74744624317578,77.61009515816825,0.38272828,-0.022684628,46.135773
G3286,28.75195469433625,77.61020733312198,0.5848923,-0.21417613,44.05417
G3287,28.75646314208667,77.61031953380228,0.3040175,0.029281521,47.338898
G3288,28.760971586426628,77.61043176021386,0.52073425,-0.12892404,46.17679
G3289,28.76548002735572,77.61054401236136,0.45829797,-0.13719599,44.25583
G3290,28.76998846487355,77.61065629024948,0.39907178,-0.04229483,44.847168
G3291,28.77449689897969,77.61076859388294,0.63177556,-0.25209802,42.99118
G3292,28.779005329673755,77.61088092326638,0.6325169,-0.27776423,41.333466
G3293,28.783513756955323,77.61099327840451,0.5240151,-0.14160542,42.731415
G3294,28.788022180823997,77.61110565930201,0.31776172,-0.00516692,46.299835
G3295,28.792530601279346,77.61121806596358,0.51457244,-0.12448331,43.93112
G3296,28.797039018321,77.61133049839394,0.6110241,-0.20987307,39.986725
G3297,28.80154743194852,77.61144295659773,0.61397034,-0.20437455,39.316803
G3298,28.806055842161506,77.61155544057968,0.5465236,-0.15324698,42.74167
G3299,28.81056424895956,77.61166795034448,0.59028214,-0.20944002,41.49411
G3300,28.815072652342277,77.61178048589683,0.5938801,-0.17302941,43.186005
G3301,28.819581052309232,77.61189304724145,0.44185024,-0.059103146,41.230896
G3302,28.82408944886004,77.61200563438301,0.46411863,-0.08183081,43.88327
G3303,28.82859784199427,77.61211824732624,0.64840704,-0.25043273,38.92032
G3304,28.833106231711543,77.61223088607582,0.66290474,-0.2689388,39.70987
G3305,28.83761461801144,77.6123435506365,0.65004563,-0.27003872,41.37448
G3306,28.842123000893537,77.61245624101294,0.28832927,0.065500684,44.40625
G3307,28.84663138035745,77.61256895720989,0.49177057,-0.12995023,42.680145
G3308,28.851139756402763,77.61268169923201,0.5406758,-0.24122152,39.8295
G3309,28.85564812902908,77.61279446708409,0.5105047,-0.08281153,40.571228
G3310,28.860156498235977,77.61290726077078,0.48016313,-0.14627747,40.082428
G3311,28.86466486402306,77.61302008029682,0.52992463,-0.16587816,39.72696
G3312,28.869173226389925,77.61313292566693,0.43412966,-0.06655966,43.585907
G3313,28.87364638793437,77.61325836070489,0.30770555,-0.03126885,47.308136
G3314,28.87692334149382,77.61471789179798,0.18812516,0.04396332,47.950714
G3315,28.71663020848535,77.61324100781259,0.35464835,-0.033091944,47.079132
G3316,28.72051000258981,77.61373868043327,0.48583946,-0.15445067,44.519043
G3317,28.72320607039374,77.61314413505299,0.24539389,0.06551274,47.140656
G3318,28.731529812982515,77.61232516807483,0.47994855,-0.13824461,42.225555
G3319,28.734212583407466,77.61482443263975,0.2343806,0.006393738,46.63138
G3320,28.73833042336902,77.61498617545831,0.39872146,-0.07759474,46.802277
G3321,28.742838862974985,77.61509851812247,0.32623175,0.015122108,45.930695
G3322,28.74734729917018,77.61521088655401,0.46353322,-0.14660205,43.168915
G3323,28.7518557319542,77.61532328075765,0.44617075,-0.07433519,43.1279
G3324,28.75636416132662,77.61543570073806,0.40118697,-0.05249819,46.938995
G3325,28.760872587287054,77.61554814649996,0.657266,-0.3012619,43.021942
G3326,28.765381009835075,77.61566061804801,0.55235523,-0.15220772,42.868134
G3327,28.76988942897029,77.61577311538693,0.28681847,0.0277855,44.614746
G3328,28.774397844692285,77.61588563852139,0.42116636,-0.07742203,42.3862
G3329,28.778906257000653,77.61599818745611,0.5556503,-0.15995178,41.1933
G3330,28.783414665894984,77.61611076219577,0.3664898,-0.046042986,42.461395
G3331,28.78792307137488,77.61622336274507,0.60736287,-0.28169492,39.850006
G3332,28.79243147343992,77.61633598910873,0.52404445,-0.13807943,43.168915
G3333,28.796939872089705,77.61644864129144,0.4441376,-0.05840869,43.859344
G3334,28.801448267323824,77.6165613192979,0.45819825,-0.08657693,44.433594
G3335,28.805956659141863,77.61667402313282,0.4989146,-0.0939905,42.751923
G3336,28.810465047543424,77.6167867528009,0.5671901,-0.20175363,40.376404
G3337,28.814973432528117,77.61689950830687,0.39808732,-0.002266639,44.635254
G3338,28.819481814095493,77.61701228965542,0.6061221,-0.23816223,43.182587
G3339,28.82399019224517,77.61712509685127,0.29900527,-0.04261388,45.34619
G3340,28.828498566976723,77.61723792989912,0.66573745,-0.3230125,41.059998
G3341,28.833006938289785,77.61735078880369,0.38626805,-0.031807195,43.743134
G3342,28.83751530618391,77.61746367356972,0.30760404,-0.013997964,43.726044
G3343,28.84202367065871,77.6175765842019,0.6467848,-0.29797718,41.289
G3344,28.846532031713764,77.61768952070496,0.4696448,-0.15306115,41.952118
G3345,28.85104038934868,77.61780248308362,0.5760395,-0.2202652,39.330475
G3346,28.855548743563027,77.6179154713426,0.6366301,-0.26286784,41.890594
G3347,28.860057094356435,77.61802848548663,0.58498156,-0.19019157,41.456512
G3348,28.864565441728463,77.61814152552044,0.45231402,-0.055705033,44.231903
G3349,28.86907378567873,77.61825459144875,0.48878944,-0.0913269,42.693817
G3350,28.8735821262068,77.61836768327629,0.4610821,-0.09603882,42.663055
G3351,28.8779507993411,77.61861400363597,0.36386612,0.0019030196,45.8179
G3352,28.880543649209383,77.61858492362808,0.26399243,-0.014079513,47.848175
G3353,28.73424590167747,77.61972177479451,0.5723482,-0.19773825,43.51413
G3354,28.738231322889742,77.62010143973211,0.27649537,0.042403895,50.657806
G3355,28.74273974408648,77.6202140015411,0.4117207,-0.006732408,48.95221
G3356,28.74724816187089,77.62032658916766,0.34810132,-0.014569719,47.663605
G3357,28.751756576242588,77.62043920261652,0.2964265,0.035539865,47.291046
G3358,28.75626498720115,77.62055184189238,0.29065168,0.028957136,48.85309
G3359,28.76077339474617,77.6206645069999,0.41083482,-0.10053095,46.05374
G3360,28.765281798877258,77.62077719794382,0.6050386,-0.21684252,42.779266
G3361,28.769790199593984,77.62088991472882,0.63817185,-0.2553368,44.361816
G3362,28.774298596895957,77.62100265735961,0.49313626,-0.105535395,46.668976
G3363,28.778806990782734,77.6211154258409,0.49760553,-0.13605718,42.92282
G3364,28.78331538125395,77.6212282201774,0.41444942,-0.1170818,43.688446
G3365,28.787823768309185,77.6213410403738,0.3748369,-0.03749897,45.643585
G3366,28.79233215194801,77.62145388643484,0.44556388,-0.11115337,45.60257
G3367,28.79684053217004,77.62156675836522,0.41182047,-0.092515185,44.498535
G3368,28.801348908974862,77.62167965616962,0.3596093,-0.0340877,48.391632
G3369,28.80585728236205,77.62179257985281,0.3687014,-0.012413057,44.064423
G3370,28.810365652331225,77.62190552941945,0.52566355,-0.1355904,46.347687
G3371,28.81487401888196,77.62201850487432,0.39397806,-0.023639375,42.53659
G3372,28.81938238201385,77.62213150622208,0.26879156,0.062466126,44.64209
G3373,28.823890741726498,77.6222445334675,0.65703005,-0.29656607,39.43985
G3374,28.828399098019467,77.62235758661527,0.44508988,-0.07978187,43.585907
G3375,28.832907450892375,77.62247066567011,0.5475388,-0.16532853,42.786102
G3376,28.837415800344832,77.62258377063678,0.5290743,-0.14752366,44.06784
G3377,28.84192414637639,77.62269690151997,0.32688832,0.027091507,46.867218
G3378,28.84643248898665,77.62281005832442,0.5171662,-0.15174589,42.194794
G3379,28.85094082817524,77.62292324105489,0.4907103,-0.11417536,43.254364
G3380,28.855449163941703,77.62303644971607,0.38835266,-0.011118866,43.61325
G3381,28.859957496285663,77.62314968431272,0.5596299,-0.16301818,41.96579
G3382,28.8644658252067,77.62326294484956,0.54333544,-0.17510815,43.78073
G3383,28.86897415070443,77.62337623133133,0.5032338,-0.119329706,44.01999
G3384,28.87348247277841,77.62348954376277,0.4771234,-0.06608905,44.139618
G3385,28.87777456601229,77.62359823554893,0.47800022,-0.08440959,42.584442
G3386,28.730895215582784,77.62692171694142,0.26892507,0.04924302,47.68753
G3387,28.734093138433007,77.62599314727927,0.60349154,-0.19603856,45.845245
G3388,28.73813202919208,77.62521667819301,0.44452685,-0.08669379,45.70511
G3389,28.742640431943716,77.62532945914215,0.6621863,-0.24959621,42.48532
G3390,28.74714883128149,77.62544226595905,0.3155965,0.027254434,45.544464
G3391,28.751657227205,77.62555509864843,0.48225382,-0.11586216,46.61429
G3392,28.75616561971384,77.62566795721499,0.5220461,-0.18417896,44.604492
G3393,28.7606740088076,77.62578084166346,0.44159922,-0.09000064,43.17917
G3394,28.76518239448585,77.62589375199853,0.53626543,-0.1801272,44.064423
G3395,28.76969077674822,77.6260066882249,0.19447623,0.013698192,47.229523
G3396,28.774199155594268,77.62611965034733,0.6112834,-0.26151028,42.717743
G3397,28.77870753102361,77.62623263837048,0.55985534,-0.23598842,46.204132
G3398,28.783215903035813,77.62634565229911,0.5993683,-0.23678243,45.88626
G3399,28.78772427163049,77.6264586921379,0.299789,0.011650978,45.192383
G3400,28.792232636807217,77.62657175789161,0.20760727,0.030215347,47.171417
G3401,28.796740998565596,77.62668484956492,0.45984885,-0.09565038,44.65576
G3402,28.801249356905217,77.62679796716259,0.49991032,-0.12288678,43.23044
G3403,28.805757711825663,77.6269111106893,0.37032896,-0.085662246,44.884766
G3404,28.810266063326527,77.62702428014981,0.437625,-0.08319425,44.245575
G3405,28.814774411407416,77.62713747554884,0.48017406,-0.11608136,45.270996
G3406,28.81928275606791,77.62725069689111,0.4731618,-0.11698099,44.0029
G3407,28.823791097307605,77.62736394418137,0.43874028,-0.09212511,41.692352
G3408,28.82829943512608,77.62747721742433,0.74319017,-0.29037607,41.169373
G3409,28.83280776952294,77.62759051662472,0.5095131,-0.16220763,42.348602
G3410,28.837316100497777,77.6277038417873,0.37285572,0.021735625,42.970673
G3411,28.84182442805017,77.62781719291678,0.51930493,-0.11350535,41.52487
G3412,28.846332752179737,77.62793057001792,0.5268033,-0.16649006,42.341766
G3413,28.85084107288605,77.62804397309544,0.3108876,0.0046033715,47.6055
G3414,28.85534939016869,77.62815740215409,0.49090806,-0.14996152,40.01407
G3415,28.859857704027277,77.6282708571986,0.5247873,-0.17585297,39.67569
G3416,28.86436601446139,77.62838433823374,0.55142945,-0.20330435,38.88272
G3417,28.86887432147062,77.62849784526425,0.57577217,-0.15868367,43.336395
G3418,28.873382625054564,77.62861137829486,0.6680373,-0.25522938,39.918365
G3419,28.87769989218681,77.62873415841939,0.5032597,-0.14128141,42.396454
G3420,28.72665374637427,77.63252872273733,0.6906722,-0.27662763,41.941864
G3421,28.72966429029437,77.63061475834893,0.5640415,-0.16861826,41.658173
G3422,28.73352415459393,77.63021891661953,0.4288175,-0.11669772,45.0625
G3423,28.73803254227961,77.63033189079086,0.42586344,-0.10409201,46.221222
G3424,28.74254092655029,77.63044489087542,0.5258843,-0.12556909,43.54831
G3425,28.747049307405568,77.63055791687795,0.458532,-0.12538911,44.266083
G3426,28.75155768484504,77.63067096880313,0.25112695,0.050268177,44.850586
G3427,28.75606605886828,77.63078404665572,0.30554062,0.016356396,46.05716
G3428,28.760574429474897,77.6308971504404,0.40456423,-0.09785841,47.95755
G3429,28.765082796664466,77.63101028016193,0.4980054,-0.13838033,42.97409
G3430,28.76959116043659,77.63112343582497,0.27886108,0.014393318,46.34427
G3431,28.77409952079085,77.6312366174343,0.47490284,-0.15645906,43.268036
G3432,28.77860787772684,77.63134982499462,0.53489923,-0.14710721,42.714325
G3433,28.783116231244165,77.63146305851065,0.42080045,-0.069988616,46.17679
G3434,28.787624581342392,77.63157631798711,0.35888302,-0.015646605,44.1362
G3435,28.792132928021136,77.63168960342875,0.2970606,-0.022409577,45.999054
G3436,28.79664127127997,77.63180291484029,0.44756663,-0.11355408,41.82907
G3437,28.80114961111849,77.63191625222647,0.5296113,-0.14171898,42.762177
G3438,28.80565794753629,77.632029615592,0.39578798,-0.046287578,43.688446
G3439,28.81016628053296,77.63214300494165,0.5091465,-0.104446456,44.94287
G3440,28.81467461010809,77.63225642028011,0.63476,-0.2313257,42.427216
G3441,28.81918293626128,77.63236986161218,0.6870224,-0.2791353,42.10251
G3442,28.823691258992103,77.63248332894253,0.55050844,-0.17152229,40.65326
G3443,28.82819957830016,77.63259682227594,0.41470307,-0.0585959,43.080048
G3444,28.83270789418505,77.63271034161716,0.5129804,-0.09716101,42.953583
G3445,28.837216206646367,77.6328238869709,0.32124478,0.02858255,43.941376
G3446,28.84172451568368,77.63293745834194,0.514428,-0.11536757,42.280243
G3447,28.846232821296606,77.63305105573501,0.46125543,-0.08377624,42.307587
G3448,28.850741123484717,77.63316467915485,0.6323871,-0.22793376,41.969208
G3449,28.855249422247606,77.63327832860622,0.4427495,-0.20067978,42.423798
G3450,28.85975771758488,77.63339200409389,0.56293917,-0.15959829,41.24115
G3451,28.86426600949612,77.63350570562258,0.6686924,-0.27288064,39.03653
G3452,28.86877429798093,77.63361943319705,0.6159842,-0.1931924,41.91794
G3453,28.873282583038883,77.6337331868221,0.38091215,-0.065126136,42.919403
G3454,28.8776620795727,77.63387901579112,0.54020846,-0.11367813,43.1279
G3455,28.880007525899018,77.63633288136967,0.47528908,-0.10587599,43.44577
G3456,28.72662407035613,77.63273467668364,0.6906722,-0.27662763,41.941864
G3457,28.729583080156587,77.63456461205575,0.664469,-0.27757305,42.307587
G3458,28.733424492985517,77.63533388422356,0.5754518,-0.21014921,44.197723
G3459,28.737932862155933,77.63544707747545,0.30947343,-0.020620996,46.217804
G3460,28.742441227909804,77.63556029669074,0.2946912,-0.031141695,41.784637
G3461,28.74694959024672,77.63567354187416,0.67882764,-0.2829397,41.059998
G3462,28.751457949166284,77.63578681303046,0.6172129,-0.2245923,43.165497
G3463,28.755966304668064,77.63590011016434,0.6054998,-0.2545669,41.586395
G3464,28.760474656751665,77.63601343328054,0.49881092,-0.16806118,45.100098
G3465,28.76498300541667,77.63612678238377,0.5009946,-0.11167611,44.683105
G3466,28.769491350662683,77.63624015747878,0.3726713,-0.044553697,46.638214
G3467,28.77399969248928,77.63635355857028,0.50322884,-0.14485008,48.49762
G3468,28.77850803089605,77.63646698566302,0.5504717,-0.19816677,44.94287
G3469,28.783016365882595,77.63658043876174,0.418802,-0.10201587,46.757843
G3470,28.787524697448507,77.63669391787114,0.39633423,-0.0992698,43.978973
G3471,28.79203302559335,77.636807422996,0.56445795,-0.19964013,44.0029
G3472,28.79654135031676,77.63692095414103,0.53213733,-0.11054426,43.1279
G3473,28.80104967161829,77.63703451131099,0.37593406,-0.06930285,43.001434
G3474,28.805557989497544,77.63714809451062,0.5437357,-0.19680513,41.7778
G3475,28.810066303954105,77.63726170374464,0.40882972,-0.08192469,45.418
G3476,28.81457461498757,77.63737533901782,0.6126065,-0.2293702,43.206512
G3477,28.819082922597545,77.63748900033491,0.39467844,-0.042718336,46.79544
G3478,28.82359122678361,77.63760268770064,0.52145016,-0.1600642,42.41696
G3479,28.828099527545334,77.63771640111977,0.45416498,-0.10062233,43.268036
G3480,28.83260782488233,77.63783014059705,0.61207867,-0.24460873,42.13327
G3481,28.8371161187942,77.63794390613724,0.4706336,-0.080863565,44.67627
G3482,28.84162440928051,77.63805769774507,0.42467284,-0.093651876,43.121063
G3483,28.846132696340863,77.63817151542531,0.571306,-0.23222439,39.28946
G3484,28.850640979974862,77.63828535918273,0.3969154,0.019059185,43.353485
G3485,28.855149260182067,77.63839922902208,0.5820903,-0.22880925,41.986298
G3486,28.85965753696209,77.63851312494812,0.3946766,-0.07296356,44.86084
G3487,28.864165810314525,77.63862704696562,0.4642649,-0.10322668,40.21231
G3488,28.86867408023897,77.63874099507933,0.40450916,-0.11575833,42.3862
G3489,28.873182346734996,77.63885496929402,0.4706505,-0.12554978,41.302673
G3490,28.87745136552843,77.63899583402801,0.56761545,-0.20455943,42.290497
G3491,28.880288882228346,77.64131613683405,0.40396652,-0.036138613,42.584442
G3492,28.725565458871685,77.64050568775066,0.31002128,0.010507516,46.28958
G3493,28.72881499584898,77.64040727048373,0.5368664,-0.2705015,41.008728
G3494,28.73332463820534,77.64044882586889,0.37763885,-0.01452411,46.32376
G3495,28.737832988824643,77.64056223819661,0.31523257,0.011658325,44.60791
G3496,28.74234133602585,77.64067567653791,0.25626454,0.056491677,49.027405
G3497,28.746849679808548,77.64078914089754,0.37272003,-0.05619471,43.452606
G3498,28.751358020172336,77.6409026312802,0.6569474,-0.30468813,42.129852
G3499,28.7558663571168,77.64101614769065,0.28430837,0.051659573,44.98047
G3500,28.760374690641523,77.64112969013362,0.4475041,-0.12030553,44.918945
G3501,28.764883020746097,77.64124325861386,0.6264406,-0.2430368,44.74121
G3502,28.76939134743012,77.64135685313607,0.4540327,-0.10285429,47.578156
G3503,28.77389967069316,77.64147047370503,0.3641192,-0.03336138,45.325684
G3504,28.778407990534827,77.64158412032546,0.5110391,-0.07941564,44.228485
G3505,28.78291630695472,77.64169779300211,0.34754542,-0.005166316,46.81253
G3506,28.78742461995242,77.64181149173973,0.33299002,-0.03325915,45.944366
G3507,28.79193292952751,77.64192521654306,0.5258524,-0.15403445,41.770966
G3508,28.79644123567958,77.64203896741687,0.32808793,0.012057004,48.05667
G3509,28.80094953840823,77.64215274436586,0.5060492,-0.092953056,42.6904
G3510,28.805457837713032,77.64226654739481,0.27823436,-0.013960177,46.826202
G3511,28.80996613359359,77.6423803765085,0.582511,-0.2824921,42.297333
G3512,28.814474426049507,77.64249423171165,0.50655395,-0.13328552,42.526337
G3513,28.818982715080352,77.64260811300902,0.46724436,-0.10081618,44.231903
G3514,28.82349100068572,77.64272202040536,0.48630804,-0.15019217,42.28366
G3515,28.827999282865203,77.64283595390545,0.53388774,-0.14956197,44.20114
G3516,28.832507561618403,77.64294991351404,0.41553122,-0.08608825,44.720703
G3517,28.837015836944897,77.6430638992359,0.5330052,-0.17273019,42.379364
G3518,28.84152410884429,77.64317791107578,0.47826087,-0.09017099,43.069794
G3519,28.84603237731615,77.64329194903846,0.6803908,-0.29814017,40.810486
G3520,28.85054064236009,77.6434060131287,0.5733933,-0.17718126,41.145447
G3521,28.855048903975685,77.64352010335125,0.5887682,-0.24980451,41.490692
G3522,28.859557162162524,77.6436342197109,0.38461196,-0.017213762,42.457977
G3523,28.864065416920223,77.64374836221243,0.29840964,-0.042426977,45.000977
G3524,28.868573668248345,77.64386253086062,0.6254105,-0.23505215,41.91452
G3525,28.873081916146496,77.6439767256602,0.6285775,-0.20438725,39.87393
G3526,28.87752549922892,77.64401936971188,0.61680275,-0.22717552,42.18454
G3527,28.880520384777487,77.64286831132817,0.6202834,-0.24451385,40.967712
G3528,28.72609868099754,77.64312234178436,0.34619072,0.015981847,46.624542
G3529,28.729303151627537,77.64468726179355,0.522605,-0.1411836,42.457977
G3530,28.73322668495336,77.6455614269693,0.36156455,-0.019447548,44.495117
G3531,28.737732922289347,77.64567737290419,0.5464507,-0.17355259,43.804657
G3532,28.74224125090204,77.64579103036678,0.3848633,-0.050600313,46.71341
G3533,28.746749576094658,77.64590471389785,0.39971253,-0.08667038,44.652344
G3534,28.75125789786681,77.64601842350217,0.439235,-0.12201687,45.899933
G3535,28.75576621621808,77.64613215918445,0.4163629,-0.104223505,45.674347
G3536,28.760274531148067,77.64624592094945,0.41302603,-0.07092392,42.040985
G3537,28.76478284265633,77.64635970880194,0.42332724,-0.11246029,45.243652
G3538,28.769291150742497,77.64647352274663,0.6316428,-0.2905425,40.205475
G3539,28.773799455406127,77.6465873627883,0.59870404,-0.2143772,45.780304
G3540,28.77830775664681,77.64670122893169,0.31943154,-0.051760834,46.672394
G3541,28.782816054464167,77.64681512118153,0.38964137,0.02614245,46.81253
G3542,28.787324348857755,77.64692903954261,0.6248443,-0.22657818,43.541473
G3543,28.791832639827188,77.64704298401968,0.49688894,-0.103577144,44.52246
G3544,28.79634092737204,77.64715695461746,0.4202395,-0.046709243,40.690857
G3545,28.800849211491908,77.64727095134076,0.46345797,-0.21566217,42.495575
G3546,28.805357492186367,77.64738497419431,0.4816874,-0.16780192,41.244568
G3547,28.809865769455023,77.64749902318287,0.4725529,-0.09269599,44.785645
G3548,28.81437404329748,77.64761309831123,0.478604,-0.13472633,43.114227
G3549,28.81888231371329,77.64772719958412,0.51885706,-0.1420262,42.6528
G3550,28.823390580702075,77.64784132700633,0.49919218,-0.12029205,44.481445
G3551,28.8278988442634,77.64795548058262,0.4096398,-0.027510038,45.472687
G3552,28.83240710439688,77.64806966031777,0.45720688,-0.12886898,43.05612
G3553,28.836915361102097,77.64818386621654,0.53406924,-0.1875548,45.270996
G3554,28.841423614378623,77.6482980982837,0.33260325,-0.049505614,45.26758
G3555,28.84593186422608,77.64841235652403,0.481202,-0.10735037,45.876007
G3556,28.85044011064404,77.64852664094232,0.5216926,-0.148194,42.957
G3557,28.854948353632093,77.64864095154331,0.32653508,-0.08346944,43.558563
G3558,28.859456593189822,77.64875528833183,0.4557064,-0.09177096,42.6528
G3559,28.863964829316835,77.64886965131262,0.5711355,-0.16703692,41.84958
G3560,28.868473062012715,77.64898404049048,0.5107938,-0.16191551,42.311005
G3561,28.87297964772804,77.64909653456569,0.5725432,-0.21423714,39.029694
G3562,28.876787740538287,77.64877715950463,0.6837196,-0.2757732,37.7377
G3563,28.730378748026588,77.6481213150612,0.6131369,-0.22329605,40.239655
G3564,28.734194125706868,77.65027692197539,0.25174722,-0.07584607,47.137238
G3565,28.73763266255367,77.65079248154804,0.37435713,-0.018774027,44.635254
G3566,28.74214097254197,77.65090635812714,0.4783815,-0.1592807,46.1597
G3567,28.746649279108667,77.65102026082492,0.25491783,0.042639725,49.05133
G3568,28.75115758225333,77.65113418964614,0.322667,-0.013123942,48.57965
G3569,28.75566588197555,77.65124814459551,0.655368,-0.3058576,43.36032
G3570,28.76017417827492,77.65136212567782,0.25262755,0.0004481524,45.899933
G3571,28.764682471151005,77.6514761328978,0.33674356,-0.047187194,45.53421
G3572,28.769190760603436,77.65159016626023,0.31567094,0.00173975,44.3071
G3573,28.77369904663177,77.65170422576985,0.32891846,0.0039274707,46.1221
G3574,28.7782073292356,77.65181831143143,0.48318505,-0.12958325,44.07126
G3575,28.78271560841453,77.65193242324973,0.21625291,-0.003462495,47.161163
G3576,28.78722388416815,77.65204656122951,0.5481969,-0.20787407,41.316376
G3577,28.791732156496032,77.65216072537554,0.2566177,0.039526273,45.93753
G3578,28.796240425397773,77.65227491569259,0.44337836,-0.12037638,41.589813
G3579,28.800748690872965,77.6523891321854,0.46226755,-0.12448321,42.26657
G3580,28.805256952921194,77.65250337485878,0.34680694,-0.01700194,43.168915
G3581,28.809765211542047,77.65261764371748,0.52547276,-0.19196802,39.511627
G3582,28.814273466735123,77.65273193876627,0.3788394,-0.21029007,41.88034
G3583,28.81878171850001,77.65284626000992,0.51055294,-0.1669098,42.341766
G3584,28.8232899668363,77.65296060745322,0.38007885,-0.01687047,43.95163
G3585,28.827798211743552,77.65307498110096,0.47419962,-0.09340954,42.833954
G3586,28.83230645322141,77.65318938095788,0.33492246,0.009005428,43.558563
G3587,28.836814691269417,77.65330380702879,0.55042785,-0.17850828,40.830994
G3588,28.84132292588718,77.65341825931846,0.3305072,0.00789365,47.667023
G3589,28.845831157074286,77.65353273783168,0.37346962,-0.027698273,44.973633
G3590,28.850339384830335,77.65364724257321,0.6237404,-0.22319327,42.61862
G3591,28.85484760915492,77.65376177354788,0.4646707,-0.090979785,43.896942
G3592,28.859355830047605,77.65387633076045,0.36104903,-0.069450326,42.87497
G3593,28.863864047508013,77.65399091421573,0.33263448,-0.06564413,44.990723
G3594,28.86787018753049,77.65374127950928,0.36663565,-0.08760766,43.032196
G3595,28.87299877651729,77.65251580431918,0.4063255,-0.09815882,43.305634
G3596,28.876238997891857,77.65189055237938,0.53888,-0.2309854,42.263153
G3597,28.73456882920073,77.65583399759994,0.48340937,-0.14382815,40.899353
G3598,28.7375322096212,77.65590756407794,0.46769664,-0.1320698,41.518036
G3599,28.74204050094929,77.65602165976885,0.33263618,-0.028009752,44.57715
G3600,28.746548788854188,77.65613578162859,0.5479888,-0.16451703,43.039032
G3601,28.751057073335502,77.65624992966194,0.5725693,-0.19477431,41.63083
G3602,28.75556535439281,77.65636410387366,0.4654214,-0.13682173,43.07663
G3603,28.76007363202569,77.6564783042685,0.48252127,-0.15308622,43.53122
G3604,28.764581906233744,77.65659253085123,0.3658006,-0.04840917,43.63376
G3605,28.769090177016565,77.65670678362662,0.25295836,0.063173026,47.410675
G3606,28.77359844437373,77.65682106259945,0.22700197,0.058983453,45.523956
G3607,28.77810670830483,77.65693536777447,0.3280612,0.023506213,46.419464
G3608,28.782614968809465,77.65704969915645,0.32416338,-0.032567434,45.841827
G3609,28.78712322588721,77.65716405675016,0.29482254,0.048387337,48.203644
G3610,28.791631479537656,77.65727844056039,0.5319749,-0.15730615,44.37207
G3611,28.796139729760405,77.65739285059192,0.48495382,-0.17906871,39.32364
G3612,28.80064797655504,77.6575072868495,0.4653441,-0.08836019,42.649384
G3613,28.805156219921127,77.65762174933793,0.485752,-0.119529426,42.362274
G3614,28.809664459858283,77.65773623806199,0.5713769,-0.1426938,42.071747
G3615,28.81417269636609,77.65785075302644,0.6128178,-0.27788264,41.34372
G3616,28.81868092944413,77.65796529423608,0.3226835,0.028176732,46.231476
G3617,28.823189159092017,77.6580798616957,0.47629997,-0.13753062,41.91452
G3618,28.827697385309293,77.65819445541007,0.4848319,-0.11503246,43.98581
G3619,28.8322056080956,77.658309075384,0.199676,0.073302254,48.808655
G3620,28.83671382745049,77.65842372162227,0.24589512,0.06151357,48.333527
G3621,28.84122204337357,77.65853839412966,0.29738498,0.014787387,45.083008
G3622,28.845730255864428,77.65865309291098,0.600035,-0.16448943,40.70111
G3623,28.85023846492265,77.65876781797101,0.5905039,-0.12900223,39.515045
G3624,28.85474667054781,77.65888256931456,0.5516899,-0.20219189,39.299713
G3625,28.85925487273953,77.6589973469464,0.50547373,-0.1317086,43.408173
G3626,28.86376307149738,77.65911215087135,0.5206417,-0.1566473,41.234314
G3627,28.867341354526545,77.65916955521124,0.4765831,-0.26623496,39.935455
G3628,28.730609645562645,77.66339620879302,0.59979624,-0.22252604,39.62442
G3629,28.733608160564813,77.66131503701708,0.27747548,-0.010611415,45.48636
G3630,28.7374315634956,77.66102262044377,0.5043803,-0.13409606,41.81198
G3631,28.741939836127607,77.6611369352417,0.27932107,0.023039002,45.9888
G3632,28.746448105334863,77.66125127625865,0.4901829,-0.13015969,41.453094
G3633,28.750956371116967,77.66136564349938,0.26929602,0.059068616,49.317932
G3634,28.755464633473487,77.66148003696867,0.52570456,-0.15032959,44.99756
G3635,28.75997289240404,77.6615944566713,0.58968943,-0.2336886,45.09326
G3636,28.76448114790817,77.661708902612,0.47073188,-0.13017991,44.76172
G3637,28.76898939998553,77.66182337479559,0.47772396,-0.275919,43.500458
G3638,28.773497648635644,77.66193787322685,0.47149575,-0.12948947,44.686523
G3639,28.77800589385813,77.66205239791053,0.27031437,-0.027588993,44.816406
G3640,28.782514135652598,77.66216694885142,0.2865257,0.06110031,47.195343
G3641,28.78702237401859,77.6622815260543,0.63603413,-0.28678417,40.167877
G3642,28.79153060895572,77.66239612952397,0.36204326,-0.09326099,42.222137
G3643,28.796038840463577,77.66251075926519,0.59144324,-0.24826059,39.95938
G3644,28.80054706854175,77.66262541528275,0.5289934,-0.20083049,42.492157
G3645,28.80505529318982,77.66274009758145,0.48710704,-0.12426525,42.60495
G3646,28.809563514407373,77.66285480616608,0.44424072,-0.052458234,43.876434
G3647,28.81407173219401,77.66296954104142,0.43354893,-0.06728887,42.762177
G3648,28.81857994654932,77.66308430221227,0.4564802,-0.09457294,42.967255
G3649,28.82308815747288,77.66319908968342,0.5016319,-0.17826821,45.53421
G3650,28.827596364964272,77.66331390345967,0.32983395,0.0077180103,47.728546
G3651,28.83210456902312,77.6634287435458,0.39747027,-0.031357173,45.12744
G3652,28.836612769648987,77.66354360994663,0.41556272,-0.052407816,46.34427
G3653,28.84112096684145,77.66365850266695,0.316497,-0.010777353,45.575226
G3654,28.84562916060013,77.66377342171157,0.4370083,-0.09129643,42.228973
G3655,28.8501373509246,77.66388836708528,0.5180201,-0.27126428,39.159576
G3656,28.85464553781444,77.66400333879291,0.5475524,-0.14095381,40.656677
G3657,28.85915372126925,77.66411833683922,0.45511287,-0.120184965,39.89102
G3658,28.863661901288616,77.66423336122908,0.587347,-0.22681338,41.22406
G3659,28.867880275315503,77.66455247989163,0.48483488,-0.13429564,41.162537
G3660,28.871449685331168,77.66631518678538,0.5908248,-0.29886657,38.763092
G3661,28.725709933718555,77.66819753240817,0.39114714,-0.038139172,41.316376
G3662,28.728959994424905,77.66679631894388,0.48675814,-0.15219519,40.352478
G3663,28.732822466854508,77.66602314295957,0.4546341,-0.107089594,43.524384
G3664,28.73733072418049,77.66613765059536,0.5845352,-0.23280495,41.436005
G3665,28.74183897808056,77.66625218449555,0.62324554,-0.26822037,42.73825
G3666,28.74634722855432,77.66636674466493,0.5376904,-0.21461295,44.043915
G3667,28.75085547560135,77.66648133110827,0.2865001,0.053004824,52.60266
G3668,28.75536371922124,77.66659594383036,0.456489,-0.15453422,44.047333
G3669,28.75987195941358,77.66671058283598,0.30985513,0.019607345,45.7222
G3670,28.764380196177942,77.6668252481299,0.4522964,-0.09507626,44.566895
G3671,28.768888429513947,77.66693993971691,0.57414347,-0.25655347,42.293915
G3672,28.77339665942115,77.66705465760181,0.31280705,0.015777312,42.84079
G3673,28.777904885899154,77.66716940178938,0.23766796,0.07588121,46.429718
G3674,28.782413108947544,77.6672841722844,0.52689767,-0.17994969,43.876434
G3675,28.786921328565928,77.66739896909166,0.33913326,-0.0057748393,43.305634
G3676,28.791429544753846,77.66751379221597,0.57433546,-0.22573814,41.84958
G3677,28.79593775751093,77.6676286416621,0.5319126,-0.16206262,41.941864
G3678,28.800445966836755,77.66774351743487,0.5131897,-0.13404547,43.74655
G3679,28.804954172730906,77.66785841953904,0.50336915,-0.15211277,41.44284
G3680,28.80946237519296,77.66797334797947,0.5950728,-0.22405122,42.222137
G3681,28.81397057422253,77.66808830276089,0.6176956,-0.18523505,40.91986
G3682,28.8184787698192,77.66820328388815,0.2787384,0.052926805,44.76172
G3683,28.82298696198255,77.66831829136603,0.50249714,-0.081971645,43.24411
G3684,28.82749515071215,77.66843332519935,0.4312865,-0.08997689,45.26416
G3685,28.83200333600762,77.66854838539288,0.35125688,0.02810908,46.884308
G3686,28.836511517868537,77.66866347195149,0.39556152,0.014930716,45.793976
G3687,28.84101969629448,77.66877858487995,0.53796333,-0.1902367,45.38382
G3688,28.845527871285057,77.66889372418305,0.43037766,-0.095308326,42.41696
G3689,28.850036042839854,77.66900888986565,0.4615611,-0.12007371,40.407166
G3690,28.854544210958437,77.66912408193254,0.3855177,-0.06601431,43.66794
G3691,28.85905237564041,77.66923930038854,0.5582361,-0.21145551,41.62741
G3692,28.86356053688536,77.66935454523846,0.660009,-0.29543942,39.029694
G3693,28.868068694692884,77.66946981648714,0.28337634,-0.010581952,42.827118
G3694,28.87247385716079,77.66968782612841,0.5715856,-0.22923702,40.058502
G3695,28.875391240633725,77.67099056155588,0.38236758,-0.01456492,43.955048
G3696,28.72475386609109,77.67086961962896,0.5575519,-0.17811072,40.21231
G3697,28.728213211132907,77.6710232274261,0.5874666,-0.19638161,39.80899
G3698,28.732721453119737,77.67113792779942,0.23204501,0.008098407,46.200714
G3699,28.7372296916795,77.67125265448253,0.590806,-0.20706737,41.859833
G3700,28.741737926811787,77.6713674074802,0.5860074,-0.22755086,42.464813
G3701,28.74624615851619,77.67148218679723,0.5333611,-0.18459566,43.941376
G3702,28.75075438679229,77.67159699243842,0.619573,-0.3302803,41.603485
G3703,28.755262611639697,77.67171182440853,0.62035257,-0.23615213,43.10739
G3704,28.75977083305796,77.67182668271235,0.2532326,0.057358228,46.51175
G3705,28.76427905104669,77.67194156735471,0.54004383,-0.2213566,42.87497
G3706,28.76878726560548,77.67205647834037,0.53643864,-0.1844817,41.839325
G3707,28.773295476733885,77.67217141567411,0.33947608,-0.03050258,43.466278
G3708,28.77780368443153,77.67228637936078,0.52852666,-0.14909616,42.765594
G3709,28.782311888697997,77.67240136940514,0.65276605,-0.29171926,40.711365
G3710,28.786820089532856,77.672516385812,0.49608207,-0.12202343,43.541473
G3711,28.791328286935705,77.67263142858614,0.63669205,-0.26742795,41.03607
G3712,28.79583648090612,77.6727464977324,0.47426483,-0.10895577,43.172333
G3713,28.800344671443717,77.67286159325556,0.5970922,-0.25468448,41.162537
G3714,28.80485285854804,77.67297671516043,0.3988153,-0.03729824,43.524384
G3715,28.809361042218715,77.67309186345182,0.45495725,-0.27460164,43.54831
G3716,28.813869222455324,77.67320703813455,0.42118266,-0.052522644,44.48828
G3717,28.81837739925745,77.6733222392134,0.59550804,-0.1734954,41.418915
G3718,28.822885572624664,77.67343746669322,0.33409274,0.011604131,48.272003
G3719,28.827393742556563,77.67355272057878,0.39153823,-0.03576269,45.571808
G3720,28.83190190905276,77.67366800087495,0.56937015,-0.18990512,41.316376
G3721,28.83641007211281,77.67378330758649,0.5628942,-0.15329786,42.881805
G3722,28.840918231736325,77.67389864071828,0.48605788,-0.110379755,43.305634
G3723,28.84542638792288,77.67401400027508,0.44419426,-0.12234446,43.07663
G3724,28.849934540672063,77.67412938626173,0.53469646,-0.20248273,42.430634
G3725,28.854442689983465,77.67424479868308,0.53336316,-0.159859,41.237732
G3726,28.85895083585668,77.67436023754392,0.542638,-0.19454958,41.784637
G3727,28.863458978291288,77.67447570284911,0.54396856,-0.15683296,40.106354
G3728,28.86796711728688,77.67459119460347,0.50178164,-0.14711426,41.217224
G3729,28.872475252843035,77.6747067128118,0.3005259,0.011326226,46.686066
G3730,28.875784995679588,77.6749373125235,0.41168386,-0.12339123,42.457977
G3731,28.725519954587828,77.67434737597429,0.32162488,0.004658055,44.313934
G3732,28.728263627369007,77.67607720247513,0.43142107,-0.07297411,39.935455
G3733,28.732620246238582,77.67625268632948,0.41914678,-0.07384506,41.25824
G3734,28.73712846599629,77.67636763205512,0.6282478,-0.23119101,40.63275
G3735,28.74163668232494,77.67648260414549,0.46081614,-0.09951153,43.46286
G3736,28.746144895224138,77.6765976026054,0.34063557,-0.03510094,44.03366
G3737,28.75065310469347,77.67671262743961,0.4304765,-0.09953822,40.824158
G3738,28.7551613107325,77.67682767865297,0.3539859,-0.013175699,45.13086
G3739,28.75966951334085,77.67694275625021,0.39345646,-0.087048806,45.968292
G3740,28.764177712518062,77.6770578602362,0.5866219,-0.28477132,44.771973
G3741,28.768685908263777,77.6771729906157,0.44385695,-0.11660486,44.683105
G3742,28.77319410057753,77.67728814739353,0.5059012,-0.16603127,44.173798
G3743,28.777702289458936,77.67740333057448,0.5733194,-0.17732099,44.96338
G3744,28.782210474907583,77.67751854016338,0.48071265,-0.11090193,43.09372
G3745,28.786718656923057,77.67763377616501,0.48440287,-0.15547699,41.295837
G3746,28.791226835504933,77.67774903858422,0.3604194,-0.010983783,45.71878
G3747,28.79573501065282,77.6778643274258,0.63524514,-0.30334082,43.288544
G3748,28.80024318236628,77.67797964269455,0.29559764,0.00977355,47.226105
G3749,28.8047513506449,77.6780949843953,0.21740255,0.07380803,45.626495
G3750,28.80925951548828,77.67821035253286,0.40801147,-0.06767102,43.53122
G3751,28.813767676896028,77.67832574711205,0.52367383,-0.2063499,41.856415
G3752,28.818275834867705,77.67844116813771,0.29436222,-0.14426397,47.041534
G3753,28.822783989402893,77.67855661561464,0.46499813,-0.08009403,43.356903
G3754,28.827292140501186,77.67867208954766,0.4312804,-0.08528505,44.65918
G3755,28.831800288162192,77.6787875899416,0.49716184,-0.14550664,44.21823
G3756,28.836308432385483,77.6789031168013,0.30244055,0.038187604,44.18405
G3757,28.840816573170628,77.67901867013155,0.30049595,-0.037049424,43.298798
G3758,28.845324710517247,77.67913424993722,0.49398774,-0.12738054,46.737335
G3759,28.84983284442491,77.67924985622312,0.6534118,-0.20947413,40.041412
G3760,28.854340974893205,77.67936548899411,0.35790482,-0.12234538,42.413544
G3761,28.858849101921724,77.679481148255,0.5804685,-0.17022829,42.075165
G3762,28.863357225510065,77.67959683401061,0.42545414,-0.11341257,42.765594
G3763,28.867865345657787,77.67971254626579,0.5023723,-0.12877531,42.946747
G3764,28.872368060147004,77.67982232852194,0.3857916,-0.0625989,43.538055
G3765,28.875802817005397,77.67926859986096,0.32353866,-0.10039582,38.236725
G3766,28.72513215651265,77.68205586915921,0.35274988,-0.009666643,43.56198
G3767,28.728085101616,77.6811860436386,0.6356057,-0.24551432,40.540466
G3768,28.732530696574702,77.68072767314865,0.5704486,-0.19570847,41.972626
G3769,28.73697950002753,77.68079290324341,0.6357851,-0.23722291,43.551727
G3770,28.74156968661185,77.68155876766473,0.57343096,-0.16810009,40.728455
G3771,28.746043438681824,77.68171299203924,0.50277287,-0.11766579,44.956543
G3772,28.750551629308507,77.68182823606172,0.4316581,-0.11233162,42.577606
G3773,28.754995080306472,77.68157915249172,0.36332864,-0.024621608,46.82962
G3774,28.75937889780193,77.68100596687727,0.5092656,-0.12646142,44.481445
G3775,28.76480941868584,77.68051932305613,0.4794987,-0.16724655,46.85013
G3776,28.768689306607087,77.68202004299361,0.29716456,0.013082437,44.57373
G3777,28.773257936942564,77.68186855451209,0.5670602,-0.1831471,42.90915
G3778,28.777618896926075,77.68249795794982,0.5007501,-0.1958629,40.960876
G3779,28.782108867579986,77.68263568450887,0.45739466,-0.08155424,45.70511
G3780,28.786617030740185,77.68275114010048,0.50219816,-0.16047409,43.811493
G3781,28.791125190465213,77.68286662215993,0.5939005,-0.20507109,41.20697
G3782,28.795633346754656,77.682982130692,0.3389665,0.012203055,45.811066
G3783,28.800141499608102,77.68309766570152,0.2395028,0.060718395,43.168915
G3784,28.80464964902514,77.68321322719333,0.47717133,-0.1533385,41.921356
G3785,28.80915779500535,77.68332881517226,0.3992739,-0.06904668,45.97513
G3786,28.813665937548333,77.68344442964312,0.55363965,-0.11364794,41.080505
G3787,28.81817407665366,77.68356007061074,0.25352752,0.06069679,45.790558
G3788,28.822682212320927,77.68367573807996,0.33062685,0.009125821,46.877472
G3789,28.827190344549702,77.6837914320556,0.45506212,-0.06140279,44.77881
G3790,28.831698473339603,77.6839071525425,0.23508003,0.06257385,46.586945
G3791,28.8362065986902,77.68402289954551,0.29950505,0.031727597,44.317352
G3792,28.840714720601085,77.68413867306944,0.3096689,0.026324557,44.11911
G3793,28.845222839071845,77.68425447311915,0.49174353,-0.10663858,41.96237
G3794,28.849730954102068,77.68437029969947,0.30906785,0.019652972,44.789062
G3795,28.854239065691328,77.68448615281524,0.2981786,0.032666575,44.98047
G3796,28.858747173839237,77.6846020324713,0.61913997,-0.18880053,40.33197
G3797,28.86325730578772,77.68470987875061,0.6006625,-0.18487255,41.1557
G3798,28.867732980345917,77.6847660125431,0.62137073,-0.18920985,39.788483
G3799,28.871955585831003,77.68445625584394,0.54591584,-0.1290677,40.97455
G3800,28.728706949221166,77.68383709923711,0.4041012,-0.08713159,43.46286
G3801,28.742733455292253,77.6854386553768,0.47618902,-0.103047825,42.5195
G3802,28.74594545906668,77.68682226030579,0.5001124,-0.1440017,41.008728
G3803,28.749874970165795,77.68631893755527,0.38968983,-0.05276004,42.97409
G3804,28.752818205619366,77.68458170635773,0.34357578,-0.016333431,46.836456
G3805,28.7750050687786,77.68952992703484,0.5997249,-0.26945361,40.94037
G3806,28.77766424327969,77.68777030863525,0.5021202,-0.17322962,43.16208
G3807,28.782007066718855,77.68775280239137,0.50426745,-0.15753683,43.555145
G3808,28.78651521098792,77.68786847756814,0.3577728,-0.014774448,45.612823
G3809,28.791023351820208,77.68798417926298,0.32713625,0.012047835,43.695282
G3810,28.795531489215342,77.68809990748075,0.64850736,-0.29455218,41.894012
G3811,28.800039623172896,77.68821566222623,0.28724018,-0.00764003,45.318848
G3812,28.80454775369244,77.68833144350427,0.55973923,-0.19923814,43.811493
G3813,28.80905588077357,77.68844725131973,0.5223,-0.2910248,43.708954
G3814,28.81356400441589,77.68856308567742,0.5951136,-0.20582141,44.515625
G3815,28.818072124618983,77.68867894658217,0.26545343,0.04632029,46.826202
G3816,28.82258024138241,77.68879483403886,0.61939305,-0.1992339,43.760223
G3817,28.82708835470577,77.68891074805228,0.5266987,-0.15450907,43.975555
G3818,28.831596464588667,77.68902668862732,0.3858526,-0.03391923,44.696777
G3819,28.83610457103067,77.68914265576879,0.2624574,0.022118095,46.50833
G3820,28.84061267403137,77.68925864948156,0.5724364,-0.19362287,41.859833
G3821,28.84512077359036,77.68937466977046,0.61948586,-0.1907414,41.032654
G3822,28.849628869707217,77.68949071664035,0.63238263,-0.20115839,40.21231
G3823,28.85413696238152,77.68960679009606,0.37801766,-0.013360584,41.114685
G3824,28.85823774681803,77.68930484419988,0.27699062,0.05495576,44.17038
G3825,28.86226794005873,77.68750840040595,0.5108069,-0.14298724,40.362732
G3826,28.865734910253547,77.68737382372576,0.5811004,-0.22184661,38.257233
G3827,28.743494013030134,77.69000105817318,0.3953317,-0.08114505,42.615204
G3828,28.74520968415808,77.68979614406733,0.4690272,-0.11156063,41.213806
G3829,28.748328454084263,77.68962355439655,0.3273321,0.002221231,45.209473
G3830,28.775002528106448,77.69035103528316,0.4613042,-0.12158259,40.595154
G3831,28.77806210235229,77.69214510651963,0.5507302,-0.20659944,39.802155
G3832,28.78190507232788,77.69286989376062,0.5217757,-0.13192207,42.475067
G3833,28.78641319766992,77.69298578851773,0.34295467,-0.04168709,44.700195
G3834,28.7909213195736,77.69310170984316,0.6327735,-0.27229938,42.027313
G3835,28.795429438038543,77.69321765774176,0.3386473,-0.05855389,43.23044
G3836,28.799937553064296,77.69333363221837,0.24004215,0.0076594525,45.18213
G3837,28.80444566465048,77.69344963327781,0.5244728,-0.19182026,44.399414
G3838,28.80895377279665,77.69356566092495,0.50024426,-0.1688318,42.2153
G3839,28.81346187750241,77.69368171516463,0.42890078,-0.076551996,43.862762
G3840,28.81796997876736,77.6937977960017,0.52725697,-0.13454172,42.714325
G3841,28.82172584711918,77.6930413574286,0.4660532,-0.09694669,44.344696
G3842,28.827391302382487,77.6927363352249,0.5719693,-0.14701447,43.695282
G3843,28.831660361819434,77.69388315847748,0.55070084,-0.14500216,45.46585
G3844,28.83600234941057,77.69426238542079,0.42454627,-0.03778913,45.97513
G3845,28.8402936945013,77.69400700354984,0.40478247,-0.038285214,45.476105
G3846,28.845104979995863,77.69440688195677,0.45189735,-0.08187352,43.832
G3847,28.849526591244054,77.6946111069954,0.60293293,-0.24421978,40.30121
G3848,28.85402225932692,77.69471281479305,0.6580315,-0.21442437,39.18692
G3849,28.85696462622948,77.69383325529289,0.23659424,0.012401304,43.71579
G3850,28.77946135426252,77.69543730481892,0.5013878,-0.18292174,41.30609
G3851,28.782572313223387,77.69675016550238,0.4905714,-0.20851201,42.393036
G3852,28.786352254889863,77.69805845281105,0.37481982,-0.061054897,43.00827
G3853,28.79081909372908,77.69821921385018,0.6383216,-0.29254273,41.48044
G3854,28.79532719322793,77.69833538142477,0.58981705,-0.29661876,39.47403
G3855,28.799835289286023,77.69845157562764,0.5812711,-0.26478806,40.325134
G3856,28.80434338190294,77.69856779646366,0.60454524,-0.24565665,40.133698
G3857,28.808851471078253,77.69868404393765,0.5462604,-0.21794802,44.395996
G3858,28.813359556811573,77.69880031805447,0.491349,-0.13508864,42.32126
G3859,28.8172905631897,77.69840971271647,0.306262,0.030136181,45.48636
G3860,28.820268621965788,77.69655901791575,0.52186596,-0.14133887,43.131317
G3861,28.83318225901531,77.69707436472947,0.40171072,-0.041696567,46.098175
G3862,28.83590470280463,77.6973578169404,0.50673693,-0.09787019,43.572235
G3863,28.8385195510982,77.69706480306867,0.64016175,-0.23516753,40.646423
G3864,28.846141607522885,77.69778898757944,0.3270345,-0.0036998491,45.554718
G3865,28.849491546278177,77.6984370325213,0.5393095,-0.22530149,40.12686
G3866,28.853207033562818,77.69837605470704,0.39865947,-0.16627254,40.287506
G3867,28.787305234054323,77.70285398335902,0.36781037,-0.039673846,44.409668
G3868,28.79071667429033,77.70333669123376,0.36903438,-0.19473279,41.39499
G3869,28.795263879972104,77.70334228508575,0.31424433,0.029059894,45.83499
G3870,28.799732831841755,77.70356949240382,0.42762387,-0.12785862,43.29196
G3871,28.80424090545352,77.70368593301153,0.3142745,0.029740335,46.7305
G3872,28.80874897562209,77.70380240030751,0.56391233,-0.21938477,40.690857
G3873,28.813071561055217,77.7036395542307,0.3903077,-0.037092954,44.460938
G3874,28.81598741677552,77.70246392940922,0.454633,-0.13779642,43.534637
G3875,28.78799883312434,77.70621005357512,0.56382394,-0.21945494,41.57956
G3876,28.79014868923561,77.70660498991158,0.51256096,-0.17191753,46.88089
G3877,28.79662354748463,77.70652523987857,0.6371198,-0.29186708,39.265533
G3878,28.799555018695266,77.70711868532034,0.5091258,-0.1578058,42.30075
G3879,28.80414342303957,77.7067387769047,0.5924907,-0.23918,43.353485
G3880,28.80872360846076,77.70698033410764,0.5750045,-0.27835497,39.231354
G3881,28.81197495362601,77.70765418345455,0.5116016,-0.17952211,41.504364
